{"type":"FeatureCollection","features":[{"type":"Feature","geometry":{"type":"Point","coordinates":[-80.42627148212618,37.221412444230204]},"properties":{"id":"N0"}},{"type":"Feature","geometry":{"type":"Point","coordinates":[-80.4263032469118,37.22166832093726]},"properties":{"id":"N1"}},{"type":"Feature","geometry":{"type":"Point","coordinates":[-80.42160716512613,37.22655217555012]},"properties":{"id":"N2"}},{"type":"Feature","geometry":{"type":"Point","coordinates":[-80.42327770976367,37.2259021384987]},"properties":{"id":"N3"}},{"type":"Feature","geometry":{"type":"Point","coordinates":[-80.42350094165931,37.2295574200058]},"properties":{"id":"N4"}},{"type":"Feature","geometry":{"type":"Point","coordinates":[-80.42292222903555,37.22933980503735]},"properties":{"id":"N5"}},{"type":"Feature","geometry":{"type":"Point","coordinates":[-80.4385196031827,37.22448472850153]},"properties":{"id":"N6"}},{"type":"Feature","geometry":{"type":"Point","coordinates":[-80.43778681053088,37.224477363551436]},"properties":{"id":"N7"}},{"type":"Feature","geometry":{"type":"Point","coordinates":[-80.43763829101452,37.22460971646728]},"properties":{"id":"N8"}},{"type":"Feature","geometry":{"type":"Point","coordinates":[-80.43751129930807,37.2247829549949]},"properties":{"id":"N9"}},{"type":"Feature","geometry":{"type":"Point","coordinates":[-80.43756470784379,37.22492078239641]},"properties":{"id":"N10"}},{"type":"Feature","geometry":{"type":"Point","coordinates":[-80.417590611779,37.230390704942806]},"properties":{"id":"N11"}},{"type":"Feature","geometry":{"type":"Point","coordinates":[-80.41730761969411,37.22994388836739]},"properties":{"id":"N12"}},{"type":"Feature","geometry":{"type":"Point","coordinates":[-80.41877188761526,37.21509075927943]},"properties":{"id":"N13"}},{"type":"Feature","geometry":{"type":"Point","coordinates":[-80.41858145936773,37.21513194596079]},"properties":{"id":"N14"}},{"type":"Feature","geometry":{"type":"Point","coordinates":[-80.42611758734654,37.22102449117087]},"properties":{"id":"N15"}},{"type":"Feature","geometry":{"type":"Point","coordinates":[-80.42623541096285,37.221230268085485]},"properties":{"id":"N16"}},{"type":"Feature","geometry":{"type":"Point","coordinates":[-80.4197985641732,37.23209858738732]},"properties":{"id":"N17"}},{"type":"Feature","geometry":{"type":"Point","coordinates":[-80.4191801179998,37.23152306100001]},"properties":{"id":"N18"}},{"type":"Feature","geometry":{"type":"Point","coordinates":[-80.41851065302586,37.21593186077708]},"properties":{"id":"N19"}},{"type":"Feature","geometry":{"type":"Point","coordinates":[-80.41829132903008,37.2160073706067]},"properties":{"id":"N20"}},{"type":"Feature","geometry":{"type":"Point","coordinates":[-80.4224350875711,37.23062764061717]},"properties":{"id":"N21"}},{"type":"Feature","geometry":{"type":"Point","coordinates":[-80.4224692346157,37.23044939335994]},"properties":{"id":"N22"}},{"type":"Feature","geometry":{"type":"Point","coordinates":[-80.42436242085002,37.22826925195737]},"properties":{"id":"N23"}},{"type":"Feature","geometry":{"type":"Point","coordinates":[-80.42424630284842,37.228172341002974]},"properties":{"id":"N24"}},{"type":"Feature","geometry":{"type":"Point","coordinates":[-80.4242142060877,37.2281455544874]},"properties":{"id":"N25"}},{"type":"Feature","geometry":{"type":"Point","coordinates":[-80.43948292608042,37.22498345184996]},"properties":{"id":"N26"}},{"type":"Feature","geometry":{"type":"Point","coordinates":[-80.43916076504833,37.22558344058483]},"properties":{"id":"N27"}},{"type":"Feature","geometry":{"type":"Point","coordinates":[-80.42112707112658,37.2310699503388]},"properties":{"id":"N28"}},{"type":"Feature","geometry":{"type":"Point","coordinates":[-80.42102172197113,37.230967373090486]},"properties":{"id":"N29"}},{"type":"Feature","geometry":{"type":"Point","coordinates":[-80.42109808518231,37.23075315234027]},"properties":{"id":"N30"}},{"type":"Feature","geometry":{"type":"Point","coordinates":[-80.42516341798971,37.228356584863675]},"properties":{"id":"N31"}},{"type":"Feature","geometry":{"type":"Point","coordinates":[-80.42511805812762,37.22830974056402]},"properties":{"id":"N32"}},{"type":"Feature","geometry":{"type":"Point","coordinates":[-80.42072897136958,37.23146589163434]},"properties":{"id":"N33"}},{"type":"Feature","geometry":{"type":"Point","coordinates":[-80.41883230029329,37.23174503417022]},"properties":{"id":"N34","building":"Intelligent Lockers - Center For The Arts"}},{"type":"Feature","geometry":{"type":"Point","coordinates":[-80.41900057814163,37.23163764118116]},"properties":{"id":"N35"}},{"type":"Feature","geometry":{"type":"Point","coordinates":[-80.4177021116063,37.22908239793148]},"properties":{"id":"N36"}},{"type":"Feature","geometry":{"type":"Point","coordinates":[-80.41855626890475,37.22864323302686]},"properties":{"id":"N37"}},{"type":"Feature","geometry":{"type":"Point","coordinates":[-80.41862255506663,37.228571760242595]},"properties":{"id":"N38"}},{"type":"Feature","geometry":{"type":"Point","coordinates":[-80.41989757037287,37.227898223929756]},"properties":{"id":"N39"}},{"type":"Feature","geometry":{"type":"Point","coordinates":[-80.42061898073979,37.22727709795943]},"properties":{"id":"N40"}},{"type":"Feature","geometry":{"type":"Point","coordinates":[-80.41908669145465,37.22826110664801]},"properties":{"id":"N41"}},{"type":"Feature","geometry":{"type":"Point","coordinates":[-80.41924171567798,37.22810137853967]},"properties":{"id":"N42"}},{"type":"Feature","geometry":{"type":"Point","coordinates":[-80.41873446452045,37.227807815737755]},"properties":{"id":"N43"}},{"type":"Feature","geometry":{"type":"Point","coordinates":[-80.41661846747182,37.22825569193041]},"properties":{"id":"N44"}},{"type":"Feature","geometry":{"type":"Point","coordinates":[-80.41685224797234,37.22850949614666]},"properties":{"id":"N45"}},{"type":"Feature","geometry":{"type":"Point","coordinates":[-80.41668686122242,37.22815526215145]},"properties":{"id":"N46"}},{"type":"Feature","geometry":{"type":"Point","coordinates":[-80.4170474542877,37.22821902230816]},"properties":{"id":"N47"}},{"type":"Feature","geometry":{"type":"Point","coordinates":[-80.4173113708699,37.22843746568248]},"properties":{"id":"N48"}},{"type":"Feature","geometry":{"type":"Point","coordinates":[-80.41738314643884,37.22887487901169]},"properties":{"id":"N49"}},{"type":"Feature","geometry":{"type":"Point","coordinates":[-80.4175066797959,37.22788881493687]},"properties":{"id":"N50"}},{"type":"Feature","geometry":{"type":"Point","coordinates":[-80.41761191218613,37.22783090792451]},"properties":{"id":"N51"}},{"type":"Feature","geometry":{"type":"Point","coordinates":[-80.41785437769266,37.228094678774724]},"properties":{"id":"N52"}},{"type":"Feature","geometry":{"type":"Point","coordinates":[-80.41843696108076,37.22762571662222]},"properties":{"id":"N53"}},{"type":"Feature","geometry":{"type":"Point","coordinates":[-80.41878874471296,37.22740855477014]},"properties":{"id":"N54"}},{"type":"Feature","geometry":{"type":"Point","coordinates":[-80.42287681705291,37.22937162456725]},"properties":{"id":"N55"}},{"type":"Feature","geometry":{"type":"Point","coordinates":[-80.42255263447724,37.22958572002394]},"properties":{"id":"N56"}},{"type":"Feature","geometry":{"type":"Point","coordinates":[-80.42253983471461,37.229590233909526]},"properties":{"id":"N57"}},{"type":"Feature","geometry":{"type":"Point","coordinates":[-80.42249755078552,37.229590922564846]},"properties":{"id":"N58"}},{"type":"Feature","geometry":{"type":"Point","coordinates":[-80.42188375870094,37.229973799816634]},"properties":{"id":"N59"}},{"type":"Feature","geometry":{"type":"Point","coordinates":[-80.41844144270803,37.229703528647875]},"properties":{"id":"N60"}},{"type":"Feature","geometry":{"type":"Point","coordinates":[-80.41854200925259,37.22980808305505]},"properties":{"id":"N61"}},{"type":"Feature","geometry":{"type":"Point","coordinates":[-80.42374569556463,37.2250351050016]},"properties":{"id":"N62"}},{"type":"Feature","geometry":{"type":"Point","coordinates":[-80.42371816066233,37.22498625994955]},"properties":{"id":"N63","building":"Seitz Hall"}},{"type":"Feature","geometry":{"type":"Point","coordinates":[-80.4254703555107,37.2281221626976]},"properties":{"id":"N64","building":"Robeson Hall"}},{"type":"Feature","geometry":{"type":"Point","coordinates":[-80.42556164996226,37.22803712646057]},"properties":{"id":"N65","building":"Hahn Hall - South Wing"}},{"type":"Feature","geometry":{"type":"Point","coordinates":[-80.42239973937123,37.22943326635101]},"properties":{"id":"N66"}},{"type":"Feature","geometry":{"type":"Point","coordinates":[-80.42226774908342,37.229281713130746]},"properties":{"id":"N67","building":"Patton Hall"}},{"type":"Feature","geometry":{"type":"Point","coordinates":[-80.42410143004886,37.22492862545618]},"properties":{"id":"N68","building":"Saunders Hall"}},{"type":"Feature","geometry":{"type":"Point","coordinates":[-80.42406277064264,37.22484763013267]},"properties":{"id":"N69","building":"Agnew Hall"}},{"type":"Feature","geometry":{"type":"Point","coordinates":[-80.42442466983918,37.228909250227126]},"properties":{"id":"N70"}},{"type":"Feature","geometry":{"type":"Point","coordinates":[-80.4244723907503,37.228864271585046]},"properties":{"id":"N71"}},{"type":"Feature","geometry":{"type":"Point","coordinates":[-80.42465014783804,37.23067516279087]},"properties":{"id":"N72"}},{"type":"Feature","geometry":{"type":"Point","coordinates":[-80.42429831861733,37.230987927273375]},"properties":{"id":"N73"}},{"type":"Feature","geometry":{"type":"Point","coordinates":[-80.42113462227569,37.23120661751657]},"properties":{"id":"N74","building":"Upper Quad Hall North"}},{"type":"Feature","geometry":{"type":"Point","coordinates":[-80.42161583736424,37.23122926367063]},"properties":{"id":"N75"}},{"type":"Feature","geometry":{"type":"Point","coordinates":[-80.41678030410849,37.22983668435865]},"properties":{"id":"N76"}},{"type":"Feature","geometry":{"type":"Point","coordinates":[-80.41698369535843,37.22970958534585]},"properties":{"id":"N77"}},{"type":"Feature","geometry":{"type":"Point","coordinates":[-80.41729496604815,37.22996126778124]},"properties":{"id":"N78"}},{"type":"Feature","geometry":{"type":"Point","coordinates":[-80.42305694689907,37.22935796495116]},"properties":{"id":"N79"}},{"type":"Feature","geometry":{"type":"Point","coordinates":[-80.41912465547944,37.22944975341824]},"properties":{"id":"N80"}},{"type":"Feature","geometry":{"type":"Point","coordinates":[-80.42362055884439,37.22947064040838]},"properties":{"id":"N81"}},{"type":"Feature","geometry":{"type":"Point","coordinates":[-80.4236745166085,37.22943254449984]},"properties":{"id":"N82"}},{"type":"Feature","geometry":{"type":"Point","coordinates":[-80.42413958815122,37.22870129060096]},"properties":{"id":"N83"}},{"type":"Feature","geometry":{"type":"Point","coordinates":[-80.42440588654802,37.22892367321781]},"properties":{"id":"N84"}},{"type":"Feature","geometry":{"type":"Point","coordinates":[-80.4239964931145,37.22325463099961]},"properties":{"id":"N85"}},{"type":"Feature","geometry":{"type":"Point","coordinates":[-80.42426452258765,37.22353799604248]},"properties":{"id":"N86"}},{"type":"Feature","geometry":{"type":"Point","coordinates":[-80.42198694647219,37.22915985739904]},"properties":{"id":"N87"}},{"type":"Feature","geometry":{"type":"Point","coordinates":[-80.42213977677221,37.229163722040724]},"properties":{"id":"N88"}},{"type":"Feature","geometry":{"type":"Point","coordinates":[-80.421103353255,37.22994829952016]},"properties":{"id":"N89"}},{"type":"Feature","geometry":{"type":"Point","coordinates":[-80.42156206442228,37.22938520722947]},"properties":{"id":"N90"}},{"type":"Feature","geometry":{"type":"Point","coordinates":[-80.42452526139817,37.22582308165754]},"properties":{"id":"N91"}},{"type":"Feature","geometry":{"type":"Point","coordinates":[-80.42511385579199,37.226559371938876]},"properties":{"id":"N92"}},{"type":"Feature","geometry":{"type":"Point","coordinates":[-80.42133787178399,37.223037304906626]},"properties":{"id":"N93"}},{"type":"Feature","geometry":{"type":"Point","coordinates":[-80.42154333490966,37.22299774312232]},"properties":{"id":"N94"}},{"type":"Feature","geometry":{"type":"Point","coordinates":[-80.42007478732572,37.222624087064375]},"properties":{"id":"N95"}},{"type":"Feature","geometry":{"type":"Point","coordinates":[-80.41951992082814,37.22303585757108]},"properties":{"id":"N96"}},{"type":"Feature","geometry":{"type":"Point","coordinates":[-80.41879045183647,37.22371864273445]},"properties":{"id":"N97"}},{"type":"Feature","geometry":{"type":"Point","coordinates":[-80.41583140025132,37.22577635445518]},"properties":{"id":"N98"}},{"type":"Feature","geometry":{"type":"Point","coordinates":[-80.42591916007326,37.22711977525657]},"properties":{"id":"N99"}},{"type":"Feature","geometry":{"type":"Point","coordinates":[-80.42575896444714,37.22690876339911]},"properties":{"id":"N100"}},{"type":"Feature","geometry":{"type":"Point","coordinates":[-80.42565959898602,37.226814512382575]},"properties":{"id":"N101"}},{"type":"Feature","geometry":{"type":"Point","coordinates":[-80.42549516428808,37.22688077393777]},"properties":{"id":"N102"}},{"type":"Feature","geometry":{"type":"Point","coordinates":[-80.42574206590984,37.22708794447144]},"properties":{"id":"N103"}},{"type":"Feature","geometry":{"type":"Point","coordinates":[-80.4192654196924,37.226963532726955]},"properties":{"id":"N104"}},{"type":"Feature","geometry":{"type":"Point","coordinates":[-80.41948610450879,37.22675603492682]},"properties":{"id":"N105"}},{"type":"Feature","geometry":{"type":"Point","coordinates":[-80.41746749759731,37.227395658849126]},"properties":{"id":"N106"}},{"type":"Feature","geometry":{"type":"Point","coordinates":[-80.41783589088136,37.22675656687182]},"properties":{"id":"N107","building":"Intelligent Lockers - Newman Hall"}},{"type":"Feature","geometry":{"type":"Point","coordinates":[-80.42444446176219,37.22355821366934]},"properties":{"id":"N108"}},{"type":"Feature","geometry":{"type":"Point","coordinates":[-80.42472512103758,37.22380279690583]},"properties":{"id":"N109","building":"Hillcrest Hall"}},{"type":"Feature","geometry":{"type":"Point","coordinates":[-80.41662222840934,37.22864952360819]},"properties":{"id":"N110"}},{"type":"Feature","geometry":{"type":"Point","coordinates":[-80.41625005233871,37.228874946488865]},"properties":{"id":"N111"}},{"type":"Feature","geometry":{"type":"Point","coordinates":[-80.41638964098996,37.22839128961387]},"properties":{"id":"N112","building":"Architecture Annex"}},{"type":"Feature","geometry":{"type":"Point","coordinates":[-80.41600767151179,37.22861705009484]},"properties":{"id":"N113"}},{"type":"Feature","geometry":{"type":"Point","coordinates":[-80.42203598496499,37.2237031368839]},"properties":{"id":"N114"}},{"type":"Feature","geometry":{"type":"Point","coordinates":[-80.42226480448511,37.223798255112435]},"properties":{"id":"N115"}},{"type":"Feature","geometry":{"type":"Point","coordinates":[-80.4223534058204,37.223599837934046]},"properties":{"id":"N116"}},{"type":"Feature","geometry":{"type":"Point","coordinates":[-80.42430875633904,37.22746830699856]},"properties":{"id":"N117"}},{"type":"Feature","geometry":{"type":"Point","coordinates":[-80.4249758806608,37.227816829229894]},"properties":{"id":"N118"}},{"type":"Feature","geometry":{"type":"Point","coordinates":[-80.42318751757374,37.22188353214877]},"properties":{"id":"N119"}},{"type":"Feature","geometry":{"type":"Point","coordinates":[-80.42346731598434,37.22249151391091]},"properties":{"id":"N120"}},{"type":"Feature","geometry":{"type":"Point","coordinates":[-80.416941829276,37.2268324118641]},"properties":{"id":"N121"}},{"type":"Feature","geometry":{"type":"Point","coordinates":[-80.42328801558392,37.225823660917754]},"properties":{"id":"N122","building":"Hutcheson Hall"}},{"type":"Feature","geometry":{"type":"Point","coordinates":[-80.4234735040855,37.22586493375246]},"properties":{"id":"N123"}},{"type":"Feature","geometry":{"type":"Point","coordinates":[-80.42538920729298,37.22330016794024]},"properties":{"id":"N124"}},{"type":"Feature","geometry":{"type":"Point","coordinates":[-80.42531488945397,37.22310298812308]},"properties":{"id":"N125"}},{"type":"Feature","geometry":{"type":"Point","coordinates":[-80.42383041034978,37.229658672507576]},"properties":{"id":"N126"}},{"type":"Feature","geometry":{"type":"Point","coordinates":[-80.42303761858953,37.22097162556368]},"properties":{"id":"N127"}},{"type":"Feature","geometry":{"type":"Point","coordinates":[-80.42494049220988,37.2206289301755]},"properties":{"id":"N128"}},{"type":"Feature","geometry":{"type":"Point","coordinates":[-80.41830394761871,37.22995449123486]},"properties":{"id":"N129"}},{"type":"Feature","geometry":{"type":"Point","coordinates":[-80.41804317177325,37.22991819815663]},"properties":{"id":"N130"}},{"type":"Feature","geometry":{"type":"Point","coordinates":[-80.43814001037168,37.22636427938963]},"properties":{"id":"N131"}},{"type":"Feature","geometry":{"type":"Point","coordinates":[-80.43819730020637,37.22623719852499]},"properties":{"id":"N132"}},{"type":"Feature","geometry":{"type":"Point","coordinates":[-80.43746191530359,37.22582591636582]},"properties":{"id":"N133"}},{"type":"Feature","geometry":{"type":"Point","coordinates":[-80.43760856406853,37.225775350862016]},"properties":{"id":"N134"}},{"type":"Feature","geometry":{"type":"Point","coordinates":[-80.42321036596184,37.22911928833905]},"properties":{"id":"N135"}},{"type":"Feature","geometry":{"type":"Point","coordinates":[-80.42385917724691,37.22863667239916]},"properties":{"id":"N136"}},{"type":"Feature","geometry":{"type":"Point","coordinates":[-80.43689785270111,37.22463279790905]},"properties":{"id":"N137"}},{"type":"Feature","geometry":{"type":"Point","coordinates":[-80.43708988789511,37.22443828223843]},"properties":{"id":"N138"}},{"type":"Feature","geometry":{"type":"Point","coordinates":[-80.42377901151406,37.2259977519722]},"properties":{"id":"N139"}},{"type":"Feature","geometry":{"type":"Point","coordinates":[-80.42367708595117,37.22569658964497]},"properties":{"id":"N140"}},{"type":"Feature","geometry":{"type":"Point","coordinates":[-80.42598816984575,37.22695734413128]},"properties":{"id":"N141"}},{"type":"Feature","geometry":{"type":"Point","coordinates":[-80.42614839193176,37.2267281348277]},"properties":{"id":"N142","building":"Wright House"}},{"type":"Feature","geometry":{"type":"Point","coordinates":[-80.4170685897546,37.23070931601176]},"properties":{"id":"N143"}},{"type":"Feature","geometry":{"type":"Point","coordinates":[-80.42508387815427,37.22047264713707]},"properties":{"id":"N144"}},{"type":"Feature","geometry":{"type":"Point","coordinates":[-80.42629748443345,37.220262856324254]},"properties":{"id":"N145"}},{"type":"Feature","geometry":{"type":"Point","coordinates":[-80.41852325845538,37.21934458244536]},"properties":{"id":"N146","building":"Lane Stadium (west stands)"}},{"type":"Feature","geometry":{"type":"Point","coordinates":[-80.41936321239717,37.21933162013611]},"properties":{"id":"N147"}},{"type":"Feature","geometry":{"type":"Point","coordinates":[-80.42471215604274,37.23026490151237]},"properties":{"id":"N148"}},{"type":"Feature","geometry":{"type":"Point","coordinates":[-80.42447445492718,37.23005774552742]},"properties":{"id":"N149"}},{"type":"Feature","geometry":{"type":"Point","coordinates":[-80.42079715397135,37.22729329783916]},"properties":{"id":"N150"}},{"type":"Feature","geometry":{"type":"Point","coordinates":[-80.42101893911186,37.227471967347654]},"properties":{"id":"N151"}},{"type":"Feature","geometry":{"type":"Point","coordinates":[-80.42220401751344,37.22841788879096]},"properties":{"id":"N152"}},{"type":"Feature","geometry":{"type":"Point","coordinates":[-80.41948426786374,37.22166036644133]},"properties":{"id":"N153"}},{"type":"Feature","geometry":{"type":"Point","coordinates":[-80.41949382484572,37.22085426621538]},"properties":{"id":"N154"}},{"type":"Feature","geometry":{"type":"Point","coordinates":[-80.41947770665533,37.22083699120457]},"properties":{"id":"N155"}},{"type":"Feature","geometry":{"type":"Point","coordinates":[-80.42794600962962,37.21796813809106]},"properties":{"id":"N156"}},{"type":"Feature","geometry":{"type":"Point","coordinates":[-80.42799719297952,37.21785892806924]},"properties":{"id":"N157"}},{"type":"Feature","geometry":{"type":"Point","coordinates":[-80.42257372707687,37.22115313555931]},"properties":{"id":"N158"}},{"type":"Feature","geometry":{"type":"Point","coordinates":[-80.42209116471315,37.22143995339667]},"properties":{"id":"N159"}},{"type":"Feature","geometry":{"type":"Point","coordinates":[-80.42038433723604,37.2307275492548]},"properties":{"id":"N160"}},{"type":"Feature","geometry":{"type":"Point","coordinates":[-80.41946071636904,37.23134398566952]},"properties":{"id":"N161"}},{"type":"Feature","geometry":{"type":"Point","coordinates":[-80.42333829163863,37.23013704524611]},"properties":{"id":"N162"}},{"type":"Feature","geometry":{"type":"Point","coordinates":[-80.42324632731061,37.23006174003392]},"properties":{"id":"N163"}},{"type":"Feature","geometry":{"type":"Point","coordinates":[-80.41830598792289,37.22480370653704]},"properties":{"id":"N164"}},{"type":"Feature","geometry":{"type":"Point","coordinates":[-80.41839773313755,37.22488210410884]},"properties":{"id":"N165"}},{"type":"Feature","geometry":{"type":"Point","coordinates":[-80.41888320024287,37.22440019963013]},"properties":{"id":"N166"}},{"type":"Feature","geometry":{"type":"Point","coordinates":[-80.41895999567168,37.22447702282238]},"properties":{"id":"N167"}},{"type":"Feature","geometry":{"type":"Point","coordinates":[-80.42305678940303,37.23330113047824]},"properties":{"id":"N168","building":"Surge Space Building"}},{"type":"Feature","geometry":{"type":"Point","coordinates":[-80.42372606517837,37.23349351254817]},"properties":{"id":"N169"}},{"type":"Feature","geometry":{"type":"Point","coordinates":[-80.42386348595248,37.23307112024584]},"properties":{"id":"N170"}},{"type":"Feature","geometry":{"type":"Point","coordinates":[-80.42571606374455,37.22276315570902]},"properties":{"id":"N171"}},{"type":"Feature","geometry":{"type":"Point","coordinates":[-80.42709279129014,37.222602799059345]},"properties":{"id":"N172"}},{"type":"Feature","geometry":{"type":"Point","coordinates":[-80.42159366579395,37.22154078861299]},"properties":{"id":"N173"}},{"type":"Feature","geometry":{"type":"Point","coordinates":[-80.42157143482832,37.221107474441176]},"properties":{"id":"N174"}},{"type":"Feature","geometry":{"type":"Point","coordinates":[-80.42158186532092,37.22080496420966]},"properties":{"id":"N175"}},{"type":"Feature","geometry":{"type":"Point","coordinates":[-80.43717304799166,37.22532615719274]},"properties":{"id":"N176"}},{"type":"Feature","geometry":{"type":"Point","coordinates":[-80.43731843792978,37.22527764689181]},"properties":{"id":"N177"}},{"type":"Feature","geometry":{"type":"Point","coordinates":[-80.4359623865742,37.2242662875913]},"properties":{"id":"N178"}},{"type":"Feature","geometry":{"type":"Point","coordinates":[-80.43597181741981,37.22411686580359]},"properties":{"id":"N179"}},{"type":"Feature","geometry":{"type":"Point","coordinates":[-80.42354178960154,37.22999930963288]},"properties":{"id":"N180"}},{"type":"Feature","geometry":{"type":"Point","coordinates":[-80.42345257056571,37.22991943361039]},"properties":{"id":"N181"}},{"type":"Feature","geometry":{"type":"Point","coordinates":[-80.42651052487551,37.22784302886843]},"properties":{"id":"N182"}},{"type":"Feature","geometry":{"type":"Point","coordinates":[-80.42623868506952,37.22805075742961]},"properties":{"id":"N183"}},{"type":"Feature","geometry":{"type":"Point","coordinates":[-80.42614789430567,37.228118181242614]},"properties":{"id":"N184"}},{"type":"Feature","geometry":{"type":"Point","coordinates":[-80.42603322895552,37.22112000945719]},"properties":{"id":"N185"}},{"type":"Feature","geometry":{"type":"Point","coordinates":[-80.42579858862975,37.221028529261304]},"properties":{"id":"N186"}},{"type":"Feature","geometry":{"type":"Point","coordinates":[-80.42614170388336,37.221006368481476]},"properties":{"id":"N187"}},{"type":"Feature","geometry":{"type":"Point","coordinates":[-80.42252965811436,37.22326079368868]},"properties":{"id":"N188"}},{"type":"Feature","geometry":{"type":"Point","coordinates":[-80.42196180230775,37.22366643241169]},"properties":{"id":"N189"}},{"type":"Feature","geometry":{"type":"Point","coordinates":[-80.43595729122913,37.2249110273691]},"properties":{"id":"N190","building":"National Pan-Hellenic Council House"}},{"type":"Feature","geometry":{"type":"Point","coordinates":[-80.43805740050344,37.22783361538612]},"properties":{"id":"N191","building":"Special Purpose Housing - Bldg. B"}},{"type":"Feature","geometry":{"type":"Point","coordinates":[-80.42667398320762,37.21773749410059]},"properties":{"id":"N192"}},{"type":"Feature","geometry":{"type":"Point","coordinates":[-80.42675339293177,37.217757122862906]},"properties":{"id":"N193"}},{"type":"Feature","geometry":{"type":"Point","coordinates":[-80.42172292624444,37.221677027293104]},"properties":{"id":"N194"}},{"type":"Feature","geometry":{"type":"Point","coordinates":[-80.42127887422527,37.22198792061109]},"properties":{"id":"N195"}},{"type":"Feature","geometry":{"type":"Point","coordinates":[-80.42562195927624,37.22101466610334]},"properties":{"id":"N196"}},{"type":"Feature","geometry":{"type":"Point","coordinates":[-80.42527391667835,37.221485285714756]},"properties":{"id":"N197"}},{"type":"Feature","geometry":{"type":"Point","coordinates":[-80.41857105436168,37.220842813154896]},"properties":{"id":"N198"}},{"type":"Feature","geometry":{"type":"Point","coordinates":[-80.42378879017072,37.22318267737977]},"properties":{"id":"N199"}},{"type":"Feature","geometry":{"type":"Point","coordinates":[-80.42339818959341,37.223874020875]},"properties":{"id":"N200","building":"Engel Hall"}},{"type":"Feature","geometry":{"type":"Point","coordinates":[-80.42343586837681,37.223960279649354]},"properties":{"id":"N201","building":"Fralin Biotechnology Center"}},{"type":"Feature","geometry":{"type":"Point","coordinates":[-80.42311734236036,37.22374315144846]},"properties":{"id":"N202"}},{"type":"Feature","geometry":{"type":"Point","coordinates":[-80.42309587054321,37.223760167787]},"properties":{"id":"N203"}},{"type":"Feature","geometry":{"type":"Point","coordinates":[-80.42302100473192,37.22377984036798]},"properties":{"id":"N204"}},{"type":"Feature","geometry":{"type":"Point","coordinates":[-80.42267387971714,37.22166607492216]},"properties":{"id":"N205"}},{"type":"Feature","geometry":{"type":"Point","coordinates":[-80.42262641676598,37.221602459571194]},"properties":{"id":"N206","building":"Smith Career Center"}},{"type":"Feature","geometry":{"type":"Point","coordinates":[-80.42262568467203,37.221266591617855]},"properties":{"id":"N207"}},{"type":"Feature","geometry":{"type":"Point","coordinates":[-80.42252026881897,37.22148759603389]},"properties":{"id":"N208"}},{"type":"Feature","geometry":{"type":"Point","coordinates":[-80.42128313882718,37.22236074658309]},"properties":{"id":"N209"}},{"type":"Feature","geometry":{"type":"Point","coordinates":[-80.4210527675512,37.222139468745]},"properties":{"id":"N210"}},{"type":"Feature","geometry":{"type":"Point","coordinates":[-80.43271596682264,37.2306306211513]},"properties":{"id":"N211"}},{"type":"Feature","geometry":{"type":"Point","coordinates":[-80.43275013215664,37.23143700200345]},"properties":{"id":"N212"}},{"type":"Feature","geometry":{"type":"Point","coordinates":[-80.42588663628148,37.22047786624261]},"properties":{"id":"N213"}},{"type":"Feature","geometry":{"type":"Point","coordinates":[-80.42630144319736,37.22078242544871]},"properties":{"id":"N214","building":"Steger Hall - South Wing"}},{"type":"Feature","geometry":{"type":"Point","coordinates":[-80.42282244235017,37.22120023900396]},"properties":{"id":"N215"}},{"type":"Feature","geometry":{"type":"Point","coordinates":[-80.42447860417344,37.225726515630704]},"properties":{"id":"N216"}},{"type":"Feature","geometry":{"type":"Point","coordinates":[-80.42168320810414,37.22342595503021]},"properties":{"id":"N217"}},{"type":"Feature","geometry":{"type":"Point","coordinates":[-80.42139494845591,37.22369352454626]},"properties":{"id":"N218"}},{"type":"Feature","geometry":{"type":"Point","coordinates":[-80.42132901486735,37.22373186580055]},"properties":{"id":"N219"}},{"type":"Feature","geometry":{"type":"Point","coordinates":[-80.42837273070114,37.22980925860987]},"properties":{"id":"N220"}},{"type":"Feature","geometry":{"type":"Point","coordinates":[-80.42897515178583,37.230381073764576]},"properties":{"id":"N221"}},{"type":"Feature","geometry":{"type":"Point","coordinates":[-80.42258928654688,37.22221758277518]},"properties":{"id":"N222","building":"New Hall West"}},{"type":"Feature","geometry":{"type":"Point","coordinates":[-80.42249127302365,37.22276318038018]},"properties":{"id":"N223"}},{"type":"Feature","geometry":{"type":"Point","coordinates":[-80.41819543334779,37.22885164460349]},"properties":{"id":"N224"}},{"type":"Feature","geometry":{"type":"Point","coordinates":[-80.41787299581925,37.22904177510482]},"properties":{"id":"N225"}},{"type":"Feature","geometry":{"type":"Point","coordinates":[-80.42255113324302,37.22091938384689]},"properties":{"id":"N226"}},{"type":"Feature","geometry":{"type":"Point","coordinates":[-80.42366394938288,37.22293933349741]},"properties":{"id":"N227"}},{"type":"Feature","geometry":{"type":"Point","coordinates":[-80.4243601528958,37.22564943050417]},"properties":{"id":"N228","building":"Price Hall"}},{"type":"Feature","geometry":{"type":"Point","coordinates":[-80.4244324161803,37.22562880992598]},"properties":{"id":"N229"}},{"type":"Feature","geometry":{"type":"Point","coordinates":[-80.42901530980023,37.22927774095997]},"properties":{"id":"N230"}},{"type":"Feature","geometry":{"type":"Point","coordinates":[-80.42934877166826,37.22917091224067]},"properties":{"id":"N231"}},{"type":"Feature","geometry":{"type":"Point","coordinates":[-80.4290869747168,37.22898026691316]},"properties":{"id":"N232","building":"Construction Trailer - New Residence Halls Whiting Turner"}},{"type":"Feature","geometry":{"type":"Point","coordinates":[-80.42887988882961,37.229074408315206]},"properties":{"id":"N233"}},{"type":"Feature","geometry":{"type":"Point","coordinates":[-80.42872209736088,37.22913903267689]},"properties":{"id":"N234"}},{"type":"Feature","geometry":{"type":"Point","coordinates":[-80.40795463216692,37.19897518551279]},"properties":{"id":"N235"}},{"type":"Feature","geometry":{"type":"Point","coordinates":[-80.40816529269486,37.199126014451096]},"properties":{"id":"N236"}},{"type":"Feature","geometry":{"type":"Point","coordinates":[-80.4082911505472,37.199210177667226]},"properties":{"id":"N237"}},{"type":"Feature","geometry":{"type":"Point","coordinates":[-80.4192768604575,37.21743001753764]},"properties":{"id":"N238"}},{"type":"Feature","geometry":{"type":"Point","coordinates":[-80.41935285788844,37.21854032259642]},"properties":{"id":"N239"}},{"type":"Feature","geometry":{"type":"Point","coordinates":[-80.40853440072918,37.1983987769909]},"properties":{"id":"N240"}},{"type":"Feature","geometry":{"type":"Point","coordinates":[-80.40777003511424,37.19960884473951]},"properties":{"id":"N241"}},{"type":"Feature","geometry":{"type":"Point","coordinates":[-80.42883594793655,37.22485877387528]},"properties":{"id":"N242"}},{"type":"Feature","geometry":{"type":"Point","coordinates":[-80.42916048712286,37.224555284269016]},"properties":{"id":"N243"}},{"type":"Feature","geometry":{"type":"Point","coordinates":[-80.4257539724674,37.22655729617064]},"properties":{"id":"N244"}},{"type":"Feature","geometry":{"type":"Point","coordinates":[-80.42039770197077,37.22425197448399]},"properties":{"id":"N245"}},{"type":"Feature","geometry":{"type":"Point","coordinates":[-80.42050989623593,37.2244759029119]},"properties":{"id":"N246"}},{"type":"Feature","geometry":{"type":"Point","coordinates":[-80.42195735861301,37.22426997320484]},"properties":{"id":"N247"}},{"type":"Feature","geometry":{"type":"Point","coordinates":[-80.42221610762246,37.22418925445495]},"properties":{"id":"N248"}},{"type":"Feature","geometry":{"type":"Point","coordinates":[-80.42811724039099,37.218327100783554]},"properties":{"id":"N249"}},{"type":"Feature","geometry":{"type":"Point","coordinates":[-80.42229772518071,37.2245152203034]},"properties":{"id":"N250","building":"Latham Hall"}},{"type":"Feature","geometry":{"type":"Point","coordinates":[-80.42925814483651,37.2242679949349]},"properties":{"id":"N251"}},{"type":"Feature","geometry":{"type":"Point","coordinates":[-80.42932284368885,37.2241681649229]},"properties":{"id":"N252"}},{"type":"Feature","geometry":{"type":"Point","coordinates":[-80.41566594288169,37.22933988623273]},"properties":{"id":"N253"}},{"type":"Feature","geometry":{"type":"Point","coordinates":[-80.41557760931707,37.22929311296413]},"properties":{"id":"N254"}},{"type":"Feature","geometry":{"type":"Point","coordinates":[-80.42928874363882,37.224435963523966]},"properties":{"id":"N255"}},{"type":"Feature","geometry":{"type":"Point","coordinates":[-80.41971285022296,37.22214342018994]},"properties":{"id":"N256"}},{"type":"Feature","geometry":{"type":"Point","coordinates":[-80.42189196693347,37.22406658492445]},"properties":{"id":"N257"}},{"type":"Feature","geometry":{"type":"Point","coordinates":[-80.4215341126925,37.223916600239306]},"properties":{"id":"N258"}},{"type":"Feature","geometry":{"type":"Point","coordinates":[-80.42898041188056,37.225027938047205]},"properties":{"id":"N259","building":"DUCK POND GAZEBO"}},{"type":"Feature","geometry":{"type":"Point","coordinates":[-80.409026550945,37.20586677105194]},"properties":{"id":"N260"}},{"type":"Feature","geometry":{"type":"Point","coordinates":[-80.40897985330896,37.20598934814425]},"properties":{"id":"N261"}},{"type":"Feature","geometry":{"type":"Point","coordinates":[-80.40895715495625,37.206056310990064]},"properties":{"id":"N262"}},{"type":"Feature","geometry":{"type":"Point","coordinates":[-80.40894952117617,37.20607592648486]},"properties":{"id":"N263"}},{"type":"Feature","geometry":{"type":"Point","coordinates":[-80.41932464163773,37.219966483736975]},"properties":{"id":"N264"}},{"type":"Feature","geometry":{"type":"Point","coordinates":[-80.41916941411829,37.21996914305666]},"properties":{"id":"N265"}},{"type":"Feature","geometry":{"type":"Point","coordinates":[-80.41706554929804,37.22856108602028]},"properties":{"id":"N266"}},{"type":"Feature","geometry":{"type":"Point","coordinates":[-80.41726197579608,37.22877166503664]},"properties":{"id":"N267"}},{"type":"Feature","geometry":{"type":"Point","coordinates":[-80.40813299046867,37.19916015282339]},"properties":{"id":"N268"}},{"type":"Feature","geometry":{"type":"Point","coordinates":[-80.43004504812471,37.23027617215882]},"properties":{"id":"N269"}},{"type":"Feature","geometry":{"type":"Point","coordinates":[-80.42991833636574,37.2303475443477]},"properties":{"id":"N270"}},{"type":"Feature","geometry":{"type":"Point","coordinates":[-80.42382778781771,37.233059312106974]},"properties":{"id":"N271"}},{"type":"Feature","geometry":{"type":"Point","coordinates":[-80.42259296790218,37.232617724758086]},"properties":{"id":"N272"}},{"type":"Feature","geometry":{"type":"Point","coordinates":[-80.42420992475587,37.231328805106344]},"properties":{"id":"N273"}},{"type":"Feature","geometry":{"type":"Point","coordinates":[-80.42416539119021,37.23136159319115]},"properties":{"id":"N274"}},{"type":"Feature","geometry":{"type":"Point","coordinates":[-80.42407330239789,37.23142939515289]},"properties":{"id":"N275"}},{"type":"Feature","geometry":{"type":"Point","coordinates":[-80.41614022080142,37.23023702477393]},"properties":{"id":"N276"}},{"type":"Feature","geometry":{"type":"Point","coordinates":[-80.41631249511016,37.230176658997244]},"properties":{"id":"N277","building":"Theater 101"}},{"type":"Feature","geometry":{"type":"Point","coordinates":[-80.42178346377624,37.23040777260866]},"properties":{"id":"N278","building":"McBryde Hall"}},{"type":"Feature","geometry":{"type":"Point","coordinates":[-80.42177848190313,37.23017006157092]},"properties":{"id":"N279"}},{"type":"Feature","geometry":{"type":"Point","coordinates":[-80.42014200425373,37.22996804990424]},"properties":{"id":"N280"}},{"type":"Feature","geometry":{"type":"Point","coordinates":[-80.42018224697202,37.22994196837163]},"properties":{"id":"N281","building":"Torgersen Hall"}},{"type":"Feature","geometry":{"type":"Point","coordinates":[-80.42965189596542,37.22374500882993]},"properties":{"id":"N282"}},{"type":"Feature","geometry":{"type":"Point","coordinates":[-80.42999406541658,37.22394988214122]},"properties":{"id":"N283","building":"New Pump House at Duck Pond"}},{"type":"Feature","geometry":{"type":"Point","coordinates":[-80.42213505387099,37.23097860658283]},"properties":{"id":"N284"}},{"type":"Feature","geometry":{"type":"Point","coordinates":[-80.42261392020535,37.23094506408787]},"properties":{"id":"N285"}},{"type":"Feature","geometry":{"type":"Point","coordinates":[-80.42327358235072,37.22809202607448]},"properties":{"id":"N286"}},{"type":"Feature","geometry":{"type":"Point","coordinates":[-80.42325385251887,37.228070983559896]},"properties":{"id":"N287"}},{"type":"Feature","geometry":{"type":"Point","coordinates":[-80.42019172670972,37.231511588859156]},"properties":{"id":"N288"}},{"type":"Feature","geometry":{"type":"Point","coordinates":[-80.42006930300799,37.231596968443256]},"properties":{"id":"N289"}},{"type":"Feature","geometry":{"type":"Point","coordinates":[-80.42265809698827,37.23178979023855]},"properties":{"id":"N290"}},{"type":"Feature","geometry":{"type":"Point","coordinates":[-80.42214638776962,37.222480587169926]},"properties":{"id":"N291"}},{"type":"Feature","geometry":{"type":"Point","coordinates":[-80.42230026219185,37.22214259709241]},"properties":{"id":"N292"}},{"type":"Feature","geometry":{"type":"Point","coordinates":[-80.42544407991593,37.23011083679675]},"properties":{"id":"N293","building":"Bishop-Favrao Hall"}},{"type":"Feature","geometry":{"type":"Point","coordinates":[-80.4254179777969,37.230128213853284]},"properties":{"id":"N294"}},{"type":"Feature","geometry":{"type":"Point","coordinates":[-80.42514337582313,37.22990452950913]},"properties":{"id":"N295"}},{"type":"Feature","geometry":{"type":"Point","coordinates":[-80.42329711655267,37.2229000607595]},"properties":{"id":"N296"}},{"type":"Feature","geometry":{"type":"Point","coordinates":[-80.42326877981571,37.22283093901182]},"properties":{"id":"N297","building":"Harper Hall"}},{"type":"Feature","geometry":{"type":"Point","coordinates":[-80.42082792411182,37.22245527066348]},"properties":{"id":"N298"}},{"type":"Feature","geometry":{"type":"Point","coordinates":[-80.42048213205578,37.22259569583202]},"properties":{"id":"N299"}},{"type":"Feature","geometry":{"type":"Point","coordinates":[-80.42044219144606,37.22256212943719]},"properties":{"id":"N300"}},{"type":"Feature","geometry":{"type":"Point","coordinates":[-80.4223693622915,37.220565649506234]},"properties":{"id":"N301"}},{"type":"Feature","geometry":{"type":"Point","coordinates":[-80.42240569828053,37.219974794502285]},"properties":{"id":"N302","building":"McComas Soccer Field Press Box"}},{"type":"Feature","geometry":{"type":"Point","coordinates":[-80.41967794840505,37.22895162104448]},"properties":{"id":"N303"}},{"type":"Feature","geometry":{"type":"Point","coordinates":[-80.41977227135385,37.22905067900888]},"properties":{"id":"N304"}},{"type":"Feature","geometry":{"type":"Point","coordinates":[-80.42066131151654,37.23096247457629]},"properties":{"id":"N305"}},{"type":"Feature","geometry":{"type":"Point","coordinates":[-80.42060548767785,37.23098368238242]},"properties":{"id":"N306"}},{"type":"Feature","geometry":{"type":"Point","coordinates":[-80.42055575020274,37.230823799582154]},"properties":{"id":"N307"}},{"type":"Feature","geometry":{"type":"Point","coordinates":[-80.42051583985722,37.23084993350814]},"properties":{"id":"N308"}},{"type":"Feature","geometry":{"type":"Point","coordinates":[-80.41708222455662,37.2303169747202]},"properties":{"id":"N309","building":"Henderson Hall"}},{"type":"Feature","geometry":{"type":"Point","coordinates":[-80.41978658235479,37.22863364001385]},"properties":{"id":"N310"}},{"type":"Feature","geometry":{"type":"Point","coordinates":[-80.41973404603019,37.22866328583809]},"properties":{"id":"N311"}},{"type":"Feature","geometry":{"type":"Point","coordinates":[-80.42113029071334,37.226789057903574]},"properties":{"id":"N312"}},{"type":"Feature","geometry":{"type":"Point","coordinates":[-80.42120088321859,37.22684605782599]},"properties":{"id":"N313"}},{"type":"Feature","geometry":{"type":"Point","coordinates":[-80.43023699685187,37.23008884662559]},"properties":{"id":"N314"}},{"type":"Feature","geometry":{"type":"Point","coordinates":[-80.43074676218501,37.23028605288093]},"properties":{"id":"N315"}},{"type":"Feature","geometry":{"type":"Point","coordinates":[-80.43492035420425,37.2311042234213]},"properties":{"id":"N316","building":"Town of Blacksburg Bus Shelter"}},{"type":"Feature","geometry":{"type":"Point","coordinates":[-80.43697078379218,37.22983312397752]},"properties":{"id":"N317","building":"Center For One Health"}},{"type":"Feature","geometry":{"type":"Point","coordinates":[-80.42254468065288,37.230812250604835]},"properties":{"id":"N318"}},{"type":"Feature","geometry":{"type":"Point","coordinates":[-80.42241981783486,37.23082482278377]},"properties":{"id":"N319"}},{"type":"Feature","geometry":{"type":"Point","coordinates":[-80.42492208867358,37.233546440529125]},"properties":{"id":"N320"}},{"type":"Feature","geometry":{"type":"Point","coordinates":[-80.42385011074228,37.2337585613139]},"properties":{"id":"N321"}},{"type":"Feature","geometry":{"type":"Point","coordinates":[-80.42549374771697,37.22644850433925]},"properties":{"id":"N322"}},{"type":"Feature","geometry":{"type":"Point","coordinates":[-80.42520327723781,37.22577065359864]},"properties":{"id":"N323"}},{"type":"Feature","geometry":{"type":"Point","coordinates":[-80.41857619493246,37.23022345386963]},"properties":{"id":"N324"}},{"type":"Feature","geometry":{"type":"Point","coordinates":[-80.4181250751668,37.23049533417467]},"properties":{"id":"N325"}},{"type":"Feature","geometry":{"type":"Point","coordinates":[-80.41786612187724,37.230222549412794]},"properties":{"id":"N326"}},{"type":"Feature","geometry":{"type":"Point","coordinates":[-80.41686570088432,37.231264644659326]},"properties":{"id":"N327"}},{"type":"Feature","geometry":{"type":"Point","coordinates":[-80.41665046968257,37.23096549238131]},"properties":{"id":"N328"}},{"type":"Feature","geometry":{"type":"Point","coordinates":[-80.42502174649819,37.220764097916856]},"properties":{"id":"N329","building":"Life Sciences I Facility"}},{"type":"Feature","geometry":{"type":"Point","coordinates":[-80.42510136463244,37.22089484536254]},"properties":{"id":"N330"}},{"type":"Feature","geometry":{"type":"Point","coordinates":[-80.42094106196619,37.223760746409134]},"properties":{"id":"N331"}},{"type":"Feature","geometry":{"type":"Point","coordinates":[-80.42089739304524,37.22363487120314]},"properties":{"id":"N332"}},{"type":"Feature","geometry":{"type":"Point","coordinates":[-80.42517358452129,37.23091200846294]},"properties":{"id":"N333"}},{"type":"Feature","geometry":{"type":"Point","coordinates":[-80.4249815276261,37.231088720989234]},"properties":{"id":"N334"}},{"type":"Feature","geometry":{"type":"Point","coordinates":[-80.41907486889419,37.21746488028704]},"properties":{"id":"N335"}},{"type":"Feature","geometry":{"type":"Point","coordinates":[-80.419209241037,37.21854488507789]},"properties":{"id":"N336"}},{"type":"Feature","geometry":{"type":"Point","coordinates":[-80.43669608278127,37.224769052616246]},"properties":{"id":"N337"}},{"type":"Feature","geometry":{"type":"Point","coordinates":[-80.43608475404774,37.22491432731823]},"properties":{"id":"N338"}},{"type":"Feature","geometry":{"type":"Point","coordinates":[-80.41303914289743,37.21986366135462]},"properties":{"id":"N339"}},{"type":"Feature","geometry":{"type":"Point","coordinates":[-80.41300019755886,37.21987446984125]},"properties":{"id":"N340"}},{"type":"Feature","geometry":{"type":"Point","coordinates":[-80.42391262522376,37.22609313622059]},"properties":{"id":"N341"}},{"type":"Feature","geometry":{"type":"Point","coordinates":[-80.42457112628989,37.22695315868801]},"properties":{"id":"N342"}},{"type":"Feature","geometry":{"type":"Point","coordinates":[-80.42463818520893,37.22699090424898]},"properties":{"id":"N343"}},{"type":"Feature","geometry":{"type":"Point","coordinates":[-80.42606203929235,37.22171410381524]},"properties":{"id":"N344"}},{"type":"Feature","geometry":{"type":"Point","coordinates":[-80.42556986771606,37.2225524496943]},"properties":{"id":"N345"}},{"type":"Feature","geometry":{"type":"Point","coordinates":[-80.42532690137102,37.22273412081962]},"properties":{"id":"N346"}},{"type":"Feature","geometry":{"type":"Point","coordinates":[-80.42566933130264,37.22167474612059]},"properties":{"id":"N347"}},{"type":"Feature","geometry":{"type":"Point","coordinates":[-80.42508601837515,37.2216297572009]},"properties":{"id":"N348"}},{"type":"Feature","geometry":{"type":"Point","coordinates":[-80.42565909756298,37.2218103136688]},"properties":{"id":"N349"}},{"type":"Feature","geometry":{"type":"Point","coordinates":[-80.42562270987771,37.222432064944854]},"properties":{"id":"N350"}},{"type":"Feature","geometry":{"type":"Point","coordinates":[-80.4256892489347,37.22225271381194]},"properties":{"id":"N351","building":"ICTAS II"}},{"type":"Feature","geometry":{"type":"Point","coordinates":[-80.42513006191537,37.222298873781256]},"properties":{"id":"N352"}},{"type":"Feature","geometry":{"type":"Point","coordinates":[-80.42553867454957,37.22192493589693]},"properties":{"id":"N353"}},{"type":"Feature","geometry":{"type":"Point","coordinates":[-80.42559725477348,37.22196314275117]},"properties":{"id":"N354"}},{"type":"Feature","geometry":{"type":"Point","coordinates":[-80.41951408246148,37.225948312590475]},"properties":{"id":"N355"}},{"type":"Feature","geometry":{"type":"Point","coordinates":[-80.41949166473695,37.2260967386683]},"properties":{"id":"N356"}},{"type":"Feature","geometry":{"type":"Point","coordinates":[-80.41936796663515,37.22606994519106]},"properties":{"id":"N357"}},{"type":"Feature","geometry":{"type":"Point","coordinates":[-80.42008140302195,37.23007569859317]},"properties":{"id":"N358","building":"Pearson Hall West"}},{"type":"Feature","geometry":{"type":"Point","coordinates":[-80.41924203869054,37.23040409178608]},"properties":{"id":"N359"}},{"type":"Feature","geometry":{"type":"Point","coordinates":[-80.43457165269675,37.23084037192523]},"properties":{"id":"N360"}},{"type":"Feature","geometry":{"type":"Point","coordinates":[-80.42579161579911,37.22168417746155]},"properties":{"id":"N361"}},{"type":"Feature","geometry":{"type":"Point","coordinates":[-80.41914408701953,37.220245389381525]},"properties":{"id":"N362"}},{"type":"Feature","geometry":{"type":"Point","coordinates":[-80.41932363985985,37.22028274079672]},"properties":{"id":"N363"}},{"type":"Feature","geometry":{"type":"Point","coordinates":[-80.4193242165158,37.22010082035786]},"properties":{"id":"N364"}},{"type":"Feature","geometry":{"type":"Point","coordinates":[-80.41932504498962,37.219839047679685]},"properties":{"id":"N365"}},{"type":"Feature","geometry":{"type":"Point","coordinates":[-80.41916536196298,37.21948373002522]},"properties":{"id":"N366"}},{"type":"Feature","geometry":{"type":"Point","coordinates":[-80.41898074500567,37.21918884201352]},"properties":{"id":"N367"}},{"type":"Feature","geometry":{"type":"Point","coordinates":[-80.42749061356227,37.22097485375608]},"properties":{"id":"N368"}},{"type":"Feature","geometry":{"type":"Point","coordinates":[-80.42658229205587,37.22036429598679]},"properties":{"id":"N369"}},{"type":"Feature","geometry":{"type":"Point","coordinates":[-80.41921644081427,37.22011965759046]},"properties":{"id":"N370"}},{"type":"Feature","geometry":{"type":"Point","coordinates":[-80.41919949996372,37.21979000362482]},"properties":{"id":"N371"}},{"type":"Feature","geometry":{"type":"Point","coordinates":[-80.41825961856556,37.2270457658306]},"properties":{"id":"N372"}},{"type":"Feature","geometry":{"type":"Point","coordinates":[-80.41813298552587,37.227622374664755]},"properties":{"id":"N373"}},{"type":"Feature","geometry":{"type":"Point","coordinates":[-80.42769264955544,37.21727768793336]},"properties":{"id":"N374"}},{"type":"Feature","geometry":{"type":"Point","coordinates":[-80.42753194135068,37.21733122707306]},"properties":{"id":"N375"}},{"type":"Feature","geometry":{"type":"Point","coordinates":[-80.41807313947012,37.218588826460504]},"properties":{"id":"N376"}},{"type":"Feature","geometry":{"type":"Point","coordinates":[-80.4181122633472,37.21775921712552]},"properties":{"id":"N377"}},{"type":"Feature","geometry":{"type":"Point","coordinates":[-80.41597694060441,37.229037445297266]},"properties":{"id":"N378"}},{"type":"Feature","geometry":{"type":"Point","coordinates":[-80.4158394275332,37.22870915714918]},"properties":{"id":"N379"}},{"type":"Feature","geometry":{"type":"Point","coordinates":[-80.42409539084119,37.218890325517826]},"properties":{"id":"N380"}},{"type":"Feature","geometry":{"type":"Point","coordinates":[-80.42466400538474,37.219104698801644]},"properties":{"id":"N381"}},{"type":"Feature","geometry":{"type":"Point","coordinates":[-80.43848313877962,37.22782715818887]},"properties":{"id":"N382"}},{"type":"Feature","geometry":{"type":"Point","coordinates":[-80.43840336042301,37.22773086730223]},"properties":{"id":"N383"}},{"type":"Feature","geometry":{"type":"Point","coordinates":[-80.4385858740908,37.227434614586286]},"properties":{"id":"N384"}},{"type":"Feature","geometry":{"type":"Point","coordinates":[-80.43846388507664,37.22645863413383]},"properties":{"id":"N385"}},{"type":"Feature","geometry":{"type":"Point","coordinates":[-80.43799184651418,37.22400824760771]},"properties":{"id":"N386"}},{"type":"Feature","geometry":{"type":"Point","coordinates":[-80.43787747509631,37.223807368772434]},"properties":{"id":"N387"}},{"type":"Feature","geometry":{"type":"Point","coordinates":[-80.4377007209601,37.22387395624612]},"properties":{"id":"N388"}},{"type":"Feature","geometry":{"type":"Point","coordinates":[-80.43781784806872,37.22368869674801]},"properties":{"id":"N389"}},{"type":"Feature","geometry":{"type":"Point","coordinates":[-80.43868286144782,37.224764497215745]},"properties":{"id":"N390"}},{"type":"Feature","geometry":{"type":"Point","coordinates":[-80.43808207755458,37.22373495301664]},"properties":{"id":"N391"}},{"type":"Feature","geometry":{"type":"Point","coordinates":[-80.43804823410606,37.22367695584012]},"properties":{"id":"N392"}},{"type":"Feature","geometry":{"type":"Point","coordinates":[-80.41903776896629,37.22717757758059]},"properties":{"id":"N393"}},{"type":"Feature","geometry":{"type":"Point","coordinates":[-80.41896484096326,37.227125306423886]},"properties":{"id":"N394"}},{"type":"Feature","geometry":{"type":"Point","coordinates":[-80.43864669609567,37.224922651110305]},"properties":{"id":"N395"}},{"type":"Feature","geometry":{"type":"Point","coordinates":[-80.43877393390135,37.22492056126941]},"properties":{"id":"N396"}},{"type":"Feature","geometry":{"type":"Point","coordinates":[-80.41839797780277,37.22529944271801]},"properties":{"id":"N397","building":"O'Shaughnessy Hall"}},{"type":"Feature","geometry":{"type":"Point","coordinates":[-80.41850756114124,37.225271741732335]},"properties":{"id":"N398"}},{"type":"Feature","geometry":{"type":"Point","coordinates":[-80.41842687610877,37.22319293912379]},"properties":{"id":"N399"}},{"type":"Feature","geometry":{"type":"Point","coordinates":[-80.41855005510344,37.22328349226483]},"properties":{"id":"N400"}},{"type":"Feature","geometry":{"type":"Point","coordinates":[-80.41832182201387,37.22352073991641]},"properties":{"id":"N401"}},{"type":"Feature","geometry":{"type":"Point","coordinates":[-80.42512730840703,37.2295982900129]},"properties":{"id":"N402"}},{"type":"Feature","geometry":{"type":"Point","coordinates":[-80.42554743569798,37.22938666458999]},"properties":{"id":"N403"}},{"type":"Feature","geometry":{"type":"Point","coordinates":[-80.42352516673071,37.22957986823538]},"properties":{"id":"N404"}},{"type":"Feature","geometry":{"type":"Point","coordinates":[-80.42343000104879,37.22964438603518]},"properties":{"id":"N405","building":"Norris Hall"}},{"type":"Feature","geometry":{"type":"Point","coordinates":[-80.42614354755968,37.22886718861176]},"properties":{"id":"N406"}},{"type":"Feature","geometry":{"type":"Point","coordinates":[-80.42620463108392,37.22891263403069]},"properties":{"id":"N407"}},{"type":"Feature","geometry":{"type":"Point","coordinates":[-80.42587830115295,37.22916303693124]},"properties":{"id":"N408"}},{"type":"Feature","geometry":{"type":"Point","coordinates":[-80.42587034542363,37.22915475957223]},"properties":{"id":"N409"}},{"type":"Feature","geometry":{"type":"Point","coordinates":[-80.42556828858703,37.2293843578357]},"properties":{"id":"N410"}},{"type":"Feature","geometry":{"type":"Point","coordinates":[-80.42585871231645,37.229142656782805]},"properties":{"id":"N411"}},{"type":"Feature","geometry":{"type":"Point","coordinates":[-80.42151879322725,37.23022328265754]},"properties":{"id":"N412"}},{"type":"Feature","geometry":{"type":"Point","coordinates":[-80.42155459868306,37.23028904760496]},"properties":{"id":"N413"}},{"type":"Feature","geometry":{"type":"Point","coordinates":[-80.4249337763115,37.22684259839417]},"properties":{"id":"N414"}},{"type":"Feature","geometry":{"type":"Point","coordinates":[-80.42487020533612,37.226791136294246]},"properties":{"id":"N415"}},{"type":"Feature","geometry":{"type":"Point","coordinates":[-80.42291199169955,37.22561965516864]},"properties":{"id":"N416"}},{"type":"Feature","geometry":{"type":"Point","coordinates":[-80.42275750952744,37.22565791470844]},"properties":{"id":"N417"}},{"type":"Feature","geometry":{"type":"Point","coordinates":[-80.42143985473021,37.22667241269596]},"properties":{"id":"N418"}},{"type":"Feature","geometry":{"type":"Point","coordinates":[-80.42111675210667,37.226529032411555]},"properties":{"id":"N419"}},{"type":"Feature","geometry":{"type":"Point","coordinates":[-80.41768096803982,37.22922236955497]},"properties":{"id":"N420"}},{"type":"Feature","geometry":{"type":"Point","coordinates":[-80.417371786692,37.22946780573776]},"properties":{"id":"N421"}},{"type":"Feature","geometry":{"type":"Point","coordinates":[-80.41775272037476,37.22938726926153]},"properties":{"id":"N422","building":"Squires Student Center"}},{"type":"Feature","geometry":{"type":"Point","coordinates":[-80.43723578372844,37.22483872237368]},"properties":{"id":"N423"}},{"type":"Feature","geometry":{"type":"Point","coordinates":[-80.43730443749237,37.2249807132662]},"properties":{"id":"N424"}},{"type":"Feature","geometry":{"type":"Point","coordinates":[-80.43704637403397,37.225238076957034]},"properties":{"id":"N425"}},{"type":"Feature","geometry":{"type":"Point","coordinates":[-80.4372801777067,37.22551124696158]},"properties":{"id":"N426"}},{"type":"Feature","geometry":{"type":"Point","coordinates":[-80.423614697472,37.22131276128008]},"properties":{"id":"N427"}},{"type":"Feature","geometry":{"type":"Point","coordinates":[-80.42311904008845,37.22110564720675]},"properties":{"id":"N428"}},{"type":"Feature","geometry":{"type":"Point","coordinates":[-80.42414454851162,37.22825946552513]},"properties":{"id":"N429"}},{"type":"Feature","geometry":{"type":"Point","coordinates":[-80.4244778073134,37.231394967072106]},"properties":{"id":"N430","building":"Bus Canopy E"}},{"type":"Feature","geometry":{"type":"Point","coordinates":[-80.42388709283874,37.23185523907985]},"properties":{"id":"N431"}},{"type":"Feature","geometry":{"type":"Point","coordinates":[-80.42485946365326,37.231121985886865]},"properties":{"id":"N432"}},{"type":"Feature","geometry":{"type":"Point","coordinates":[-80.42473389905084,37.2310163490757]},"properties":{"id":"N433","building":"Whittemore Hall"}},{"type":"Feature","geometry":{"type":"Point","coordinates":[-80.4268572989115,37.220712582429655]},"properties":{"id":"N434"}},{"type":"Feature","geometry":{"type":"Point","coordinates":[-80.4229728365891,37.22230770151158]},"properties":{"id":"N435"}},{"type":"Feature","geometry":{"type":"Point","coordinates":[-80.42273596287475,37.222765846149535]},"properties":{"id":"N436"}},{"type":"Feature","geometry":{"type":"Point","coordinates":[-80.42271240345278,37.22281049548473]},"properties":{"id":"N437"}},{"type":"Feature","geometry":{"type":"Point","coordinates":[-80.4229801967781,37.23157246779583]},"properties":{"id":"N438"}},{"type":"Feature","geometry":{"type":"Point","coordinates":[-80.42284606879356,37.22939316945254]},"properties":{"id":"N439"}},{"type":"Feature","geometry":{"type":"Point","coordinates":[-80.42373954144826,37.22271417165528]},"properties":{"id":"N440"}},{"type":"Feature","geometry":{"type":"Point","coordinates":[-80.42354682450748,37.22229982777067]},"properties":{"id":"N441"}},{"type":"Feature","geometry":{"type":"Point","coordinates":[-80.42523010361293,37.22003683253573]},"properties":{"id":"N442","building":"Food Science and Technology Laboratory"}},{"type":"Feature","geometry":{"type":"Point","coordinates":[-80.42497915964817,37.2200728796204]},"properties":{"id":"N443"}},{"type":"Feature","geometry":{"type":"Point","coordinates":[-80.42483207431599,37.22792288567931]},"properties":{"id":"N444"}},{"type":"Feature","geometry":{"type":"Point","coordinates":[-80.42467435112188,37.22779330884607]},"properties":{"id":"N445"}},{"type":"Feature","geometry":{"type":"Point","coordinates":[-80.42459767073646,37.22809575753014]},"properties":{"id":"N446"}},{"type":"Feature","geometry":{"type":"Point","coordinates":[-80.42437959647684,37.2279120337835]},"properties":{"id":"N447","building":"Williams Hall"}},{"type":"Feature","geometry":{"type":"Point","coordinates":[-80.42561660725102,37.22895204494714]},"properties":{"id":"N448","building":"Derring Hall"}},{"type":"Feature","geometry":{"type":"Point","coordinates":[-80.42136805383814,37.222442309297506]},"properties":{"id":"N449"}},{"type":"Feature","geometry":{"type":"Point","coordinates":[-80.4213834976247,37.22249185821811]},"properties":{"id":"N450"}},{"type":"Feature","geometry":{"type":"Point","coordinates":[-80.42144880400275,37.22270138949781]},"properties":{"id":"N451"}},{"type":"Feature","geometry":{"type":"Point","coordinates":[-80.42145644865465,37.22272591690744]},"properties":{"id":"N452"}},{"type":"Feature","geometry":{"type":"Point","coordinates":[-80.42163796185802,37.223287436439854]},"properties":{"id":"N453"}},{"type":"Feature","geometry":{"type":"Point","coordinates":[-80.42166784610615,37.22337892570146]},"properties":{"id":"N454"}},{"type":"Feature","geometry":{"type":"Point","coordinates":[-80.4217231912479,37.22354836145886]},"properties":{"id":"N455"}},{"type":"Feature","geometry":{"type":"Point","coordinates":[-80.4217840590651,37.22373470274094]},"properties":{"id":"N456"}},{"type":"Feature","geometry":{"type":"Point","coordinates":[-80.41941464978935,37.22644257774302]},"properties":{"id":"N457"}},{"type":"Feature","geometry":{"type":"Point","coordinates":[-80.41915668455006,37.226254392900636]},"properties":{"id":"N458"}},{"type":"Feature","geometry":{"type":"Point","coordinates":[-80.42341437126383,37.223291669647494]},"properties":{"id":"N459"}},{"type":"Feature","geometry":{"type":"Point","coordinates":[-80.42337638650865,37.22820468037495]},"properties":{"id":"N460"}},{"type":"Feature","geometry":{"type":"Point","coordinates":[-80.42363547924109,37.228222727289456]},"properties":{"id":"N461"}},{"type":"Feature","geometry":{"type":"Point","coordinates":[-80.41905141911774,37.22626538572163]},"properties":{"id":"N462"}},{"type":"Feature","geometry":{"type":"Point","coordinates":[-80.4190606511433,37.2263093190755]},"properties":{"id":"N463"}},{"type":"Feature","geometry":{"type":"Point","coordinates":[-80.41850778574513,37.227731853972685]},"properties":{"id":"N464"}},{"type":"Feature","geometry":{"type":"Point","coordinates":[-80.41867936649913,37.22775681109]},"properties":{"id":"N465"}},{"type":"Feature","geometry":{"type":"Point","coordinates":[-80.42398583311316,37.223231931122385]},"properties":{"id":"N466"}},{"type":"Feature","geometry":{"type":"Point","coordinates":[-80.42411215892785,37.223195767393484]},"properties":{"id":"N467"}},{"type":"Feature","geometry":{"type":"Point","coordinates":[-80.42489438379161,37.22885043851974]},"properties":{"id":"N468"}},{"type":"Feature","geometry":{"type":"Point","coordinates":[-80.42505678743315,37.229040436384665]},"properties":{"id":"N469"}},{"type":"Feature","geometry":{"type":"Point","coordinates":[-80.4247583758709,37.229298580677316]},"properties":{"id":"N470","building":"Johnston Student Center"}},{"type":"Feature","geometry":{"type":"Point","coordinates":[-80.41955201441257,37.22669406447718]},"properties":{"id":"N471"}},{"type":"Feature","geometry":{"type":"Point","coordinates":[-80.41983048602597,37.2268840996712]},"properties":{"id":"N472"}},{"type":"Feature","geometry":{"type":"Point","coordinates":[-80.42014255501822,37.22709706066761]},"properties":{"id":"N473"}},{"type":"Feature","geometry":{"type":"Point","coordinates":[-80.4202006826363,37.2271077263015]},"properties":{"id":"N474"}},{"type":"Feature","geometry":{"type":"Point","coordinates":[-80.42027591148143,37.2270477191573]},"properties":{"id":"N475","building":"Eggleston Hall - West Wing"}},{"type":"Feature","geometry":{"type":"Point","coordinates":[-80.41964261554017,37.22660887651897]},"properties":{"id":"N476"}},{"type":"Feature","geometry":{"type":"Point","coordinates":[-80.4199173947741,37.226803123757776]},"properties":{"id":"N477"}},{"type":"Feature","geometry":{"type":"Point","coordinates":[-80.4196027483997,37.22766759428403]},"properties":{"id":"N478","building":"Eggleston Hall - Main Wing"}},{"type":"Feature","geometry":{"type":"Point","coordinates":[-80.41897553048491,37.22723609652043]},"properties":{"id":"N479"}},{"type":"Feature","geometry":{"type":"Point","coordinates":[-80.41900522489718,37.227256525290684]},"properties":{"id":"N480"}},{"type":"Feature","geometry":{"type":"Point","coordinates":[-80.41916261869918,37.22736480500456]},"properties":{"id":"N481"}},{"type":"Feature","geometry":{"type":"Point","coordinates":[-80.41947558024803,37.22758010828769]},"properties":{"id":"N482"}},{"type":"Feature","geometry":{"type":"Point","coordinates":[-80.41897683999223,37.227386286273365]},"properties":{"id":"N483"}},{"type":"Feature","geometry":{"type":"Point","coordinates":[-80.4189813168323,37.22753976287589]},"properties":{"id":"N484"}},{"type":"Feature","geometry":{"type":"Point","coordinates":[-80.41906788039614,37.22745622818853]},"properties":{"id":"N485"}},{"type":"Feature","geometry":{"type":"Point","coordinates":[-80.41886929588284,37.227704327278104]},"properties":{"id":"N486"}},{"type":"Feature","geometry":{"type":"Point","coordinates":[-80.41943120365626,37.22762185348654]},"properties":{"id":"N487","building":"Eggleston Hall - East Wing"}},{"type":"Feature","geometry":{"type":"Point","coordinates":[-80.42038432937358,37.23169500820065]},"properties":{"id":"N488","building":"Corps Leadership and Military Science Building"}},{"type":"Feature","geometry":{"type":"Point","coordinates":[-80.42026299595446,37.231577720047724]},"properties":{"id":"N489"}},{"type":"Feature","geometry":{"type":"Point","coordinates":[-80.42013098563122,37.23144879326233]},"properties":{"id":"N490"}},{"type":"Feature","geometry":{"type":"Point","coordinates":[-80.42033987471177,37.23131436717124]},"properties":{"id":"N491"}},{"type":"Feature","geometry":{"type":"Point","coordinates":[-80.42047266019715,37.2312242248913]},"properties":{"id":"N492"}},{"type":"Feature","geometry":{"type":"Point","coordinates":[-80.41932587943585,37.23048737778479]},"properties":{"id":"N493"}},{"type":"Feature","geometry":{"type":"Point","coordinates":[-80.4192735970713,37.23104997243953]},"properties":{"id":"N494","building":"Pearson Hall East"}},{"type":"Feature","geometry":{"type":"Point","coordinates":[-80.42039108536342,37.231279602677105]},"properties":{"id":"N495"}},{"type":"Feature","geometry":{"type":"Point","coordinates":[-80.42064216122205,37.23152345746111]},"properties":{"id":"N496"}},{"type":"Feature","geometry":{"type":"Point","coordinates":[-80.42170663082717,37.23009467018205]},"properties":{"id":"N497"}},{"type":"Feature","geometry":{"type":"Point","coordinates":[-80.42063821563836,37.23060066714182]},"properties":{"id":"N498"}},{"type":"Feature","geometry":{"type":"Point","coordinates":[-80.42094261278832,37.23088616622829]},"properties":{"id":"N499"}},{"type":"Feature","geometry":{"type":"Point","coordinates":[-80.42036758403488,37.21842051719441]},"properties":{"id":"N500"}},{"type":"Feature","geometry":{"type":"Point","coordinates":[-80.42056702666498,37.21900935381873]},"properties":{"id":"N501","building":"Women's Softball Press Box"}},{"type":"Feature","geometry":{"type":"Point","coordinates":[-80.4252917492898,37.223573718693906]},"properties":{"id":"N502"}},{"type":"Feature","geometry":{"type":"Point","coordinates":[-80.42532443051472,37.22371618216892]},"properties":{"id":"N503","building":"Institute for Society, Culture and Environment"}},{"type":"Feature","geometry":{"type":"Point","coordinates":[-80.42095525410957,37.21889762101355]},"properties":{"id":"N504"}},{"type":"Feature","geometry":{"type":"Point","coordinates":[-80.42097036305577,37.21888542500824]},"properties":{"id":"N505"}},{"type":"Feature","geometry":{"type":"Point","coordinates":[-80.42094303038073,37.21874875242237]},"properties":{"id":"N506","building":"ACC Track Tower"}},{"type":"Feature","geometry":{"type":"Point","coordinates":[-80.42291430242305,37.22568567155434]},"properties":{"id":"N507"}},{"type":"Feature","geometry":{"type":"Point","coordinates":[-80.42060324576283,37.2305686872591]},"properties":{"id":"N508"}},{"type":"Feature","geometry":{"type":"Point","coordinates":[-80.42080563151299,37.23040060861739]},"properties":{"id":"N509"}},{"type":"Feature","geometry":{"type":"Point","coordinates":[-80.4211427694356,37.23071296255759]},"properties":{"id":"N510"}},{"type":"Feature","geometry":{"type":"Point","coordinates":[-80.42033364031192,37.23031463032905]},"properties":{"id":"N511"}},{"type":"Feature","geometry":{"type":"Point","coordinates":[-80.42230445503625,37.23071818632684]},"properties":{"id":"N512"}},{"type":"Feature","geometry":{"type":"Point","coordinates":[-80.42212725034584,37.23066364855525]},"properties":{"id":"N513"}},{"type":"Feature","geometry":{"type":"Point","coordinates":[-80.42237394762836,37.225690836381155]},"properties":{"id":"N514"}},{"type":"Feature","geometry":{"type":"Point","coordinates":[-80.42252203593581,37.22561641662122]},"properties":{"id":"N515"}},{"type":"Feature","geometry":{"type":"Point","coordinates":[-80.42249822220084,37.225540493873766]},"properties":{"id":"N516"}},{"type":"Feature","geometry":{"type":"Point","coordinates":[-80.42244470386329,37.220596416995726]},"properties":{"id":"N517"}},{"type":"Feature","geometry":{"type":"Point","coordinates":[-80.42241758818972,37.22061593338127]},"properties":{"id":"N518"}},{"type":"Feature","geometry":{"type":"Point","coordinates":[-80.42353575811467,37.22067717828502]},"properties":{"id":"N519"}},{"type":"Feature","geometry":{"type":"Point","coordinates":[-80.42341856807747,37.22072956258636]},"properties":{"id":"N520"}},{"type":"Feature","geometry":{"type":"Point","coordinates":[-80.42255076778213,37.22551390465223]},"properties":{"id":"N521"}},{"type":"Feature","geometry":{"type":"Point","coordinates":[-80.42006366568226,37.23052490322125]},"properties":{"id":"N522"}},{"type":"Feature","geometry":{"type":"Point","coordinates":[-80.424119452922,37.231322835216616]},"properties":{"id":"N523"}},{"type":"Feature","geometry":{"type":"Point","coordinates":[-80.42411484860136,37.231318950035686]},"properties":{"id":"N524"}},{"type":"Feature","geometry":{"type":"Point","coordinates":[-80.42417083441165,37.22942266447359]},"properties":{"id":"N525","building":"Burruss Hall"}},{"type":"Feature","geometry":{"type":"Point","coordinates":[-80.4245403839822,37.22974902906355]},"properties":{"id":"N526","building":"Burchard Hall"}},{"type":"Feature","geometry":{"type":"Point","coordinates":[-80.42461081483788,37.22981879449764]},"properties":{"id":"N527"}},{"type":"Feature","geometry":{"type":"Point","coordinates":[-80.42417051767798,37.22985324871972]},"properties":{"id":"N528"}},{"type":"Feature","geometry":{"type":"Point","coordinates":[-80.4241761380849,37.23127822885813]},"properties":{"id":"N529"}},{"type":"Feature","geometry":{"type":"Point","coordinates":[-80.42400563779162,37.231399957200416]},"properties":{"id":"N530"}},{"type":"Feature","geometry":{"type":"Point","coordinates":[-80.4181362251821,37.218881460362454]},"properties":{"id":"N531","building":"Lane Stadium (south end zone)"}},{"type":"Feature","geometry":{"type":"Point","coordinates":[-80.41811461984268,37.21869065509143]},"properties":{"id":"N532","building":"Lane Stadium Ticket Booth South"}},{"type":"Feature","geometry":{"type":"Point","coordinates":[-80.42276594817767,37.223059120614714]},"properties":{"id":"N533"}},{"type":"Feature","geometry":{"type":"Point","coordinates":[-80.42431906491248,37.21847716582864]},"properties":{"id":"N534"}},{"type":"Feature","geometry":{"type":"Point","coordinates":[-80.42267000529074,37.218468490607236]},"properties":{"id":"N535"}},{"type":"Feature","geometry":{"type":"Point","coordinates":[-80.42441502551395,37.21850926234227]},"properties":{"id":"N536"}},{"type":"Feature","geometry":{"type":"Point","coordinates":[-80.42163004001195,37.22077002221148]},"properties":{"id":"N537"}},{"type":"Feature","geometry":{"type":"Point","coordinates":[-80.42165632281124,37.220744961365895]},"properties":{"id":"N538"}},{"type":"Feature","geometry":{"type":"Point","coordinates":[-80.42243483513691,37.220633916049884]},"properties":{"id":"N539"}},{"type":"Feature","geometry":{"type":"Point","coordinates":[-80.42298664134358,37.22081540048171]},"properties":{"id":"N540"}},{"type":"Feature","geometry":{"type":"Point","coordinates":[-80.42296104309996,37.220783128029275]},"properties":{"id":"N541"}},{"type":"Feature","geometry":{"type":"Point","coordinates":[-80.4224807016142,37.22068173907435]},"properties":{"id":"N542"}},{"type":"Feature","geometry":{"type":"Point","coordinates":[-80.42162322331039,37.23124164600501]},"properties":{"id":"N543"}},{"type":"Feature","geometry":{"type":"Point","coordinates":[-80.42171584765026,37.2312921934547]},"properties":{"id":"N544"}},{"type":"Feature","geometry":{"type":"Point","coordinates":[-80.42437706483194,37.21818637936524]},"properties":{"id":"N545"}},{"type":"Feature","geometry":{"type":"Point","coordinates":[-80.42419338394885,37.217770883270866]},"properties":{"id":"N546"}},{"type":"Feature","geometry":{"type":"Point","coordinates":[-80.41983037772513,37.22991306616066]},"properties":{"id":"N547"}},{"type":"Feature","geometry":{"type":"Point","coordinates":[-80.42033436754411,37.22928610946942]},"properties":{"id":"N548"}},{"type":"Feature","geometry":{"type":"Point","coordinates":[-80.42019646436309,37.229335388835445]},"properties":{"id":"N549"}},{"type":"Feature","geometry":{"type":"Point","coordinates":[-80.42001111140517,37.22799713225583]},"properties":{"id":"N550"}},{"type":"Feature","geometry":{"type":"Point","coordinates":[-80.42065764207054,37.22860977252534]},"properties":{"id":"N551"}},{"type":"Feature","geometry":{"type":"Point","coordinates":[-80.42080271380598,37.228752998590934]},"properties":{"id":"N552"}},{"type":"Feature","geometry":{"type":"Point","coordinates":[-80.42483636100735,37.224980472840784]},"properties":{"id":"N553"}},{"type":"Feature","geometry":{"type":"Point","coordinates":[-80.42509809622439,37.22558745482327]},"properties":{"id":"N554"}},{"type":"Feature","geometry":{"type":"Point","coordinates":[-80.42494881603359,37.22971739855648]},"properties":{"id":"N555"}},{"type":"Feature","geometry":{"type":"Point","coordinates":[-80.42496247508079,37.22971233052766]},"properties":{"id":"N556"}},{"type":"Feature","geometry":{"type":"Point","coordinates":[-80.42063077373493,37.228742122959716]},"properties":{"id":"N557"}},{"type":"Feature","geometry":{"type":"Point","coordinates":[-80.4210187521693,37.23068294119101]},"properties":{"id":"N558","building":"College of Liberal Arts and Human Sciences Building"}},{"type":"Feature","geometry":{"type":"Point","coordinates":[-80.41885673526592,37.225587733086435]},"properties":{"id":"N559"}},{"type":"Feature","geometry":{"type":"Point","coordinates":[-80.4183579899731,37.2258226687097]},"properties":{"id":"N560"}},{"type":"Feature","geometry":{"type":"Point","coordinates":[-80.42317156293183,37.23179157374275]},"properties":{"id":"N561"}},{"type":"Feature","geometry":{"type":"Point","coordinates":[-80.42337311404862,37.23188806541118]},"properties":{"id":"N562"}},{"type":"Feature","geometry":{"type":"Point","coordinates":[-80.41934621800878,37.225253755435446]},"properties":{"id":"N563"}},{"type":"Feature","geometry":{"type":"Point","coordinates":[-80.4195975710993,37.22462635917971]},"properties":{"id":"N564"}},{"type":"Feature","geometry":{"type":"Point","coordinates":[-80.41871357394731,37.22592811627809]},"properties":{"id":"N565"}},{"type":"Feature","geometry":{"type":"Point","coordinates":[-80.42006011116901,37.2253374545803]},"properties":{"id":"N566"}},{"type":"Feature","geometry":{"type":"Point","coordinates":[-80.41970450081718,37.22532222793333]},"properties":{"id":"N567"}},{"type":"Feature","geometry":{"type":"Point","coordinates":[-80.42339435666413,37.23139874369664]},"properties":{"id":"N568"}},{"type":"Feature","geometry":{"type":"Point","coordinates":[-80.42304582900542,37.23173250350607]},"properties":{"id":"N569"}},{"type":"Feature","geometry":{"type":"Point","coordinates":[-80.41962177467285,37.22163950968675]},"properties":{"id":"N570"}},{"type":"Feature","geometry":{"type":"Point","coordinates":[-80.41967947117988,37.221628118255346]},"properties":{"id":"N571"}},{"type":"Feature","geometry":{"type":"Point","coordinates":[-80.41985907384074,37.22569344994207]},"properties":{"id":"N572"}},{"type":"Feature","geometry":{"type":"Point","coordinates":[-80.41958076898365,37.225454847520055]},"properties":{"id":"N573"}},{"type":"Feature","geometry":{"type":"Point","coordinates":[-80.41955133612404,37.22542961352162]},"properties":{"id":"N574"}},{"type":"Feature","geometry":{"type":"Point","coordinates":[-80.41939902590097,37.22581798097134]},"properties":{"id":"N575"}},{"type":"Feature","geometry":{"type":"Point","coordinates":[-80.41941943286866,37.225522090273024]},"properties":{"id":"N576"}},{"type":"Feature","geometry":{"type":"Point","coordinates":[-80.42124918335236,37.22402387719641]},"properties":{"id":"N577"}},{"type":"Feature","geometry":{"type":"Point","coordinates":[-80.42088312974005,37.2241190085338]},"properties":{"id":"N578"}},{"type":"Feature","geometry":{"type":"Point","coordinates":[-80.42073508702353,37.2236964436491]},"properties":{"id":"N579"}},{"type":"Feature","geometry":{"type":"Point","coordinates":[-80.42051332299172,37.22338906047118]},"properties":{"id":"N580"}},{"type":"Feature","geometry":{"type":"Point","coordinates":[-80.4195633262818,37.22962583672392]},"properties":{"id":"N581"}},{"type":"Feature","geometry":{"type":"Point","coordinates":[-80.41929366477252,37.229345810718016]},"properties":{"id":"N582"}},{"type":"Feature","geometry":{"type":"Point","coordinates":[-80.41940980954126,37.22670866678474]},"properties":{"id":"N583"}},{"type":"Feature","geometry":{"type":"Point","coordinates":[-80.41906827320406,37.2268310655647]},"properties":{"id":"N584","building":"Owens Hall"}},{"type":"Feature","geometry":{"type":"Point","coordinates":[-80.42056718232175,37.23073483023869]},"properties":{"id":"N585"}},{"type":"Feature","geometry":{"type":"Point","coordinates":[-80.42352136992355,37.23151930064076]},"properties":{"id":"N586"}},{"type":"Feature","geometry":{"type":"Point","coordinates":[-80.41709909072937,37.219042698003825]},"properties":{"id":"N587"}},{"type":"Feature","geometry":{"type":"Point","coordinates":[-80.4176556822867,37.220882255109714]},"properties":{"id":"N588","building":"Lane Stadium (north end zone)"}},{"type":"Feature","geometry":{"type":"Point","coordinates":[-80.41911057860145,37.22535654566127]},"properties":{"id":"N589"}},{"type":"Feature","geometry":{"type":"Point","coordinates":[-80.4186214278458,37.225374334983144]},"properties":{"id":"N590"}},{"type":"Feature","geometry":{"type":"Point","coordinates":[-80.4191647987524,37.22327948210404]},"properties":{"id":"N591"}},{"type":"Feature","geometry":{"type":"Point","coordinates":[-80.41989556328215,37.22518827243954]},"properties":{"id":"N592","building":"Peddrew-Yates Hall"}},{"type":"Feature","geometry":{"type":"Point","coordinates":[-80.41997816072161,37.2251303618417]},"properties":{"id":"N593"}},{"type":"Feature","geometry":{"type":"Point","coordinates":[-80.41567998958782,37.218626206567]},"properties":{"id":"N594"}},{"type":"Feature","geometry":{"type":"Point","coordinates":[-80.41540993725081,37.21877390934076]},"properties":{"id":"N595"}},{"type":"Feature","geometry":{"type":"Point","coordinates":[-80.41895757140186,37.22834787296396]},"properties":{"id":"N596"}},{"type":"Feature","geometry":{"type":"Point","coordinates":[-80.41998134234497,37.22892107050408]},"properties":{"id":"N597"}},{"type":"Feature","geometry":{"type":"Point","coordinates":[-80.42018621741673,37.22545176940795]},"properties":{"id":"N598"}},{"type":"Feature","geometry":{"type":"Point","coordinates":[-80.42485651292502,37.220508869956454]},"properties":{"id":"N599"}},{"type":"Feature","geometry":{"type":"Point","coordinates":[-80.42395706875595,37.220642697035]},"properties":{"id":"N600"}},{"type":"Feature","geometry":{"type":"Point","coordinates":[-80.4219813464483,37.222225899284325]},"properties":{"id":"N601"}},{"type":"Feature","geometry":{"type":"Point","coordinates":[-80.42299344937895,37.22234935281243]},"properties":{"id":"N602"}},{"type":"Feature","geometry":{"type":"Point","coordinates":[-80.4224562358118,37.21846358271524]},"properties":{"id":"N603"}},{"type":"Feature","geometry":{"type":"Point","coordinates":[-80.42264864749855,37.21837054917633]},"properties":{"id":"N604"}},{"type":"Feature","geometry":{"type":"Point","coordinates":[-80.42280810076622,37.21835322642246]},"properties":{"id":"N605"}},{"type":"Feature","geometry":{"type":"Point","coordinates":[-80.42535329986173,37.228211677519745]},"properties":{"id":"N606"}},{"type":"Feature","geometry":{"type":"Point","coordinates":[-80.42375279814603,37.219231086175036]},"properties":{"id":"N607"}},{"type":"Feature","geometry":{"type":"Point","coordinates":[-80.42395305111062,37.21928920569827]},"properties":{"id":"N608"}},{"type":"Feature","geometry":{"type":"Point","coordinates":[-80.42404331976999,37.219253194355666]},"properties":{"id":"N609"}},{"type":"Feature","geometry":{"type":"Point","coordinates":[-80.41703378520334,37.218531810248564]},"properties":{"id":"N610"}},{"type":"Feature","geometry":{"type":"Point","coordinates":[-80.41656582080208,37.21814151434697]},"properties":{"id":"N611"}},{"type":"Feature","geometry":{"type":"Point","coordinates":[-80.41609360128085,37.21812860438763]},"properties":{"id":"N612"}},{"type":"Feature","geometry":{"type":"Point","coordinates":[-80.41619469023483,37.2184212297092]},"properties":{"id":"N613","building":"Southgate Center"}},{"type":"Feature","geometry":{"type":"Point","coordinates":[-80.41750400208626,37.219381977190714]},"properties":{"id":"N614","building":"Lane Stadium (east stands)"}},{"type":"Feature","geometry":{"type":"Point","coordinates":[-80.4239057527148,37.219385469379674]},"properties":{"id":"N615"}},{"type":"Feature","geometry":{"type":"Point","coordinates":[-80.42373574973486,37.21941741849873]},"properties":{"id":"N616"}},{"type":"Feature","geometry":{"type":"Point","coordinates":[-80.42139234962858,37.21936538274749]},"properties":{"id":"N617","building":"ACC Soccer/Lacrosse Tower"}},{"type":"Feature","geometry":{"type":"Point","coordinates":[-80.42249447747339,37.21927178858435]},"properties":{"id":"N618","building":"Storage Building"}},{"type":"Feature","geometry":{"type":"Point","coordinates":[-80.4227565528466,37.22283867951137]},"properties":{"id":"N619"}},{"type":"Feature","geometry":{"type":"Point","coordinates":[-80.42140063869216,37.221673902150286]},"properties":{"id":"N620"}},{"type":"Feature","geometry":{"type":"Point","coordinates":[-80.42112143373505,37.22186774581724]},"properties":{"id":"N621"}},{"type":"Feature","geometry":{"type":"Point","coordinates":[-80.42027257088192,37.222483759355434]},"properties":{"id":"N622"}},{"type":"Feature","geometry":{"type":"Point","coordinates":[-80.42240632872968,37.217911824797234]},"properties":{"id":"N623"}},{"type":"Feature","geometry":{"type":"Point","coordinates":[-80.42003950503107,37.229320396731964]},"properties":{"id":"N624"}},{"type":"Feature","geometry":{"type":"Point","coordinates":[-80.42172179075713,37.22200109625261]},"properties":{"id":"N625"}},{"type":"Feature","geometry":{"type":"Point","coordinates":[-80.4260500253562,37.227274624418605]},"properties":{"id":"N626"}},{"type":"Feature","geometry":{"type":"Point","coordinates":[-80.42588014037321,37.22838239860724]},"properties":{"id":"N627"}},{"type":"Feature","geometry":{"type":"Point","coordinates":[-80.4254649024053,37.228770583303316]},"properties":{"id":"N628"}},{"type":"Feature","geometry":{"type":"Point","coordinates":[-80.4247015973898,37.22903451886815]},"properties":{"id":"N629"}},{"type":"Feature","geometry":{"type":"Point","coordinates":[-80.42028861965315,37.22542229179246]},"properties":{"id":"N630"}},{"type":"Feature","geometry":{"type":"Point","coordinates":[-80.42043880492795,37.22542389877047]},"properties":{"id":"N631"}},{"type":"Feature","geometry":{"type":"Point","coordinates":[-80.42048636239565,37.225424407536515]},"properties":{"id":"N632"}},{"type":"Feature","geometry":{"type":"Point","coordinates":[-80.42126560006594,37.221996817827346]},"properties":{"id":"N633"}},{"type":"Feature","geometry":{"type":"Point","coordinates":[-80.42257595275315,37.223572183269596]},"properties":{"id":"N634"}},{"type":"Feature","geometry":{"type":"Point","coordinates":[-80.42256139584973,37.22352483810418]},"properties":{"id":"N635"}},{"type":"Feature","geometry":{"type":"Point","coordinates":[-80.42192976197336,37.222185159513515]},"properties":{"id":"N636"}},{"type":"Feature","geometry":{"type":"Point","coordinates":[-80.41658945597244,37.22822419547535]},"properties":{"id":"N637"}},{"type":"Feature","geometry":{"type":"Point","coordinates":[-80.42182538782109,37.223598931327025]},"properties":{"id":"N638"}},{"type":"Feature","geometry":{"type":"Point","coordinates":[-80.42457075962997,37.22246408515327]},"properties":{"id":"N639"}},{"type":"Feature","geometry":{"type":"Point","coordinates":[-80.42448400626041,37.22270022511949]},"properties":{"id":"N640"}},{"type":"Feature","geometry":{"type":"Point","coordinates":[-80.41992931427438,37.218410367040235]},"properties":{"id":"N641"}},{"type":"Feature","geometry":{"type":"Point","coordinates":[-80.43005171892959,37.22988543643621]},"properties":{"id":"N642","building":"The Inn at Virginia Tech"}},{"type":"Feature","geometry":{"type":"Point","coordinates":[-80.43021392994416,37.2303535609589]},"properties":{"id":"N643"}},{"type":"Feature","geometry":{"type":"Point","coordinates":[-80.42991901227505,37.23006726419224]},"properties":{"id":"N644"}},{"type":"Feature","geometry":{"type":"Point","coordinates":[-80.42998246788154,37.230234173516735]},"properties":{"id":"N645"}},{"type":"Feature","geometry":{"type":"Point","coordinates":[-80.4176544375026,37.22764451907835]},"properties":{"id":"N646"}},{"type":"Feature","geometry":{"type":"Point","coordinates":[-80.41784208681109,37.22783945290522]},"properties":{"id":"N647"}},{"type":"Feature","geometry":{"type":"Point","coordinates":[-80.42026455496504,37.21803662418233]},"properties":{"id":"N648"}},{"type":"Feature","geometry":{"type":"Point","coordinates":[-80.42056143379548,37.21844526305705]},"properties":{"id":"N649"}},{"type":"Feature","geometry":{"type":"Point","coordinates":[-80.43586810950886,37.22456939725793]},"properties":{"id":"N650"}},{"type":"Feature","geometry":{"type":"Point","coordinates":[-80.4163109723005,37.23161172836053]},"properties":{"id":"N651"}},{"type":"Feature","geometry":{"type":"Point","coordinates":[-80.41605215355492,37.231296935183934]},"properties":{"id":"N652"}},{"type":"Feature","geometry":{"type":"Point","coordinates":[-80.4382960476675,37.22785418841487]},"properties":{"id":"N653"}},{"type":"Feature","geometry":{"type":"Point","coordinates":[-80.43846649159885,37.2243913912524]},"properties":{"id":"N654"}},{"type":"Feature","geometry":{"type":"Point","coordinates":[-80.43863404461548,37.22433321584457]},"properties":{"id":"N655"}},{"type":"Feature","geometry":{"type":"Point","coordinates":[-80.43873852373554,37.22485988165486]},"properties":{"id":"N656"}},{"type":"Feature","geometry":{"type":"Point","coordinates":[-80.43888892246198,37.22478828001832]},"properties":{"id":"N657"}},{"type":"Feature","geometry":{"type":"Point","coordinates":[-80.43810151825222,37.22549623262001]},"properties":{"id":"N658"}},{"type":"Feature","geometry":{"type":"Point","coordinates":[-80.4382847283701,37.2254066901359]},"properties":{"id":"N659"}},{"type":"Feature","geometry":{"type":"Point","coordinates":[-80.43759409185962,37.22446477820058]},"properties":{"id":"N660"}},{"type":"Feature","geometry":{"type":"Point","coordinates":[-80.41999355429874,37.218032876414746]},"properties":{"id":"N661"}},{"type":"Feature","geometry":{"type":"Point","coordinates":[-80.42007063910256,37.21801774086263]},"properties":{"id":"N662"}},{"type":"Feature","geometry":{"type":"Point","coordinates":[-80.43879460625078,37.227402340765735]},"properties":{"id":"N663"}},{"type":"Feature","geometry":{"type":"Point","coordinates":[-80.43848806805433,37.227171123315024]},"properties":{"id":"N664"}},{"type":"Feature","geometry":{"type":"Point","coordinates":[-80.43815707675198,37.227191667623835]},"properties":{"id":"N665"}},{"type":"Feature","geometry":{"type":"Point","coordinates":[-80.43814887963842,37.22720691134806]},"properties":{"id":"N666"}},{"type":"Feature","geometry":{"type":"Point","coordinates":[-80.43823959100538,37.22759551310212]},"properties":{"id":"N667"}},{"type":"Feature","geometry":{"type":"Point","coordinates":[-80.43829552271089,37.22759414944966]},"properties":{"id":"N668"}},{"type":"Feature","geometry":{"type":"Point","coordinates":[-80.43838298715588,37.22742695798006]},"properties":{"id":"N669"}},{"type":"Feature","geometry":{"type":"Point","coordinates":[-80.43804295569369,37.22715732146284]},"properties":{"id":"N670"}},{"type":"Feature","geometry":{"type":"Point","coordinates":[-80.43878895895692,37.225730001669454]},"properties":{"id":"N671"}},{"type":"Feature","geometry":{"type":"Point","coordinates":[-80.43871007653426,37.2255958107757]},"properties":{"id":"N672"}},{"type":"Feature","geometry":{"type":"Point","coordinates":[-80.4386521711159,37.22561773382482]},"properties":{"id":"N673"}},{"type":"Feature","geometry":{"type":"Point","coordinates":[-80.43888959609743,37.225527854247]},"properties":{"id":"N674"}},{"type":"Feature","geometry":{"type":"Point","coordinates":[-80.43812316535069,37.225215764232516]},"properties":{"id":"N675"}},{"type":"Feature","geometry":{"type":"Point","coordinates":[-80.43802934928956,37.22535059380105]},"properties":{"id":"N676"}},{"type":"Feature","geometry":{"type":"Point","coordinates":[-80.4378494863069,37.22633670851179]},"properties":{"id":"N677"}},{"type":"Feature","geometry":{"type":"Point","coordinates":[-80.43806559183228,37.226103936800804]},"properties":{"id":"N678"}},{"type":"Feature","geometry":{"type":"Point","coordinates":[-80.43720978949808,37.22458886678838]},"properties":{"id":"N679"}},{"type":"Feature","geometry":{"type":"Point","coordinates":[-80.43638551091959,37.224221108146786]},"properties":{"id":"N680"}},{"type":"Feature","geometry":{"type":"Point","coordinates":[-80.4363864661088,37.22406507834028]},"properties":{"id":"N681"}},{"type":"Feature","geometry":{"type":"Point","coordinates":[-80.43647387866704,37.22391725496343]},"properties":{"id":"N682"}},{"type":"Feature","geometry":{"type":"Point","coordinates":[-80.42261489753189,37.23175476434972]},"properties":{"id":"N683"}},{"type":"Feature","geometry":{"type":"Point","coordinates":[-80.42024100446153,37.21798428955882]},"properties":{"id":"N684"}},{"type":"Feature","geometry":{"type":"Point","coordinates":[-80.42010866888674,37.224940828337516]},"properties":{"id":"N685"}},{"type":"Feature","geometry":{"type":"Point","coordinates":[-80.41735939117385,37.22840008290642]},"properties":{"id":"N686"}},{"type":"Feature","geometry":{"type":"Point","coordinates":[-80.4187840681274,37.228086362242486]},"properties":{"id":"N687","building":"University Bookstore"}},{"type":"Feature","geometry":{"type":"Point","coordinates":[-80.41975743664213,37.22650091577744]},"properties":{"id":"N688"}},{"type":"Feature","geometry":{"type":"Point","coordinates":[-80.41684688902474,37.23038276208619]},"properties":{"id":"N689"}},{"type":"Feature","geometry":{"type":"Point","coordinates":[-80.4166548116934,37.23018613116609]},"properties":{"id":"N690"}},{"type":"Feature","geometry":{"type":"Point","coordinates":[-80.4209148163395,37.22577125893979]},"properties":{"id":"N691"}},{"type":"Feature","geometry":{"type":"Point","coordinates":[-80.42077081228,37.225878115797876]},"properties":{"id":"N692"}},{"type":"Feature","geometry":{"type":"Point","coordinates":[-80.4203397132639,37.21796538525171]},"properties":{"id":"N693"}},{"type":"Feature","geometry":{"type":"Point","coordinates":[-80.4219814458571,37.23177878712799]},"properties":{"id":"N694","building":"North Chiller Plant"}},{"type":"Feature","geometry":{"type":"Point","coordinates":[-80.42211187332028,37.23168997201729]},"properties":{"id":"N695"}},{"type":"Feature","geometry":{"type":"Point","coordinates":[-80.42273910873791,37.23219922680877]},"properties":{"id":"N696"}},{"type":"Feature","geometry":{"type":"Point","coordinates":[-80.42255547786856,37.23252427226298]},"properties":{"id":"N697","building":"Construction Trailer 2 - Mitchell Hall"}},{"type":"Feature","geometry":{"type":"Point","coordinates":[-80.42275142810327,37.232379896992974]},"properties":{"id":"N698"}},{"type":"Feature","geometry":{"type":"Point","coordinates":[-80.42521825007536,37.22861115258974]},"properties":{"id":"N699"}},{"type":"Feature","geometry":{"type":"Point","coordinates":[-80.4184499199067,37.22772958949104]},"properties":{"id":"N700"}},{"type":"Feature","geometry":{"type":"Point","coordinates":[-80.41802493512206,37.227735954071115]},"properties":{"id":"N701"}},{"type":"Feature","geometry":{"type":"Point","coordinates":[-80.4181554517327,37.224997885089934]},"properties":{"id":"N702"}},{"type":"Feature","geometry":{"type":"Point","coordinates":[-80.41814396564799,37.2249663015965]},"properties":{"id":"N703"}},{"type":"Feature","geometry":{"type":"Point","coordinates":[-80.42036505496074,37.2247303442294]},"properties":{"id":"N704"}},{"type":"Feature","geometry":{"type":"Point","coordinates":[-80.42077805149452,37.22500789478726]},"properties":{"id":"N705"}},{"type":"Feature","geometry":{"type":"Point","coordinates":[-80.42319851809235,37.23217358506034]},"properties":{"id":"N706"}},{"type":"Feature","geometry":{"type":"Point","coordinates":[-80.42270893816271,37.23189639941538]},"properties":{"id":"N707"}},{"type":"Feature","geometry":{"type":"Point","coordinates":[-80.43756584145878,37.22600430604671]},"properties":{"id":"N708"}},{"type":"Feature","geometry":{"type":"Point","coordinates":[-80.43869375294184,37.22396891011197]},"properties":{"id":"N709"}},{"type":"Feature","geometry":{"type":"Point","coordinates":[-80.43852930419321,37.22409504379131]},"properties":{"id":"N710"}},{"type":"Feature","geometry":{"type":"Point","coordinates":[-80.43865449535497,37.22398356988163]},"properties":{"id":"N711"}},{"type":"Feature","geometry":{"type":"Point","coordinates":[-80.43880684917796,37.22392671907833]},"properties":{"id":"N712"}},{"type":"Feature","geometry":{"type":"Point","coordinates":[-80.42047902266181,37.2179265733497]},"properties":{"id":"N713","building":"(Athletics Storage)"}},{"type":"Feature","geometry":{"type":"Point","coordinates":[-80.42399550880349,37.22361148625283]},"properties":{"id":"N714"}},{"type":"Feature","geometry":{"type":"Point","coordinates":[-80.42227809429116,37.22419233950419]},"properties":{"id":"N715"}},{"type":"Feature","geometry":{"type":"Point","coordinates":[-80.42226860139235,37.224172878607106]},"properties":{"id":"N716"}},{"type":"Feature","geometry":{"type":"Point","coordinates":[-80.42241455198467,37.224127348268446]},"properties":{"id":"N717"}},{"type":"Feature","geometry":{"type":"Point","coordinates":[-80.42310675643087,37.22395931071383]},"properties":{"id":"N718"}},{"type":"Feature","geometry":{"type":"Point","coordinates":[-80.42478566845351,37.223246780153914]},"properties":{"id":"N719"}},{"type":"Feature","geometry":{"type":"Point","coordinates":[-80.4246920572965,37.22302078063694]},"properties":{"id":"N720"}},{"type":"Feature","geometry":{"type":"Point","coordinates":[-80.41681856686134,37.226889134789914]},"properties":{"id":"N721"}},{"type":"Feature","geometry":{"type":"Point","coordinates":[-80.41762680482053,37.227631100886526]},"properties":{"id":"N722"}},{"type":"Feature","geometry":{"type":"Point","coordinates":[-80.41488552054838,37.2287851039072]},"properties":{"id":"N723","building":"201 West Roanoke Street"}},{"type":"Feature","geometry":{"type":"Point","coordinates":[-80.41941730477893,37.224588708691456]},"properties":{"id":"N724"}},{"type":"Feature","geometry":{"type":"Point","coordinates":[-80.4196410621437,37.22452970240064]},"properties":{"id":"N725","building":"Pritchard Hall"}},{"type":"Feature","geometry":{"type":"Point","coordinates":[-80.42087118061494,37.23092789525036]},"properties":{"id":"N726"}},{"type":"Feature","geometry":{"type":"Point","coordinates":[-80.41851202884709,37.22372923230737]},"properties":{"id":"N727"}},{"type":"Feature","geometry":{"type":"Point","coordinates":[-80.41897045929252,37.22341491110163]},"properties":{"id":"N728"}},{"type":"Feature","geometry":{"type":"Point","coordinates":[-80.41554778423678,37.218748150570676]},"properties":{"id":"N729"}},{"type":"Feature","geometry":{"type":"Point","coordinates":[-80.42602939939349,37.221144568813195]},"properties":{"id":"N730"}},{"type":"Feature","geometry":{"type":"Point","coordinates":[-80.42240642683637,37.221966598852504]},"properties":{"id":"N731"}},{"type":"Feature","geometry":{"type":"Point","coordinates":[-80.42246530735932,37.22202493427936]},"properties":{"id":"N732"}},{"type":"Feature","geometry":{"type":"Point","coordinates":[-80.42244671009753,37.22205267130459]},"properties":{"id":"N733"}},{"type":"Feature","geometry":{"type":"Point","coordinates":[-80.42220628545572,37.222066045025024]},"properties":{"id":"N734"}},{"type":"Feature","geometry":{"type":"Point","coordinates":[-80.41982506186476,37.22207032265906]},"properties":{"id":"N735"}},{"type":"Feature","geometry":{"type":"Point","coordinates":[-80.42014910304208,37.222426409589]},"properties":{"id":"N736"}},{"type":"Feature","geometry":{"type":"Point","coordinates":[-80.41927637959134,37.221665612686756]},"properties":{"id":"N737","building":"Merryman Athletic Facility"}},{"type":"Feature","geometry":{"type":"Point","coordinates":[-80.42301043382496,37.22113171979442]},"properties":{"id":"N738"}},{"type":"Feature","geometry":{"type":"Point","coordinates":[-80.42297880679735,37.22114106583488]},"properties":{"id":"N739"}},{"type":"Feature","geometry":{"type":"Point","coordinates":[-80.41822815278213,37.22554864166695]},"properties":{"id":"N740"}},{"type":"Feature","geometry":{"type":"Point","coordinates":[-80.41817586406192,37.22582103195114]},"properties":{"id":"N741","building":"Newman Hall"}},{"type":"Feature","geometry":{"type":"Point","coordinates":[-80.41741577850556,37.22519403444655]},"properties":{"id":"N742","building":"Miles Hall"}},{"type":"Feature","geometry":{"type":"Point","coordinates":[-80.42034967389652,37.22324774245797]},"properties":{"id":"N743"}},{"type":"Feature","geometry":{"type":"Point","coordinates":[-80.41996493336471,37.22289548875561]},"properties":{"id":"N744"}},{"type":"Feature","geometry":{"type":"Point","coordinates":[-80.41812178741006,37.225646311490614]},"properties":{"id":"N745"}},{"type":"Feature","geometry":{"type":"Point","coordinates":[-80.41806217695222,37.225530975283526]},"properties":{"id":"N746"}},{"type":"Feature","geometry":{"type":"Point","coordinates":[-80.41817254577204,37.22541663615787]},"properties":{"id":"N747"}},{"type":"Feature","geometry":{"type":"Point","coordinates":[-80.41812215769852,37.22529702044186]},"properties":{"id":"N748"}},{"type":"Feature","geometry":{"type":"Point","coordinates":[-80.4181526736058,37.22536946249642]},"properties":{"id":"N749"}},{"type":"Feature","geometry":{"type":"Point","coordinates":[-80.42207567205661,37.222925401016]},"properties":{"id":"N750","building":"Cochrane Hall"}},{"type":"Feature","geometry":{"type":"Point","coordinates":[-80.42195273870112,37.22285800953043]},"properties":{"id":"N751"}},{"type":"Feature","geometry":{"type":"Point","coordinates":[-80.42204799262133,37.22283964685151]},"properties":{"id":"N752"}},{"type":"Feature","geometry":{"type":"Point","coordinates":[-80.43863099004749,37.22745230039616]},"properties":{"id":"N753"}},{"type":"Feature","geometry":{"type":"Point","coordinates":[-80.41810488971035,37.226939999470154]},"properties":{"id":"N754"}},{"type":"Feature","geometry":{"type":"Point","coordinates":[-80.41803673327486,37.2274523394042]},"properties":{"id":"N755"}},{"type":"Feature","geometry":{"type":"Point","coordinates":[-80.4254548303137,37.22859143952583]},"properties":{"id":"N756"}},{"type":"Feature","geometry":{"type":"Point","coordinates":[-80.42564059258407,37.22845066266453]},"properties":{"id":"N757"}},{"type":"Feature","geometry":{"type":"Point","coordinates":[-80.42292658990891,37.220477530988795]},"properties":{"id":"N758","building":"Insectary Building"}},{"type":"Feature","geometry":{"type":"Point","coordinates":[-80.42168859146986,37.223813159812174]},"properties":{"id":"N759"}},{"type":"Feature","geometry":{"type":"Point","coordinates":[-80.42181205549662,37.22381803275702]},"properties":{"id":"N760"}},{"type":"Feature","geometry":{"type":"Point","coordinates":[-80.42187263536681,37.223738522234356]},"properties":{"id":"N761"}},{"type":"Feature","geometry":{"type":"Point","coordinates":[-80.41990881283682,37.22486226814533]},"properties":{"id":"N762"}},{"type":"Feature","geometry":{"type":"Point","coordinates":[-80.42009020548196,37.22493357053733]},"properties":{"id":"N763"}},{"type":"Feature","geometry":{"type":"Point","coordinates":[-80.42030073647238,37.22479199998559]},"properties":{"id":"N764"}},{"type":"Feature","geometry":{"type":"Point","coordinates":[-80.41769612763525,37.225370966453156]},"properties":{"id":"N765"}},{"type":"Feature","geometry":{"type":"Point","coordinates":[-80.41783475258921,37.22546112521072]},"properties":{"id":"N766","building":"Johnson Hall"}},{"type":"Feature","geometry":{"type":"Point","coordinates":[-80.42039681931415,37.22489023206815]},"properties":{"id":"N767"}},{"type":"Feature","geometry":{"type":"Point","coordinates":[-80.42144263411147,37.230368989540914]},"properties":{"id":"N768"}},{"type":"Feature","geometry":{"type":"Point","coordinates":[-80.42550035804793,37.228334008088396]},"properties":{"id":"N769"}},{"type":"Feature","geometry":{"type":"Point","coordinates":[-80.42568215129435,37.228415124022916]},"properties":{"id":"N770"}},{"type":"Feature","geometry":{"type":"Point","coordinates":[-80.42581146654435,37.22830285879284]},"properties":{"id":"N771"}},{"type":"Feature","geometry":{"type":"Point","coordinates":[-80.4260037506043,37.22820779624219]},"properties":{"id":"N772"}},{"type":"Feature","geometry":{"type":"Point","coordinates":[-80.42492034347536,37.228515426997596]},"properties":{"id":"N773","building":"Pamplin Hall"}},{"type":"Feature","geometry":{"type":"Point","coordinates":[-80.42502484862325,37.22846233259969]},"properties":{"id":"N774"}},{"type":"Feature","geometry":{"type":"Point","coordinates":[-80.41785014816493,37.22547176073542]},"properties":{"id":"N775"}},{"type":"Feature","geometry":{"type":"Point","coordinates":[-80.4192153220704,37.22566519241971]},"properties":{"id":"N776","building":"New Residence Hall East"}},{"type":"Feature","geometry":{"type":"Point","coordinates":[-80.41910643493456,37.225753269456725]},"properties":{"id":"N777"}},{"type":"Feature","geometry":{"type":"Point","coordinates":[-80.41917194976132,37.218722052961795]},"properties":{"id":"N778"}},{"type":"Feature","geometry":{"type":"Point","coordinates":[-80.4239135347132,37.22196610334051]},"properties":{"id":"N779"}},{"type":"Feature","geometry":{"type":"Point","coordinates":[-80.4203834434953,37.225259167428256]},"properties":{"id":"N780"}},{"type":"Feature","geometry":{"type":"Point","coordinates":[-80.42028394270082,37.22466164420146]},"properties":{"id":"N781"}},{"type":"Feature","geometry":{"type":"Point","coordinates":[-80.4238748365666,37.221867999544074]},"properties":{"id":"N782"}},{"type":"Feature","geometry":{"type":"Point","coordinates":[-80.42245264314482,37.23082208998336]},"properties":{"id":"N783"}},{"type":"Feature","geometry":{"type":"Point","coordinates":[-80.42259184338202,37.230965715990976]},"properties":{"id":"N784"}},{"type":"Feature","geometry":{"type":"Point","coordinates":[-80.42402801815258,37.2216200402141]},"properties":{"id":"N785","building":"Litton-Reaves Hall"}},{"type":"Feature","geometry":{"type":"Point","coordinates":[-80.42415413431341,37.22189223371979]},"properties":{"id":"N786"}},{"type":"Feature","geometry":{"type":"Point","coordinates":[-80.41609446322934,37.218113901314176]},"properties":{"id":"N787"}},{"type":"Feature","geometry":{"type":"Point","coordinates":[-80.42190660694882,37.22348962453942]},"properties":{"id":"N788"}},{"type":"Feature","geometry":{"type":"Point","coordinates":[-80.41743018355689,37.2289513213386]},"properties":{"id":"N789"}},{"type":"Feature","geometry":{"type":"Point","coordinates":[-80.4175353263216,37.229068618444806]},"properties":{"id":"N790"}},{"type":"Feature","geometry":{"type":"Point","coordinates":[-80.42174124856004,37.22557398158494]},"properties":{"id":"N791"}},{"type":"Feature","geometry":{"type":"Point","coordinates":[-80.43074829948665,37.22430734467257]},"properties":{"id":"N792"}},{"type":"Feature","geometry":{"type":"Point","coordinates":[-80.43589409735274,37.22500251490086]},"properties":{"id":"N793"}},{"type":"Feature","geometry":{"type":"Point","coordinates":[-80.43566820411388,37.225032057529816]},"properties":{"id":"N794","building":"Sigma Phi Epsilon House"}},{"type":"Feature","geometry":{"type":"Point","coordinates":[-80.43584924685915,37.225135898783215]},"properties":{"id":"N795"}},{"type":"Feature","geometry":{"type":"Point","coordinates":[-80.42237561656734,37.22408428375095]},"properties":{"id":"N796"}},{"type":"Feature","geometry":{"type":"Point","coordinates":[-80.42668229350808,37.22859635685462]},"properties":{"id":"N797"}},{"type":"Feature","geometry":{"type":"Point","coordinates":[-80.42669293529457,37.228588300546804]},"properties":{"id":"N798"}},{"type":"Feature","geometry":{"type":"Point","coordinates":[-80.41916493386049,37.227521329733605]},"properties":{"id":"N799"}},{"type":"Feature","geometry":{"type":"Point","coordinates":[-80.42054296381257,37.227106356864205]},"properties":{"id":"N800"}},{"type":"Feature","geometry":{"type":"Point","coordinates":[-80.42058463676531,37.22713167627788]},"properties":{"id":"N801"}},{"type":"Feature","geometry":{"type":"Point","coordinates":[-80.42067226893793,37.22704845465779]},"properties":{"id":"N802"}},{"type":"Feature","geometry":{"type":"Point","coordinates":[-80.41980805643483,37.226453319625]},"properties":{"id":"N803"}},{"type":"Feature","geometry":{"type":"Point","coordinates":[-80.42029213136016,37.22599501412801]},"properties":{"id":"N804"}},{"type":"Feature","geometry":{"type":"Point","coordinates":[-80.42174036357275,37.2255392218527]},"properties":{"id":"N805"}},{"type":"Feature","geometry":{"type":"Point","coordinates":[-80.41830529877625,37.22806771278136]},"properties":{"id":"N806"}},{"type":"Feature","geometry":{"type":"Point","coordinates":[-80.42045453088245,37.22512275649639]},"properties":{"id":"N807"}},{"type":"Feature","geometry":{"type":"Point","coordinates":[-80.42066364378209,37.22541640643676]},"properties":{"id":"N808"}},{"type":"Feature","geometry":{"type":"Point","coordinates":[-80.42254053194867,37.225767069212395]},"properties":{"id":"N809"}},{"type":"Feature","geometry":{"type":"Point","coordinates":[-80.42248301785543,37.225797147994484]},"properties":{"id":"N810","building":"Campbell Hall - Main Wing"}},{"type":"Feature","geometry":{"type":"Point","coordinates":[-80.41789114219559,37.225357676604425]},"properties":{"id":"N811"}},{"type":"Feature","geometry":{"type":"Point","coordinates":[-80.4175613041023,37.225137178085525]},"properties":{"id":"N812"}},{"type":"Feature","geometry":{"type":"Point","coordinates":[-80.41753419590329,37.22526876921849]},"properties":{"id":"N813"}},{"type":"Feature","geometry":{"type":"Point","coordinates":[-80.42064798782752,37.22428958912245]},"properties":{"id":"N814"}},{"type":"Feature","geometry":{"type":"Point","coordinates":[-80.4203967077812,37.22421289758287]},"properties":{"id":"N815"}},{"type":"Feature","geometry":{"type":"Point","coordinates":[-80.42000981419156,37.22440023913675]},"properties":{"id":"N816"}},{"type":"Feature","geometry":{"type":"Point","coordinates":[-80.42004426613134,37.224105328388724]},"properties":{"id":"N817"}},{"type":"Feature","geometry":{"type":"Point","coordinates":[-80.41992912371448,37.2239851948779]},"properties":{"id":"N818"}},{"type":"Feature","geometry":{"type":"Point","coordinates":[-80.41986188679138,37.22392000018379]},"properties":{"id":"N819"}},{"type":"Feature","geometry":{"type":"Point","coordinates":[-80.41966030613128,37.223730213508226]},"properties":{"id":"N820"}},{"type":"Feature","geometry":{"type":"Point","coordinates":[-80.41927691343793,37.22337703709924]},"properties":{"id":"N821"}},{"type":"Feature","geometry":{"type":"Point","coordinates":[-80.41895710988499,37.223087975700636]},"properties":{"id":"N822"}},{"type":"Feature","geometry":{"type":"Point","coordinates":[-80.41885317464843,37.22295604867112]},"properties":{"id":"N823","building":"Cassell Coliseum"}},{"type":"Feature","geometry":{"type":"Point","coordinates":[-80.41775084364548,37.22756112741274]},"properties":{"id":"N824"}},{"type":"Feature","geometry":{"type":"Point","coordinates":[-80.42033522160892,37.22523187434273]},"properties":{"id":"N825"}},{"type":"Feature","geometry":{"type":"Point","coordinates":[-80.42038667162406,37.22525487798601]},"properties":{"id":"N826"}},{"type":"Feature","geometry":{"type":"Point","coordinates":[-80.42128330108542,37.22201333319424]},"properties":{"id":"N827"}},{"type":"Feature","geometry":{"type":"Point","coordinates":[-80.42172843371235,37.2220048699168]},"properties":{"id":"N828","building":"Student Services Building"}},{"type":"Feature","geometry":{"type":"Point","coordinates":[-80.41957348560727,37.23226496202187]},"properties":{"id":"N829"}},{"type":"Feature","geometry":{"type":"Point","coordinates":[-80.41779788910767,37.2250204499208]},"properties":{"id":"N830"}},{"type":"Feature","geometry":{"type":"Point","coordinates":[-80.4180133383424,37.22505575657048]},"properties":{"id":"N831"}},{"type":"Feature","geometry":{"type":"Point","coordinates":[-80.41781385912714,37.22496551245095]},"properties":{"id":"N832"}},{"type":"Feature","geometry":{"type":"Point","coordinates":[-80.41817114511768,37.22503447802705]},"properties":{"id":"N833"}},{"type":"Feature","geometry":{"type":"Point","coordinates":[-80.41836874125647,37.22494124777797]},"properties":{"id":"N834"}},{"type":"Feature","geometry":{"type":"Point","coordinates":[-80.42256350853415,37.222846695462565]},"properties":{"id":"N835"}},{"type":"Feature","geometry":{"type":"Point","coordinates":[-80.42237364946688,37.22270178109002]},"properties":{"id":"N836"}},{"type":"Feature","geometry":{"type":"Point","coordinates":[-80.42680453366022,37.217457961412514]},"properties":{"id":"N837"}},{"type":"Feature","geometry":{"type":"Point","coordinates":[-80.42665291898956,37.217406232410795]},"properties":{"id":"N838"}},{"type":"Feature","geometry":{"type":"Point","coordinates":[-80.42652657183343,37.2176950020642]},"properties":{"id":"N839"}},{"type":"Feature","geometry":{"type":"Point","coordinates":[-80.42226179729764,37.222651742084665]},"properties":{"id":"N840"}},{"type":"Feature","geometry":{"type":"Point","coordinates":[-80.42223797776349,37.222681097200216]},"properties":{"id":"N841"}},{"type":"Feature","geometry":{"type":"Point","coordinates":[-80.42356611619368,37.22164816576763]},"properties":{"id":"N842"}},{"type":"Feature","geometry":{"type":"Point","coordinates":[-80.42327702804887,37.22171819261771]},"properties":{"id":"N843"}},{"type":"Feature","geometry":{"type":"Point","coordinates":[-80.42016983806886,37.23262517395239]},"properties":{"id":"N844"}},{"type":"Feature","geometry":{"type":"Point","coordinates":[-80.42024246309578,37.2326705711281]},"properties":{"id":"N845"}},{"type":"Feature","geometry":{"type":"Point","coordinates":[-80.41991289368089,37.233568948510616]},"properties":{"id":"N846"}},{"type":"Feature","geometry":{"type":"Point","coordinates":[-80.41746558352116,37.223733507567076]},"properties":{"id":"N847"}},{"type":"Feature","geometry":{"type":"Point","coordinates":[-80.4167195433105,37.2242574464989]},"properties":{"id":"N848"}},{"type":"Feature","geometry":{"type":"Point","coordinates":[-80.42255957971577,37.22280970415328]},"properties":{"id":"N849"}},{"type":"Feature","geometry":{"type":"Point","coordinates":[-80.41838040508007,37.22490917810805]},"properties":{"id":"N850"}},{"type":"Feature","geometry":{"type":"Point","coordinates":[-80.42334692939401,37.22259495372529]},"properties":{"id":"N851"}},{"type":"Feature","geometry":{"type":"Point","coordinates":[-80.42352120335269,37.22260860726491]},"properties":{"id":"N852"}},{"type":"Feature","geometry":{"type":"Point","coordinates":[-80.41856335892592,37.22478916509346]},"properties":{"id":"N853"}},{"type":"Feature","geometry":{"type":"Point","coordinates":[-80.41873313324677,37.224727891601674]},"properties":{"id":"N854"}},{"type":"Feature","geometry":{"type":"Point","coordinates":[-80.42470030134406,37.223432184474206]},"properties":{"id":"N855"}},{"type":"Feature","geometry":{"type":"Point","coordinates":[-80.41883398462497,37.22459974027084]},"properties":{"id":"N856","building":"Hoge Hall"}},{"type":"Feature","geometry":{"type":"Point","coordinates":[-80.41874708774297,37.22474151564966]},"properties":{"id":"N857"}},{"type":"Feature","geometry":{"type":"Point","coordinates":[-80.4170303592423,37.22475809574767]},"properties":{"id":"N858"}},{"type":"Feature","geometry":{"type":"Point","coordinates":[-80.41581055631706,37.223258182827]},"properties":{"id":"N859","building":"Rappelling Tower in Stadium Woods"}},{"type":"Feature","geometry":{"type":"Point","coordinates":[-80.41880031482505,37.22498599889512]},"properties":{"id":"N860"}},{"type":"Feature","geometry":{"type":"Point","coordinates":[-80.41790850684798,37.224149746746974]},"properties":{"id":"N861"}},{"type":"Feature","geometry":{"type":"Point","coordinates":[-80.42547672812299,37.22321083908406]},"properties":{"id":"N862"}},{"type":"Feature","geometry":{"type":"Point","coordinates":[-80.41904647214298,37.224814309289094]},"properties":{"id":"N863"}},{"type":"Feature","geometry":{"type":"Point","coordinates":[-80.4282407435618,37.22231655756253]},"properties":{"id":"N864"}},{"type":"Feature","geometry":{"type":"Point","coordinates":[-80.42088307297064,37.2328295243929]},"properties":{"id":"N865"}},{"type":"Feature","geometry":{"type":"Point","coordinates":[-80.42040464153511,37.23270242091884]},"properties":{"id":"N866"}},{"type":"Feature","geometry":{"type":"Point","coordinates":[-80.4205490914341,37.2332494085791]},"properties":{"id":"N867"}},{"type":"Feature","geometry":{"type":"Point","coordinates":[-80.4245969493826,37.22304666788049]},"properties":{"id":"N868"}},{"type":"Feature","geometry":{"type":"Point","coordinates":[-80.42756056055822,37.22921820658724]},"properties":{"id":"N869"}},{"type":"Feature","geometry":{"type":"Point","coordinates":[-80.42755700524928,37.22926947819652]},"properties":{"id":"N870"}},{"type":"Feature","geometry":{"type":"Point","coordinates":[-80.4251397143992,37.22287995427093]},"properties":{"id":"N871"}},{"type":"Feature","geometry":{"type":"Point","coordinates":[-80.42536594704184,37.22279890470008]},"properties":{"id":"N872"}},{"type":"Feature","geometry":{"type":"Point","coordinates":[-80.42497544610386,37.22234753934713]},"properties":{"id":"N873"}},{"type":"Feature","geometry":{"type":"Point","coordinates":[-80.42704055755354,37.228539050040155]},"properties":{"id":"N874"}},{"type":"Feature","geometry":{"type":"Point","coordinates":[-80.42753101788013,37.229289464875244]},"properties":{"id":"N875"}},{"type":"Feature","geometry":{"type":"Point","coordinates":[-80.42769634619265,37.229455851049536]},"properties":{"id":"N876"}},{"type":"Feature","geometry":{"type":"Point","coordinates":[-80.4282537954742,37.2296718163832]},"properties":{"id":"N877"}},{"type":"Feature","geometry":{"type":"Point","coordinates":[-80.42794661302804,37.22932923993256]},"properties":{"id":"N878"}},{"type":"Feature","geometry":{"type":"Point","coordinates":[-80.42710991076247,37.22885195785715]},"properties":{"id":"N879"}},{"type":"Feature","geometry":{"type":"Point","coordinates":[-80.42727443011722,37.22904663733541]},"properties":{"id":"N880"}},{"type":"Feature","geometry":{"type":"Point","coordinates":[-80.42047800780256,37.223219164902986]},"properties":{"id":"N881"}},{"type":"Feature","geometry":{"type":"Point","coordinates":[-80.4251491138298,37.22659040576588]},"properties":{"id":"N882"}},{"type":"Feature","geometry":{"type":"Point","coordinates":[-80.42552961676009,37.22647957476069]},"properties":{"id":"N883"}},{"type":"Feature","geometry":{"type":"Point","coordinates":[-80.42546748611154,37.22292669022451]},"properties":{"id":"N884"}},{"type":"Feature","geometry":{"type":"Point","coordinates":[-80.42632722615421,37.223535427762855]},"properties":{"id":"N885","building":"The Grove Garage"}},{"type":"Feature","geometry":{"type":"Point","coordinates":[-80.4244728831544,37.227206383892714]},"properties":{"id":"N886"}},{"type":"Feature","geometry":{"type":"Point","coordinates":[-80.4219378901678,37.22290998217852]},"properties":{"id":"N887"}},{"type":"Feature","geometry":{"type":"Point","coordinates":[-80.42410273816607,37.219217398362666]},"properties":{"id":"N888"}},{"type":"Feature","geometry":{"type":"Point","coordinates":[-80.42261908991675,37.228753744754506]},"properties":{"id":"N889"}},{"type":"Feature","geometry":{"type":"Point","coordinates":[-80.42134576687745,37.22237080388667]},"properties":{"id":"N890"}},{"type":"Feature","geometry":{"type":"Point","coordinates":[-80.42213451428246,37.2225632108619]},"properties":{"id":"N891"}},{"type":"Feature","geometry":{"type":"Point","coordinates":[-80.42263845393398,37.22295402870029]},"properties":{"id":"N892"}},{"type":"Feature","geometry":{"type":"Point","coordinates":[-80.42510631787617,37.23311098722626]},"properties":{"id":"N893"}},{"type":"Feature","geometry":{"type":"Point","coordinates":[-80.42543084218634,37.23266506174843]},"properties":{"id":"N894"}},{"type":"Feature","geometry":{"type":"Point","coordinates":[-80.42529027883994,37.23229892674443]},"properties":{"id":"N895"}},{"type":"Feature","geometry":{"type":"Point","coordinates":[-80.42564435995128,37.22732382037798]},"properties":{"id":"N896"}},{"type":"Feature","geometry":{"type":"Point","coordinates":[-80.42568768540102,37.227364534699866]},"properties":{"id":"N897"}},{"type":"Feature","geometry":{"type":"Point","coordinates":[-80.42565028163104,37.22752593178898]},"properties":{"id":"N898"}},{"type":"Feature","geometry":{"type":"Point","coordinates":[-80.4290571665964,37.23078608925561]},"properties":{"id":"N899"}},{"type":"Feature","geometry":{"type":"Point","coordinates":[-80.4293999346308,37.23118083426318]},"properties":{"id":"N900"}},{"type":"Feature","geometry":{"type":"Point","coordinates":[-80.43309299995852,37.23149941845542]},"properties":{"id":"N901"}},{"type":"Feature","geometry":{"type":"Point","coordinates":[-80.42276920325884,37.22325738835791]},"properties":{"id":"N902"}},{"type":"Feature","geometry":{"type":"Point","coordinates":[-80.42108972549532,37.22571439319816]},"properties":{"id":"N903"}},{"type":"Feature","geometry":{"type":"Point","coordinates":[-80.42162433247363,37.22560099290437]},"properties":{"id":"N904"}},{"type":"Feature","geometry":{"type":"Point","coordinates":[-80.4205663005853,37.228777052008645]},"properties":{"id":"N905","building":"War Memorial Chapel"}},{"type":"Feature","geometry":{"type":"Point","coordinates":[-80.42259251601875,37.2232050584344]},"properties":{"id":"N906"}},{"type":"Feature","geometry":{"type":"Point","coordinates":[-80.42201538824635,37.2215088078411]},"properties":{"id":"N907"}},{"type":"Feature","geometry":{"type":"Point","coordinates":[-80.42218778164421,37.2216995318395]},"properties":{"id":"N908"}},{"type":"Feature","geometry":{"type":"Point","coordinates":[-80.42229230772371,37.221814356289904]},"properties":{"id":"N909"}},{"type":"Feature","geometry":{"type":"Point","coordinates":[-80.4223204703729,37.22187332905554]},"properties":{"id":"N910"}},{"type":"Feature","geometry":{"type":"Point","coordinates":[-80.42226551416626,37.22165486648139]},"properties":{"id":"N911"}},{"type":"Feature","geometry":{"type":"Point","coordinates":[-80.42286097938037,37.2218592307099]},"properties":{"id":"N912"}},{"type":"Feature","geometry":{"type":"Point","coordinates":[-80.42540625544757,37.2233835621984]},"properties":{"id":"N913"}},{"type":"Feature","geometry":{"type":"Point","coordinates":[-80.42379087732543,37.222821827693295]},"properties":{"id":"N914"}},{"type":"Feature","geometry":{"type":"Point","coordinates":[-80.42394077643755,37.222778311205715]},"properties":{"id":"N915"}},{"type":"Feature","geometry":{"type":"Point","coordinates":[-80.42178273169665,37.22163573291294]},"properties":{"id":"N916"}},{"type":"Feature","geometry":{"type":"Point","coordinates":[-80.42210483264229,37.221931307100135]},"properties":{"id":"N917"}},{"type":"Feature","geometry":{"type":"Point","coordinates":[-80.42226769390035,37.22185481913552]},"properties":{"id":"N918"}},{"type":"Feature","geometry":{"type":"Point","coordinates":[-80.42069679742173,37.230172859356315]},"properties":{"id":"N919"}},{"type":"Feature","geometry":{"type":"Point","coordinates":[-80.4207836445238,37.23024777480482]},"properties":{"id":"N920"}},{"type":"Feature","geometry":{"type":"Point","coordinates":[-80.42090294585883,37.230221097870654]},"properties":{"id":"N921"}},{"type":"Feature","geometry":{"type":"Point","coordinates":[-80.42055525011628,37.22570713799934]},"properties":{"id":"N922"}},{"type":"Feature","geometry":{"type":"Point","coordinates":[-80.42676274570019,37.22987468652576]},"properties":{"id":"N923","building":"Bus Canopy A"}},{"type":"Feature","geometry":{"type":"Point","coordinates":[-80.42655327334134,37.229696303352085]},"properties":{"id":"N924"}},{"type":"Feature","geometry":{"type":"Point","coordinates":[-80.4195771475347,37.227176337610246]},"properties":{"id":"N925"}},{"type":"Feature","geometry":{"type":"Point","coordinates":[-80.42472575107996,37.2235744179459]},"properties":{"id":"N926"}},{"type":"Feature","geometry":{"type":"Point","coordinates":[-80.42353236249375,37.22575953769767]},"properties":{"id":"N927","building":"Sandy Hall"}},{"type":"Feature","geometry":{"type":"Point","coordinates":[-80.42357712458262,37.22567949185286]},"properties":{"id":"N928"}},{"type":"Feature","geometry":{"type":"Point","coordinates":[-80.42441095074675,37.22558340090212]},"properties":{"id":"N929"}},{"type":"Feature","geometry":{"type":"Point","coordinates":[-80.42444210647407,37.225542506511516]},"properties":{"id":"N930"}},{"type":"Feature","geometry":{"type":"Point","coordinates":[-80.4192478828018,37.2279318591383]},"properties":{"id":"N931"}},{"type":"Feature","geometry":{"type":"Point","coordinates":[-80.4209090750423,37.22543117728703]},"properties":{"id":"N932"}},{"type":"Feature","geometry":{"type":"Point","coordinates":[-80.42149291158792,37.22532205691938]},"properties":{"id":"N933","building":"Slusher Hall"}},{"type":"Feature","geometry":{"type":"Point","coordinates":[-80.42138552690199,37.22520638691714]},"properties":{"id":"N934"}},{"type":"Feature","geometry":{"type":"Point","coordinates":[-80.42576021071623,37.22825925369391]},"properties":{"id":"N935"}},{"type":"Feature","geometry":{"type":"Point","coordinates":[-80.4248222386216,37.2282884671301]},"properties":{"id":"N936"}},{"type":"Feature","geometry":{"type":"Point","coordinates":[-80.42106385201967,37.23175266996619]},"properties":{"id":"N937"}},{"type":"Feature","geometry":{"type":"Point","coordinates":[-80.42266088680866,37.23123767780132]},"properties":{"id":"N938","building":"Lavery Hall"}},{"type":"Feature","geometry":{"type":"Point","coordinates":[-80.42725529403539,37.225463672211134]},"properties":{"id":"N939","building":"DUCK POND BATHROOMS"}},{"type":"Feature","geometry":{"type":"Point","coordinates":[-80.42564680154254,37.22634161026738]},"properties":{"id":"N940"}},{"type":"Feature","geometry":{"type":"Point","coordinates":[-80.41930349178965,37.22977640532354]},"properties":{"id":"N941"}},{"type":"Feature","geometry":{"type":"Point","coordinates":[-80.42025592594739,37.22920251283033]},"properties":{"id":"N942"}},{"type":"Feature","geometry":{"type":"Point","coordinates":[-80.41903880283054,37.22950255368536]},"properties":{"id":"N943"}},{"type":"Feature","geometry":{"type":"Point","coordinates":[-80.42079701805615,37.22969720274273]},"properties":{"id":"N944"}},{"type":"Feature","geometry":{"type":"Point","coordinates":[-80.42074928352244,37.229728286829285]},"properties":{"id":"N945"}},{"type":"Feature","geometry":{"type":"Point","coordinates":[-80.42063465402269,37.22952951785735]},"properties":{"id":"N946"}},{"type":"Feature","geometry":{"type":"Point","coordinates":[-80.42059267210114,37.22956138613135]},"properties":{"id":"N947"}},{"type":"Feature","geometry":{"type":"Point","coordinates":[-80.42638597323042,37.22955291696102]},"properties":{"id":"N948"}},{"type":"Feature","geometry":{"type":"Point","coordinates":[-80.42651824901206,37.22965980073617]},"properties":{"id":"N949"}},{"type":"Feature","geometry":{"type":"Point","coordinates":[-80.41840900377547,37.2289937883571]},"properties":{"id":"N950"}},{"type":"Feature","geometry":{"type":"Point","coordinates":[-80.41797094834615,37.22916821047123]},"properties":{"id":"N951"}},{"type":"Feature","geometry":{"type":"Point","coordinates":[-80.41866825562032,37.22764543748988]},"properties":{"id":"N952"}},{"type":"Feature","geometry":{"type":"Point","coordinates":[-80.41884818130951,37.22769677259154]},"properties":{"id":"N953"}},{"type":"Feature","geometry":{"type":"Point","coordinates":[-80.41812966824901,37.22792870349527]},"properties":{"id":"N954"}},{"type":"Feature","geometry":{"type":"Point","coordinates":[-80.42134997568984,37.223583977606424]},"properties":{"id":"N955"}},{"type":"Feature","geometry":{"type":"Point","coordinates":[-80.41873146175185,37.2263847018487]},"properties":{"id":"N956"}},{"type":"Feature","geometry":{"type":"Point","coordinates":[-80.41894225880962,37.226191406825954]},"properties":{"id":"N957"}},{"type":"Feature","geometry":{"type":"Point","coordinates":[-80.42646546952405,37.22945180625311]},"properties":{"id":"N958"}},{"type":"Feature","geometry":{"type":"Point","coordinates":[-80.4243373276147,37.221839678436204]},"properties":{"id":"N959"}},{"type":"Feature","geometry":{"type":"Point","coordinates":[-80.41963274408958,37.22080870575847]},"properties":{"id":"N960"}},{"type":"Feature","geometry":{"type":"Point","coordinates":[-80.41935533738582,37.22028126187613]},"properties":{"id":"N961"}},{"type":"Feature","geometry":{"type":"Point","coordinates":[-80.42120642166586,37.231888552115365]},"properties":{"id":"N962","building":"Military Building / Laundry"}},{"type":"Feature","geometry":{"type":"Point","coordinates":[-80.42690494831135,37.22904939758565]},"properties":{"id":"N963"}},{"type":"Feature","geometry":{"type":"Point","coordinates":[-80.42699702620148,37.22897047526847]},"properties":{"id":"N964"}},{"type":"Feature","geometry":{"type":"Point","coordinates":[-80.42721161547173,37.22875248398834]},"properties":{"id":"N965"}},{"type":"Feature","geometry":{"type":"Point","coordinates":[-80.42444762937832,37.22921701055786]},"properties":{"id":"N966"}},{"type":"Feature","geometry":{"type":"Point","coordinates":[-80.42467151746237,37.22938643792648]},"properties":{"id":"N967"}},{"type":"Feature","geometry":{"type":"Point","coordinates":[-80.42544484482934,37.22747096554577]},"properties":{"id":"N968"}},{"type":"Feature","geometry":{"type":"Point","coordinates":[-80.42533322889958,37.22731579725428]},"properties":{"id":"N969"}},{"type":"Feature","geometry":{"type":"Point","coordinates":[-80.42546810088501,37.22054367557622]},"properties":{"id":"N970"}},{"type":"Feature","geometry":{"type":"Point","coordinates":[-80.42644042965111,37.22039931275544]},"properties":{"id":"N971"}},{"type":"Feature","geometry":{"type":"Point","coordinates":[-80.42698000235185,37.22910487385368]},"properties":{"id":"N972","building":"Classroom Building"}},{"type":"Feature","geometry":{"type":"Point","coordinates":[-80.42513131232143,37.220711487565765]},"properties":{"id":"N973"}},{"type":"Feature","geometry":{"type":"Point","coordinates":[-80.42510530114406,37.22060234018761]},"properties":{"id":"N974"}},{"type":"Feature","geometry":{"type":"Point","coordinates":[-80.42551848699622,37.23212589528488]},"properties":{"id":"N975"}},{"type":"Feature","geometry":{"type":"Point","coordinates":[-80.42542223332893,37.232046248101724]},"properties":{"id":"N976"}},{"type":"Feature","geometry":{"type":"Point","coordinates":[-80.42530369877264,37.23194816530893]},"properties":{"id":"N977"}},{"type":"Feature","geometry":{"type":"Point","coordinates":[-80.42507962595776,37.23212776865991]},"properties":{"id":"N978"}},{"type":"Feature","geometry":{"type":"Point","coordinates":[-80.42521410979066,37.232235783253145]},"properties":{"id":"N979"}},{"type":"Feature","geometry":{"type":"Point","coordinates":[-80.42583182405839,37.2317263885624]},"properties":{"id":"N980"}},{"type":"Feature","geometry":{"type":"Point","coordinates":[-80.42515216565769,37.22059387517647]},"properties":{"id":"N981"}},{"type":"Feature","geometry":{"type":"Point","coordinates":[-80.4253013423936,37.220682319198836]},"properties":{"id":"N982"}},{"type":"Feature","geometry":{"type":"Point","coordinates":[-80.42074264363062,37.2255665461119]},"properties":{"id":"N983"}},{"type":"Feature","geometry":{"type":"Point","coordinates":[-80.42033452811953,37.22568722818088]},"properties":{"id":"N984"}},{"type":"Feature","geometry":{"type":"Point","coordinates":[-80.425847359733,37.22717629444449]},"properties":{"id":"N985"}},{"type":"Feature","geometry":{"type":"Point","coordinates":[-80.4282202270547,37.22041058875423]},"properties":{"id":"N986"}},{"type":"Feature","geometry":{"type":"Point","coordinates":[-80.4275063170073,37.22074127405305]},"properties":{"id":"N987"}},{"type":"Feature","geometry":{"type":"Point","coordinates":[-80.42800369888342,37.220367187097786]},"properties":{"id":"N988"}},{"type":"Feature","geometry":{"type":"Point","coordinates":[-80.42815075487313,37.220316153412725]},"properties":{"id":"N989"}},{"type":"Feature","geometry":{"type":"Point","coordinates":[-80.42512388804154,37.22697277415147]},"properties":{"id":"N990","building":"Davidson Hall"}},{"type":"Feature","geometry":{"type":"Point","coordinates":[-80.42517391322693,37.226798624636906]},"properties":{"id":"N991"}},{"type":"Feature","geometry":{"type":"Point","coordinates":[-80.42529234706312,37.22671059170488]},"properties":{"id":"N992"}},{"type":"Feature","geometry":{"type":"Point","coordinates":[-80.42762132235767,37.220915113640245]},"properties":{"id":"N993"}},{"type":"Feature","geometry":{"type":"Point","coordinates":[-80.4277956940579,37.219831506449914]},"properties":{"id":"N994"}},{"type":"Feature","geometry":{"type":"Point","coordinates":[-80.42770227492727,37.22949031749899]},"properties":{"id":"N995"}},{"type":"Feature","geometry":{"type":"Point","coordinates":[-80.42747830310506,37.22071219198237]},"properties":{"id":"N996"}},{"type":"Feature","geometry":{"type":"Point","coordinates":[-80.42699029517416,37.22018128504117]},"properties":{"id":"N997"}},{"type":"Feature","geometry":{"type":"Point","coordinates":[-80.42738604008969,37.220002327611375]},"properties":{"id":"N998"}},{"type":"Feature","geometry":{"type":"Point","coordinates":[-80.42044230834657,37.225547775140804]},"properties":{"id":"N999"}},{"type":"Feature","geometry":{"type":"Point","coordinates":[-80.42694497936844,37.22843771055289]},"properties":{"id":"N1000"}},{"type":"Feature","geometry":{"type":"Point","coordinates":[-80.4267324983524,37.2286223829893]},"properties":{"id":"N1001"}},{"type":"Feature","geometry":{"type":"Point","coordinates":[-80.42656570521174,37.22876270765745]},"properties":{"id":"N1002"}},{"type":"Feature","geometry":{"type":"Point","coordinates":[-80.42712595107224,37.22023757968421]},"properties":{"id":"N1003"}},{"type":"Feature","geometry":{"type":"Point","coordinates":[-80.42724726772087,37.22038619420798]},"properties":{"id":"N1004","building":"Human & Agricultural Biosciences Bldg 1"}},{"type":"Feature","geometry":{"type":"Point","coordinates":[-80.42427426737679,37.21788716666229]},"properties":{"id":"N1005"}},{"type":"Feature","geometry":{"type":"Point","coordinates":[-80.42354357096966,37.219231464304684]},"properties":{"id":"N1006"}},{"type":"Feature","geometry":{"type":"Point","coordinates":[-80.4239504600243,37.21913567659846]},"properties":{"id":"N1007"}},{"type":"Feature","geometry":{"type":"Point","coordinates":[-80.42419438110929,37.219023752701055]},"properties":{"id":"N1008"}},{"type":"Feature","geometry":{"type":"Point","coordinates":[-80.42397905908956,37.2327326893454]},"properties":{"id":"N1009"}},{"type":"Feature","geometry":{"type":"Point","coordinates":[-80.41970959565558,37.219452968341024]},"properties":{"id":"N1010"}},{"type":"Feature","geometry":{"type":"Point","coordinates":[-80.41539222392724,37.229117433472815]},"properties":{"id":"N1011"}},{"type":"Feature","geometry":{"type":"Point","coordinates":[-80.41529633833696,37.229178921688955]},"properties":{"id":"N1012"}},{"type":"Feature","geometry":{"type":"Point","coordinates":[-80.41842557140019,37.23214865228933]},"properties":{"id":"N1013"}},{"type":"Feature","geometry":{"type":"Point","coordinates":[-80.41861897872606,37.23198454581676]},"properties":{"id":"N1014"}},{"type":"Feature","geometry":{"type":"Point","coordinates":[-80.42247861428345,37.228638566885905]},"properties":{"id":"N1015"}},{"type":"Feature","geometry":{"type":"Point","coordinates":[-80.41549027923837,37.22935471575834]},"properties":{"id":"N1016"}},{"type":"Feature","geometry":{"type":"Point","coordinates":[-80.41629096079232,37.22998846354099]},"properties":{"id":"N1017"}},{"type":"Feature","geometry":{"type":"Point","coordinates":[-80.416701398758,37.229756217686244]},"properties":{"id":"N1018"}},{"type":"Feature","geometry":{"type":"Point","coordinates":[-80.4166693049344,37.22972627012355]},"properties":{"id":"N1019"}},{"type":"Feature","geometry":{"type":"Point","coordinates":[-80.41661188709857,37.22968844104872]},"properties":{"id":"N1020"}},{"type":"Feature","geometry":{"type":"Point","coordinates":[-80.41616275321532,37.229271372985195]},"properties":{"id":"N1021"}},{"type":"Feature","geometry":{"type":"Point","coordinates":[-80.41668143982817,37.22973759325063]},"properties":{"id":"N1022"}},{"type":"Feature","geometry":{"type":"Point","coordinates":[-80.41737894366794,37.2293034501124]},"properties":{"id":"N1023"}},{"type":"Feature","geometry":{"type":"Point","coordinates":[-80.41518054571412,37.22890630304611]},"properties":{"id":"N1024","building":"Media Building"}},{"type":"Feature","geometry":{"type":"Point","coordinates":[-80.41772068241521,37.23160806073172]},"properties":{"id":"N1025"}},{"type":"Feature","geometry":{"type":"Point","coordinates":[-80.41776862919602,37.23155839728634]},"properties":{"id":"N1026"}},{"type":"Feature","geometry":{"type":"Point","coordinates":[-80.41737332744363,37.230956609692484]},"properties":{"id":"N1027"}},{"type":"Feature","geometry":{"type":"Point","coordinates":[-80.41691201168732,37.23123447667592]},"properties":{"id":"N1028"}},{"type":"Feature","geometry":{"type":"Point","coordinates":[-80.41852557121442,37.2309100886918]},"properties":{"id":"N1029"}},{"type":"Feature","geometry":{"type":"Point","coordinates":[-80.41802188191906,37.22827468455938]},"properties":{"id":"N1030"}},{"type":"Feature","geometry":{"type":"Point","coordinates":[-80.41532851460022,37.23057160403368]},"properties":{"id":"N1031"}},{"type":"Feature","geometry":{"type":"Point","coordinates":[-80.41617241027016,37.2300629175746]},"properties":{"id":"N1032"}},{"type":"Feature","geometry":{"type":"Point","coordinates":[-80.4234275210514,37.22799691475932]},"properties":{"id":"N1033"}},{"type":"Feature","geometry":{"type":"Point","coordinates":[-80.41960780187736,37.22164163593437]},"properties":{"id":"N1034"}},{"type":"Feature","geometry":{"type":"Point","coordinates":[-80.41733140561537,37.22925863100665]},"properties":{"id":"N1035"}},{"type":"Feature","geometry":{"type":"Point","coordinates":[-80.41730198054422,37.22897859991947]},"properties":{"id":"N1036"}},{"type":"Feature","geometry":{"type":"Point","coordinates":[-80.41747223442991,37.229204612723194]},"properties":{"id":"N1037"}},{"type":"Feature","geometry":{"type":"Point","coordinates":[-80.41768037484873,37.229226305168226]},"properties":{"id":"N1038"}},{"type":"Feature","geometry":{"type":"Point","coordinates":[-80.42017799586334,37.22239997093625]},"properties":{"id":"N1039"}},{"type":"Feature","geometry":{"type":"Point","coordinates":[-80.41987335883081,37.2220499179918]},"properties":{"id":"N1040"}},{"type":"Feature","geometry":{"type":"Point","coordinates":[-80.41507279542964,37.22897629428133]},"properties":{"id":"N1041"}},{"type":"Feature","geometry":{"type":"Point","coordinates":[-80.41544515678804,37.228960722558746]},"properties":{"id":"N1042"}},{"type":"Feature","geometry":{"type":"Point","coordinates":[-80.41537799926625,37.228893213172974]},"properties":{"id":"N1043"}},{"type":"Feature","geometry":{"type":"Point","coordinates":[-80.41554182215437,37.22867838366578]},"properties":{"id":"N1044"}},{"type":"Feature","geometry":{"type":"Point","coordinates":[-80.41546423921316,37.228727825940936]},"properties":{"id":"N1045"}},{"type":"Feature","geometry":{"type":"Point","coordinates":[-80.41955710032401,37.22180941117479]},"properties":{"id":"N1046"}},{"type":"Feature","geometry":{"type":"Point","coordinates":[-80.41953498691679,37.22181552188081]},"properties":{"id":"N1047"}},{"type":"Feature","geometry":{"type":"Point","coordinates":[-80.41607003285993,37.22898205575377]},"properties":{"id":"N1048"}},{"type":"Feature","geometry":{"type":"Point","coordinates":[-80.41597091647647,37.22888054462379]},"properties":{"id":"N1049","building":"Media Annex"}},{"type":"Feature","geometry":{"type":"Point","coordinates":[-80.41580147129167,37.228665180549285]},"properties":{"id":"N1050"}},{"type":"Feature","geometry":{"type":"Point","coordinates":[-80.41595934424883,37.22856373608165]},"properties":{"id":"N1051"}},{"type":"Feature","geometry":{"type":"Point","coordinates":[-80.41721435938868,37.228476189425244]},"properties":{"id":"N1052"}},{"type":"Feature","geometry":{"type":"Point","coordinates":[-80.4186360761374,37.2322273693004]},"properties":{"id":"N1053"}},{"type":"Feature","geometry":{"type":"Point","coordinates":[-80.41814128714033,37.2325384744466]},"properties":{"id":"N1054"}},{"type":"Feature","geometry":{"type":"Point","coordinates":[-80.41717324940305,37.23153919839569]},"properties":{"id":"N1055"}},{"type":"Feature","geometry":{"type":"Point","coordinates":[-80.41715501319243,37.23158744084804]},"properties":{"id":"N1056"}},{"type":"Feature","geometry":{"type":"Point","coordinates":[-80.41707697131729,37.23162279737304]},"properties":{"id":"N1057"}},{"type":"Feature","geometry":{"type":"Point","coordinates":[-80.41753019059693,37.23168150278542]},"properties":{"id":"N1058"}},{"type":"Feature","geometry":{"type":"Point","coordinates":[-80.41815548877305,37.23164272831313]},"properties":{"id":"N1059","building":"Center for the Arts"}},{"type":"Feature","geometry":{"type":"Point","coordinates":[-80.41693554934413,37.23154101537888]},"properties":{"id":"N1060"}},{"type":"Feature","geometry":{"type":"Point","coordinates":[-80.41660686819775,37.23142308876035]},"properties":{"id":"N1061"}},{"type":"Feature","geometry":{"type":"Point","coordinates":[-80.41796278579008,37.22801297652415]},"properties":{"id":"N1062"}},{"type":"Feature","geometry":{"type":"Point","coordinates":[-80.42537934371158,37.2277095451724]},"properties":{"id":"N1063"}},{"type":"Feature","geometry":{"type":"Point","coordinates":[-80.42521004133556,37.227644134502874]},"properties":{"id":"N1064"}},{"type":"Feature","geometry":{"type":"Point","coordinates":[-80.42528704421986,37.22763600090301]},"properties":{"id":"N1065"}},{"type":"Feature","geometry":{"type":"Point","coordinates":[-80.42033858618872,37.22954273459458]},"properties":{"id":"N1066"}},{"type":"Feature","geometry":{"type":"Point","coordinates":[-80.4214223613099,37.22644692470091]},"properties":{"id":"N1067","building":"Campbell Hall - East Wing"}},{"type":"Feature","geometry":{"type":"Point","coordinates":[-80.42109466997056,37.22613818258854]},"properties":{"id":"N1068","building":"War Memorial Gymnasium"}},{"type":"Feature","geometry":{"type":"Point","coordinates":[-80.41923457465792,37.22536062136456]},"properties":{"id":"N1069"}},{"type":"Feature","geometry":{"type":"Point","coordinates":[-80.41950375238073,37.22516166408955]},"properties":{"id":"N1070"}},{"type":"Feature","geometry":{"type":"Point","coordinates":[-80.41948028484252,37.22536869773004]},"properties":{"id":"N1071"}},{"type":"Feature","geometry":{"type":"Point","coordinates":[-80.41959548057169,37.22383870590714]},"properties":{"id":"N1072"}},{"type":"Feature","geometry":{"type":"Point","coordinates":[-80.41893567479715,37.223721453431075]},"properties":{"id":"N1073"}},{"type":"Feature","geometry":{"type":"Point","coordinates":[-80.41893655100364,37.22361604878495]},"properties":{"id":"N1074"}},{"type":"Feature","geometry":{"type":"Point","coordinates":[-80.41831761418372,37.22386436488562]},"properties":{"id":"N1075"}},{"type":"Feature","geometry":{"type":"Point","coordinates":[-80.41804728798647,37.22405226053232]},"properties":{"id":"N1076"}},{"type":"Feature","geometry":{"type":"Point","coordinates":[-80.41768413343628,37.223585624125704]},"properties":{"id":"N1077"}},{"type":"Feature","geometry":{"type":"Point","coordinates":[-80.41718421349827,37.22347369907252]},"properties":{"id":"N1078"}},{"type":"Feature","geometry":{"type":"Point","coordinates":[-80.41972483517888,37.2217620976832]},"properties":{"id":"N1079"}},{"type":"Feature","geometry":{"type":"Point","coordinates":[-80.41966720250565,37.221772280379746]},"properties":{"id":"N1080"}},{"type":"Feature","geometry":{"type":"Point","coordinates":[-80.4252798829168,37.22899343725154]},"properties":{"id":"N1081"}},{"type":"Feature","geometry":{"type":"Point","coordinates":[-80.42172840525086,37.22449762439551]},"properties":{"id":"N1082","building":"Intelligent Lockers - Dietrick Hall"}},{"type":"Feature","geometry":{"type":"Point","coordinates":[-80.42186601917226,37.2243998317731]},"properties":{"id":"N1083"}},{"type":"Feature","geometry":{"type":"Point","coordinates":[-80.42026060435815,37.22250760546605]},"properties":{"id":"N1084"}},{"type":"Feature","geometry":{"type":"Point","coordinates":[-80.42009586704702,37.22262287892296]},"properties":{"id":"N1085"}},{"type":"Feature","geometry":{"type":"Point","coordinates":[-80.42124239694587,37.22651070309576]},"properties":{"id":"N1086"}},{"type":"Feature","geometry":{"type":"Point","coordinates":[-80.41798267897651,37.228001918143356]},"properties":{"id":"N1087"}},{"type":"Feature","geometry":{"type":"Point","coordinates":[-80.41877505967769,37.227219158594814]},"properties":{"id":"N1088"}},{"type":"Feature","geometry":{"type":"Point","coordinates":[-80.42308887189783,37.22480006720807]},"properties":{"id":"N1089"}},{"type":"Feature","geometry":{"type":"Point","coordinates":[-80.42241249849454,37.22486778729851]},"properties":{"id":"N1090"}},{"type":"Feature","geometry":{"type":"Point","coordinates":[-80.4223545408441,37.224861439848254]},"properties":{"id":"N1091"}},{"type":"Feature","geometry":{"type":"Point","coordinates":[-80.42779938510795,37.229153456451414]},"properties":{"id":"N1092"}},{"type":"Feature","geometry":{"type":"Point","coordinates":[-80.42108083067279,37.23027542089121]},"properties":{"id":"N1093"}},{"type":"Feature","geometry":{"type":"Point","coordinates":[-80.42141495902226,37.23029437683857]},"properties":{"id":"N1094"}},{"type":"Feature","geometry":{"type":"Point","coordinates":[-80.42314494710915,37.2302630462339]},"properties":{"id":"N1095"}},{"type":"Feature","geometry":{"type":"Point","coordinates":[-80.42372803306358,37.22986889114923]},"properties":{"id":"N1096"}},{"type":"Feature","geometry":{"type":"Point","coordinates":[-80.42249437791737,37.22906137243886]},"properties":{"id":"N1097"}},{"type":"Feature","geometry":{"type":"Point","coordinates":[-80.42207756330009,37.23313414348548]},"properties":{"id":"N1098","building":"Substation Control Building"}},{"type":"Feature","geometry":{"type":"Point","coordinates":[-80.42338065450352,37.23355784392107]},"properties":{"id":"N1099"}},{"type":"Feature","geometry":{"type":"Point","coordinates":[-80.43284442436578,37.23149902292165]},"properties":{"id":"N1100"}},{"type":"Feature","geometry":{"type":"Point","coordinates":[-80.42940797885741,37.22916063967801]},"properties":{"id":"N1101","building":"Holtzman Alumni Center"}},{"type":"Feature","geometry":{"type":"Point","coordinates":[-80.421477924606,37.23036325707627]},"properties":{"id":"N1102"}},{"type":"Feature","geometry":{"type":"Point","coordinates":[-80.42811901584233,37.23000067233289]},"properties":{"id":"N1103"}},{"type":"Feature","geometry":{"type":"Point","coordinates":[-80.42678372914641,37.2323858782796]},"properties":{"id":"N1104"}},{"type":"Feature","geometry":{"type":"Point","coordinates":[-80.42097544432364,37.22995557517092]},"properties":{"id":"N1105"}},{"type":"Feature","geometry":{"type":"Point","coordinates":[-80.42154072535287,37.2303212184336]},"properties":{"id":"N1106"}},{"type":"Feature","geometry":{"type":"Point","coordinates":[-80.42092026288371,37.22994335500084]},"properties":{"id":"N1107"}},{"type":"Feature","geometry":{"type":"Point","coordinates":[-80.4213587484148,37.230332863454606]},"properties":{"id":"N1108"}},{"type":"Feature","geometry":{"type":"Point","coordinates":[-80.42762653280703,37.22900914852154]},"properties":{"id":"N1109"}},{"type":"Feature","geometry":{"type":"Point","coordinates":[-80.4277137560224,37.22904614039726]},"properties":{"id":"N1110"}},{"type":"Feature","geometry":{"type":"Point","coordinates":[-80.43445893331506,37.23080545039933]},"properties":{"id":"N1111"}},{"type":"Feature","geometry":{"type":"Point","coordinates":[-80.43449078457641,37.23077228951828]},"properties":{"id":"N1112"}},{"type":"Feature","geometry":{"type":"Point","coordinates":[-80.43444832252713,37.230688129386856]},"properties":{"id":"N1113"}},{"type":"Feature","geometry":{"type":"Point","coordinates":[-80.434283589714,37.230779567345685]},"properties":{"id":"N1114"}},{"type":"Feature","geometry":{"type":"Point","coordinates":[-80.42642463626395,37.22835726457631]},"properties":{"id":"N1115","building":"Hahn Hall - North Wing"}},{"type":"Feature","geometry":{"type":"Point","coordinates":[-80.42696791470071,37.2200282457492]},"properties":{"id":"N1116"}},{"type":"Feature","geometry":{"type":"Point","coordinates":[-80.4299350871753,37.22999477801052]},"properties":{"id":"N1117"}},{"type":"Feature","geometry":{"type":"Point","coordinates":[-80.42906895670674,37.23034407540381]},"properties":{"id":"N1118"}},{"type":"Feature","geometry":{"type":"Point","coordinates":[-80.43064532753306,37.22184229375809]},"properties":{"id":"N1119","building":"Southwest Chiller Plant"}},{"type":"Feature","geometry":{"type":"Point","coordinates":[-80.42991328575238,37.22319960683348]},"properties":{"id":"N1120"}},{"type":"Feature","geometry":{"type":"Point","coordinates":[-80.42806218030093,37.22986061039229]},"properties":{"id":"N1121"}},{"type":"Feature","geometry":{"type":"Point","coordinates":[-80.42950625140578,37.22366462673611]},"properties":{"id":"N1122"}},{"type":"Feature","geometry":{"type":"Point","coordinates":[-80.42945671721732,37.22364137850875]},"properties":{"id":"N1123"}},{"type":"Feature","geometry":{"type":"Point","coordinates":[-80.42933072970972,37.22377277202627]},"properties":{"id":"N1124"}},{"type":"Feature","geometry":{"type":"Point","coordinates":[-80.41774343503232,37.22815386755799]},"properties":{"id":"N1125","building":"Graduate Life Center at Donaldson Brown"}},{"type":"Feature","geometry":{"type":"Point","coordinates":[-80.42908443210902,37.2237146244063]},"properties":{"id":"N1126"}},{"type":"Feature","geometry":{"type":"Point","coordinates":[-80.42382682727605,37.23296577930387]},"properties":{"id":"N1127"}},{"type":"Feature","geometry":{"type":"Point","coordinates":[-80.41891639609732,37.22617351684988]},"properties":{"id":"N1128"}},{"type":"Feature","geometry":{"type":"Point","coordinates":[-80.42944519467156,37.223999903504975]},"properties":{"id":"N1129"}},{"type":"Feature","geometry":{"type":"Point","coordinates":[-80.42051038769797,37.22464835238469]},"properties":{"id":"N1130"}},{"type":"Feature","geometry":{"type":"Point","coordinates":[-80.42591964603348,37.23278045641831]},"properties":{"id":"N1131"}},{"type":"Feature","geometry":{"type":"Point","coordinates":[-80.42514690031523,37.23311904099551]},"properties":{"id":"N1132"}},{"type":"Feature","geometry":{"type":"Point","coordinates":[-80.43864741749005,37.22621937615129]},"properties":{"id":"N1133"}},{"type":"Feature","geometry":{"type":"Point","coordinates":[-80.43877090251516,37.226355614062896]},"properties":{"id":"N1134"}},{"type":"Feature","geometry":{"type":"Point","coordinates":[-80.4389694815937,37.225660147567524]},"properties":{"id":"N1135"}},{"type":"Feature","geometry":{"type":"Point","coordinates":[-80.43715433484833,37.22529716174352]},"properties":{"id":"N1136"}},{"type":"Feature","geometry":{"type":"Point","coordinates":[-80.43751731243808,37.225354732148624]},"properties":{"id":"N1137"}},{"type":"Feature","geometry":{"type":"Point","coordinates":[-80.42721225786161,37.22843421275655]},"properties":{"id":"N1138"}},{"type":"Feature","geometry":{"type":"Point","coordinates":[-80.4378014562639,37.22585141717054]},"properties":{"id":"N1139"}},{"type":"Feature","geometry":{"type":"Point","coordinates":[-80.42834460039583,37.222261935712304]},"properties":{"id":"N1140"}},{"type":"Feature","geometry":{"type":"Point","coordinates":[-80.42601571750684,37.23250290312202]},"properties":{"id":"N1141"}},{"type":"Feature","geometry":{"type":"Point","coordinates":[-80.43896144527572,37.223935448390336]},"properties":{"id":"N1142"}},{"type":"Feature","geometry":{"type":"Point","coordinates":[-80.43892322993767,37.22396194122392]},"properties":{"id":"N1143"}},{"type":"Feature","geometry":{"type":"Point","coordinates":[-80.43881655596537,37.223862327763946]},"properties":{"id":"N1144"}},{"type":"Feature","geometry":{"type":"Point","coordinates":[-80.43899381234718,37.22407699705328]},"properties":{"id":"N1145"}},{"type":"Feature","geometry":{"type":"Point","coordinates":[-80.43941057336424,37.2249555868503]},"properties":{"id":"N1146"}},{"type":"Feature","geometry":{"type":"Point","coordinates":[-80.43924568344377,37.225009443894876]},"properties":{"id":"N1147"}},{"type":"Feature","geometry":{"type":"Point","coordinates":[-80.43945057794083,37.224852779711455]},"properties":{"id":"N1148"}},{"type":"Feature","geometry":{"type":"Point","coordinates":[-80.4394939603935,37.22484919719622]},"properties":{"id":"N1149"}},{"type":"Feature","geometry":{"type":"Point","coordinates":[-80.43937071350302,37.22472972813299]},"properties":{"id":"N1150"}},{"type":"Feature","geometry":{"type":"Point","coordinates":[-80.43761963926764,37.224255577142806]},"properties":{"id":"N1151"}},{"type":"Feature","geometry":{"type":"Point","coordinates":[-80.43752182728934,37.22430396572481]},"properties":{"id":"N1152"}},{"type":"Feature","geometry":{"type":"Point","coordinates":[-80.43682555954653,37.22477503428809]},"properties":{"id":"N1153"}},{"type":"Feature","geometry":{"type":"Point","coordinates":[-80.4366502578253,37.22402814742966]},"properties":{"id":"N1154"}},{"type":"Feature","geometry":{"type":"Point","coordinates":[-80.42861924870239,37.22944436141084]},"properties":{"id":"N1155"}},{"type":"Feature","geometry":{"type":"Point","coordinates":[-80.42506786427631,37.2284295058095]},"properties":{"id":"N1156"}},{"type":"Feature","geometry":{"type":"Point","coordinates":[-80.42655244384652,37.2325016938109]},"properties":{"id":"N1157"}},{"type":"Feature","geometry":{"type":"Point","coordinates":[-80.42628851019728,37.232155379261705]},"properties":{"id":"N1158"}},{"type":"Feature","geometry":{"type":"Point","coordinates":[-80.42474167266768,37.23263734737502]},"properties":{"id":"N1159"}},{"type":"Feature","geometry":{"type":"Point","coordinates":[-80.42117121485987,37.233917939839344]},"properties":{"id":"N1160"}},{"type":"Feature","geometry":{"type":"Point","coordinates":[-80.42154952960401,37.233011762031474]},"properties":{"id":"N1161"}},{"type":"Feature","geometry":{"type":"Point","coordinates":[-80.42906018403337,37.23134869161696]},"properties":{"id":"N1162"}},{"type":"Feature","geometry":{"type":"Point","coordinates":[-80.42155762559763,37.22557732065731]},"properties":{"id":"N1163"}},{"type":"Feature","geometry":{"type":"Point","coordinates":[-80.42220462069312,37.225291625084445]},"properties":{"id":"N1164"}},{"type":"Feature","geometry":{"type":"Point","coordinates":[-80.43078144249907,37.230363040471474]},"properties":{"id":"N1165"}},{"type":"Feature","geometry":{"type":"Point","coordinates":[-80.43092348138033,37.23030817472098]},"properties":{"id":"N1166"}},{"type":"Feature","geometry":{"type":"Point","coordinates":[-80.42106767078499,37.23371417262195]},"properties":{"id":"N1167"}},{"type":"Feature","geometry":{"type":"Point","coordinates":[-80.43002807442537,37.229893530794875]},"properties":{"id":"N1168"}},{"type":"Feature","geometry":{"type":"Point","coordinates":[-80.43091103479685,37.230081693108026]},"properties":{"id":"N1169"}},{"type":"Feature","geometry":{"type":"Point","coordinates":[-80.42924453855505,37.23042375710149]},"properties":{"id":"N1170"}},{"type":"Feature","geometry":{"type":"Point","coordinates":[-80.42996241591108,37.22979372915028]},"properties":{"id":"N1171","building":"Skelton Conference Center"}},{"type":"Feature","geometry":{"type":"Point","coordinates":[-80.42490108738913,37.22936830115764]},"properties":{"id":"N1172"}},{"type":"Feature","geometry":{"type":"Point","coordinates":[-80.41948935705092,37.225893110140404]},"properties":{"id":"N1173"}},{"type":"Feature","geometry":{"type":"Point","coordinates":[-80.42370422490028,37.22974579188493]},"properties":{"id":"N1174"}},{"type":"Feature","geometry":{"type":"Point","coordinates":[-80.42364172625193,37.22978891643508]},"properties":{"id":"N1175"}},{"type":"Feature","geometry":{"type":"Point","coordinates":[-80.42252591058786,37.230564688711375]},"properties":{"id":"N1176"}},{"type":"Feature","geometry":{"type":"Point","coordinates":[-80.42011678949379,37.23248111080965]},"properties":{"id":"N1177"}},{"type":"Feature","geometry":{"type":"Point","coordinates":[-80.42013880454232,37.232496159350745]},"properties":{"id":"N1178"}},{"type":"Feature","geometry":{"type":"Point","coordinates":[-80.43070138151944,37.224307582162126]},"properties":{"id":"N1179"}},{"type":"Feature","geometry":{"type":"Point","coordinates":[-80.4189752504594,37.23188775347927]},"properties":{"id":"N1180"}},{"type":"Feature","geometry":{"type":"Point","coordinates":[-80.41875913573631,37.23212229695963]},"properties":{"id":"N1181"}},{"type":"Feature","geometry":{"type":"Point","coordinates":[-80.42923679162976,37.22393678985777]},"properties":{"id":"N1182"}},{"type":"Feature","geometry":{"type":"Point","coordinates":[-80.41791503789952,37.22312509967045]},"properties":{"id":"N1183","building":"Hahn-Hurst Basketball Practice Facility"}},{"type":"Feature","geometry":{"type":"Point","coordinates":[-80.417660772906,37.22330142873381]},"properties":{"id":"N1184"}},{"type":"Feature","geometry":{"type":"Point","coordinates":[-80.42892156110767,37.2234133654063]},"properties":{"id":"N1185"}},{"type":"Feature","geometry":{"type":"Point","coordinates":[-80.42927925187598,37.22399039365128]},"properties":{"id":"N1186"}},{"type":"Feature","geometry":{"type":"Point","coordinates":[-80.41807350090006,37.232553205021425]},"properties":{"id":"N1187"}},{"type":"Feature","geometry":{"type":"Point","coordinates":[-80.4179935321945,37.23139843886394]},"properties":{"id":"N1188"}},{"type":"Feature","geometry":{"type":"Point","coordinates":[-80.41823131850444,37.23124347914176]},"properties":{"id":"N1189"}},{"type":"Feature","geometry":{"type":"Point","coordinates":[-80.41777442104812,37.231036700023445]},"properties":{"id":"N1190"}},{"type":"Feature","geometry":{"type":"Point","coordinates":[-80.42112556284152,37.22530463183151]},"properties":{"id":"N1191"}},{"type":"Feature","geometry":{"type":"Point","coordinates":[-80.41661320002396,37.23063369288955]},"properties":{"id":"N1192"}},{"type":"Feature","geometry":{"type":"Point","coordinates":[-80.4220882328065,37.22471488681038]},"properties":{"id":"N1193"}},{"type":"Feature","geometry":{"type":"Point","coordinates":[-80.42210436479515,37.22455472234495]},"properties":{"id":"N1194"}},{"type":"Feature","geometry":{"type":"Point","coordinates":[-80.42219689665899,37.22463310511739]},"properties":{"id":"N1195"}},{"type":"Feature","geometry":{"type":"Point","coordinates":[-80.42319302409057,37.22547734817241]},"properties":{"id":"N1196"}},{"type":"Feature","geometry":{"type":"Point","coordinates":[-80.42329017511852,37.225474932459996]},"properties":{"id":"N1197"}},{"type":"Feature","geometry":{"type":"Point","coordinates":[-80.4243618738908,37.22547958110587]},"properties":{"id":"N1198"}},{"type":"Feature","geometry":{"type":"Point","coordinates":[-80.4232970801716,37.225546302404965]},"properties":{"id":"N1199"}},{"type":"Feature","geometry":{"type":"Point","coordinates":[-80.42330454331211,37.22517579857121]},"properties":{"id":"N1200"}},{"type":"Feature","geometry":{"type":"Point","coordinates":[-80.43793765173359,37.22517997560313]},"properties":{"id":"N1201"}},{"type":"Feature","geometry":{"type":"Point","coordinates":[-80.42424833060711,37.219585707913055]},"properties":{"id":"N1202","building":"Hahn Garden Marquee"}},{"type":"Feature","geometry":{"type":"Point","coordinates":[-80.43615510543754,37.224011765544]},"properties":{"id":"N1203"}},{"type":"Feature","geometry":{"type":"Point","coordinates":[-80.42411241653937,37.219343136240745]},"properties":{"id":"N1204"}},{"type":"Feature","geometry":{"type":"Point","coordinates":[-80.41962588928246,37.22084449988132]},"properties":{"id":"N1205"}},{"type":"Feature","geometry":{"type":"Point","coordinates":[-80.4196050556061,37.21947199035623]},"properties":{"id":"N1206"}},{"type":"Feature","geometry":{"type":"Point","coordinates":[-80.4193505247325,37.21867687047106]},"properties":{"id":"N1207","building":"ACC Softball Tower"}},{"type":"Feature","geometry":{"type":"Point","coordinates":[-80.421396559617,37.21934163392814]},"properties":{"id":"N1208","building":"Rector Field House"}},{"type":"Feature","geometry":{"type":"Point","coordinates":[-80.40818358364251,37.19910668268856]},"properties":{"id":"N1209"}},{"type":"Feature","geometry":{"type":"Point","coordinates":[-80.4229904574516,37.220843583590735]},"properties":{"id":"N1210"}},{"type":"Feature","geometry":{"type":"Point","coordinates":[-80.42238311690801,37.22063953520437]},"properties":{"id":"N1211"}},{"type":"Feature","geometry":{"type":"Point","coordinates":[-80.41962221363595,37.2209374141903]},"properties":{"id":"N1212"}},{"type":"Feature","geometry":{"type":"Point","coordinates":[-80.41935088037921,37.22289068278102]},"properties":{"id":"N1213"}},{"type":"Feature","geometry":{"type":"Point","coordinates":[-80.42361242068523,37.22280557671701]},"properties":{"id":"N1214"}},{"type":"Feature","geometry":{"type":"Point","coordinates":[-80.424401520637,37.22272086283446]},"properties":{"id":"N1215","building":"Wallace Hall"}},{"type":"Feature","geometry":{"type":"Point","coordinates":[-80.42453653238228,37.2226852212619]},"properties":{"id":"N1216"}},{"type":"Feature","geometry":{"type":"Point","coordinates":[-80.42306195176214,37.22386451743465]},"properties":{"id":"N1217"}},{"type":"Feature","geometry":{"type":"Point","coordinates":[-80.42322185091068,37.223817221236565]},"properties":{"id":"N1218"}},{"type":"Feature","geometry":{"type":"Point","coordinates":[-80.42494492295096,37.227839659724474]},"properties":{"id":"N1219"}},{"type":"Feature","geometry":{"type":"Point","coordinates":[-80.42425136483266,37.22835170725431]},"properties":{"id":"N1220"}},{"type":"Feature","geometry":{"type":"Point","coordinates":[-80.4239723385539,37.22855966026154]},"properties":{"id":"N1221"}},{"type":"Feature","geometry":{"type":"Point","coordinates":[-80.42420682206223,37.22838490472799]},"properties":{"id":"N1222"}},{"type":"Feature","geometry":{"type":"Point","coordinates":[-80.42565179246199,37.22845436087822]},"properties":{"id":"N1223"}},{"type":"Feature","geometry":{"type":"Point","coordinates":[-80.42850004941243,37.22218491754311]},"properties":{"id":"N1224"}},{"type":"Feature","geometry":{"type":"Point","coordinates":[-80.42620537826797,37.220960811397894]},"properties":{"id":"N1225"}},{"type":"Feature","geometry":{"type":"Point","coordinates":[-80.42353106424817,37.22230606822273]},"properties":{"id":"N1226"}},{"type":"Feature","geometry":{"type":"Point","coordinates":[-80.43908512975172,37.22545383279481]},"properties":{"id":"N1227"}},{"type":"Feature","geometry":{"type":"Point","coordinates":[-80.43877455177979,37.22533733764948]},"properties":{"id":"N1228"}},{"type":"Feature","geometry":{"type":"Point","coordinates":[-80.43801814198655,37.22719944301083]},"properties":{"id":"N1229"}},{"type":"Feature","geometry":{"type":"Point","coordinates":[-80.43918525378336,37.2256254049675]},"properties":{"id":"N1230"}},{"type":"Feature","geometry":{"type":"Point","coordinates":[-80.43761652386252,37.22372883279465]},"properties":{"id":"N1231"}},{"type":"Feature","geometry":{"type":"Point","coordinates":[-80.4380173780887,37.22362407757049]},"properties":{"id":"N1232"}},{"type":"Feature","geometry":{"type":"Point","coordinates":[-80.43763357779987,37.22390741459389]},"properties":{"id":"N1233"}},{"type":"Feature","geometry":{"type":"Point","coordinates":[-80.42272211765416,37.23252292727392]},"properties":{"id":"N1234"}},{"type":"Feature","geometry":{"type":"Point","coordinates":[-80.42263694279332,37.232588835420465]},"properties":{"id":"N1235"}},{"type":"Feature","geometry":{"type":"Point","coordinates":[-80.42065433667352,37.23108463586922]},"properties":{"id":"N1236"}},{"type":"Feature","geometry":{"type":"Point","coordinates":[-80.42111774041207,37.23051114413124]},"properties":{"id":"N1237"}},{"type":"Feature","geometry":{"type":"Point","coordinates":[-80.4210794992393,37.23029653342962]},"properties":{"id":"N1238"}},{"type":"Feature","geometry":{"type":"Point","coordinates":[-80.42029433455045,37.23033979899236]},"properties":{"id":"N1239"}},{"type":"Feature","geometry":{"type":"Point","coordinates":[-80.42106954172743,37.23029665492119]},"properties":{"id":"N1240"}},{"type":"Feature","geometry":{"type":"Point","coordinates":[-80.42022559131176,37.22917955767115]},"properties":{"id":"N1241"}},{"type":"Feature","geometry":{"type":"Point","coordinates":[-80.41976152938234,37.23162928916375]},"properties":{"id":"N1242"}},{"type":"Feature","geometry":{"type":"Point","coordinates":[-80.42007461935984,37.23141763983158]},"properties":{"id":"N1243"}},{"type":"Feature","geometry":{"type":"Point","coordinates":[-80.4179699310718,37.22800900474852]},"properties":{"id":"N1244"}},{"type":"Feature","geometry":{"type":"Point","coordinates":[-80.41897254182578,37.22723890572953]},"properties":{"id":"N1245"}},{"type":"Feature","geometry":{"type":"Point","coordinates":[-80.41542362196667,37.22909729863161]},"properties":{"id":"N1246"}},{"type":"Feature","geometry":{"type":"Point","coordinates":[-80.41951963532179,37.225021535999424]},"properties":{"id":"N1247"}},{"type":"Feature","geometry":{"type":"Point","coordinates":[-80.41936146840486,37.22526683019059]},"properties":{"id":"N1248"}},{"type":"Feature","geometry":{"type":"Point","coordinates":[-80.4213439294705,37.22406289805962]},"properties":{"id":"N1249"}},{"type":"Feature","geometry":{"type":"Point","coordinates":[-80.42124442051418,37.22305455252036]},"properties":{"id":"N1250","building":"Ambler Johnston Hall - West Wing"}},{"type":"Feature","geometry":{"type":"Point","coordinates":[-80.4219956933134,37.22148701830281]},"properties":{"id":"N1251"}},{"type":"Feature","geometry":{"type":"Point","coordinates":[-80.42305616550948,37.22548349851417]},"properties":{"id":"N1252"}},{"type":"Feature","geometry":{"type":"Point","coordinates":[-80.4208009748214,37.22713708602169]},"properties":{"id":"N1253"}},{"type":"Feature","geometry":{"type":"Point","coordinates":[-80.4216188669833,37.22656201901477]},"properties":{"id":"N1254"}},{"type":"Feature","geometry":{"type":"Point","coordinates":[-80.41938828310661,37.22802819079826]},"properties":{"id":"N1255"}},{"type":"Feature","geometry":{"type":"Point","coordinates":[-80.4193692939976,37.22804363477089]},"properties":{"id":"N1256"}},{"type":"Feature","geometry":{"type":"Point","coordinates":[-80.41953606240793,37.22593207548644]},"properties":{"id":"N1257"}},{"type":"Feature","geometry":{"type":"Point","coordinates":[-80.42000895285766,37.2258219475064]},"properties":{"id":"N1258","building":"Payne Hall"}},{"type":"Feature","geometry":{"type":"Point","coordinates":[-80.42260357690449,37.228738994694496]},"properties":{"id":"N1259"}},{"type":"Feature","geometry":{"type":"Point","coordinates":[-80.42232133155164,37.23070648866729]},"properties":{"id":"N1260"}},{"type":"Feature","geometry":{"type":"Point","coordinates":[-80.42176342334758,37.23108354460711]},"properties":{"id":"N1261"}},{"type":"Feature","geometry":{"type":"Point","coordinates":[-80.42174270318348,37.23108501251335]},"properties":{"id":"N1262"}},{"type":"Feature","geometry":{"type":"Point","coordinates":[-80.42483006647518,37.23041515129792]},"properties":{"id":"N1263"}},{"type":"Feature","geometry":{"type":"Point","coordinates":[-80.42431941228624,37.23003358883604]},"properties":{"id":"N1264","building":"Hancock Hall"}},{"type":"Feature","geometry":{"type":"Point","coordinates":[-80.42516878759136,37.232420779438414]},"properties":{"id":"N1265"}},{"type":"Feature","geometry":{"type":"Point","coordinates":[-80.43420286572719,37.23082437426453]},"properties":{"id":"N1266","building":"Visitors & Undergraduate Admissions Center"}},{"type":"Feature","geometry":{"type":"Point","coordinates":[-80.42619602116233,37.22180161665609]},"properties":{"id":"N1267"}},{"type":"Feature","geometry":{"type":"Point","coordinates":[-80.42024374944306,37.22247862498013]},"properties":{"id":"N1268"}},{"type":"Feature","geometry":{"type":"Point","coordinates":[-80.41792626131615,37.22761486335084]},"properties":{"id":"N1269"}},{"type":"Feature","geometry":{"type":"Point","coordinates":[-80.42011043280502,37.224235702125334]},"properties":{"id":"N1270"}},{"type":"Feature","geometry":{"type":"Point","coordinates":[-80.42275375076663,37.22346557661609]},"properties":{"id":"N1271"}},{"type":"Feature","geometry":{"type":"Point","coordinates":[-80.42248227867192,37.22208544842135]},"properties":{"id":"N1272"}},{"type":"Feature","geometry":{"type":"Point","coordinates":[-80.41715331616916,37.22883634821288]},"properties":{"id":"N1273"}},{"type":"Feature","geometry":{"type":"Point","coordinates":[-80.41668363788477,37.229606884585436]},"properties":{"id":"N1274"}},{"type":"Feature","geometry":{"type":"Point","coordinates":[-80.42075981549998,37.233232625856836]},"properties":{"id":"N1275"}},{"type":"Feature","geometry":{"type":"Point","coordinates":[-80.42286363979872,37.23229702608197]},"properties":{"id":"N1276"}},{"type":"Feature","geometry":{"type":"Point","coordinates":[-80.42281739483057,37.23233360616212]},"properties":{"id":"N1277"}},{"type":"Feature","geometry":{"type":"Point","coordinates":[-80.42569078039264,37.232274509116266]},"properties":{"id":"N1278","building":"Goodwin Hall"}},{"type":"Feature","geometry":{"type":"Point","coordinates":[-80.42484953854778,37.23329715748632]},"properties":{"id":"N1279"}},{"type":"Feature","geometry":{"type":"Point","coordinates":[-80.42500582128075,37.23353300159705]},"properties":{"id":"N1280"}},{"type":"Feature","geometry":{"type":"Point","coordinates":[-80.4208626752249,37.23405422670243]},"properties":{"id":"N1281"}},{"type":"Feature","geometry":{"type":"Point","coordinates":[-80.42074403320484,37.234103372488185]},"properties":{"id":"N1282"}},{"type":"Feature","geometry":{"type":"Point","coordinates":[-80.41842303025237,37.23214588339502]},"properties":{"id":"N1283"}},{"type":"Feature","geometry":{"type":"Point","coordinates":[-80.41856098595626,37.23228031417629]},"properties":{"id":"N1284"}},{"type":"Feature","geometry":{"type":"Point","coordinates":[-80.41889550629323,37.23218469397876]},"properties":{"id":"N1285"}},{"type":"Feature","geometry":{"type":"Point","coordinates":[-80.41880899539177,37.232072250497986]},"properties":{"id":"N1286"}},{"type":"Feature","geometry":{"type":"Point","coordinates":[-80.41887224271642,37.23203462955509]},"properties":{"id":"N1287"}},{"type":"Feature","geometry":{"type":"Point","coordinates":[-80.41921533777911,37.23203814955941]},"properties":{"id":"N1288"}},{"type":"Feature","geometry":{"type":"Point","coordinates":[-80.4190444062054,37.23189277960383]},"properties":{"id":"N1289"}},{"type":"Feature","geometry":{"type":"Point","coordinates":[-80.41913595847295,37.232191953801454]},"properties":{"id":"N1290"}},{"type":"Feature","geometry":{"type":"Point","coordinates":[-80.41923506324191,37.232051400339465]},"properties":{"id":"N1291"}},{"type":"Feature","geometry":{"type":"Point","coordinates":[-80.41960388134142,37.23243191750736]},"properties":{"id":"N1292"}},{"type":"Feature","geometry":{"type":"Point","coordinates":[-80.41967812990735,37.23232552080167]},"properties":{"id":"N1293"}},{"type":"Feature","geometry":{"type":"Point","coordinates":[-80.4199003926215,37.23241255426811]},"properties":{"id":"N1294"}},{"type":"Feature","geometry":{"type":"Point","coordinates":[-80.420286906864,37.23209181078441]},"properties":{"id":"N1295"}},{"type":"Feature","geometry":{"type":"Point","coordinates":[-80.42059550352921,37.232083261926]},"properties":{"id":"N1296"}},{"type":"Feature","geometry":{"type":"Point","coordinates":[-80.42136450119442,37.23297782839652]},"properties":{"id":"N1297"}},{"type":"Feature","geometry":{"type":"Point","coordinates":[-80.42236474336104,37.23310458743318]},"properties":{"id":"N1298"}},{"type":"Feature","geometry":{"type":"Point","coordinates":[-80.42311610616248,37.23280614152381]},"properties":{"id":"N1299"}},{"type":"Feature","geometry":{"type":"Point","coordinates":[-80.42310993564547,37.23281944490945]},"properties":{"id":"N1300"}},{"type":"Feature","geometry":{"type":"Point","coordinates":[-80.42330434053379,37.23287010133802]},"properties":{"id":"N1301"}},{"type":"Feature","geometry":{"type":"Point","coordinates":[-80.42330050295867,37.23288489439578]},"properties":{"id":"N1302"}},{"type":"Feature","geometry":{"type":"Point","coordinates":[-80.42319918894732,37.23289771457039]},"properties":{"id":"N1303"}},{"type":"Feature","geometry":{"type":"Point","coordinates":[-80.42322258079058,37.23285823141002]},"properties":{"id":"N1304"}},{"type":"Feature","geometry":{"type":"Point","coordinates":[-80.42315310510061,37.23288462346533]},"properties":{"id":"N1305"}},{"type":"Feature","geometry":{"type":"Point","coordinates":[-80.42317487106578,37.23284180322188]},"properties":{"id":"N1306"}},{"type":"Feature","geometry":{"type":"Point","coordinates":[-80.42483863787557,37.23328338429518]},"properties":{"id":"N1307"}},{"type":"Feature","geometry":{"type":"Point","coordinates":[-80.42543948200307,37.232652997778274]},"properties":{"id":"N1308"}},{"type":"Feature","geometry":{"type":"Point","coordinates":[-80.42509085230253,37.23322334529201]},"properties":{"id":"N1309"}},{"type":"Feature","geometry":{"type":"Point","coordinates":[-80.42615966168567,37.23186998102553]},"properties":{"id":"N1310"}},{"type":"Feature","geometry":{"type":"Point","coordinates":[-80.42626951766252,37.23189751978236]},"properties":{"id":"N1311"}},{"type":"Feature","geometry":{"type":"Point","coordinates":[-80.42635935762661,37.23183025209633]},"properties":{"id":"N1312"}},{"type":"Feature","geometry":{"type":"Point","coordinates":[-80.43534483699217,37.230305298071166]},"properties":{"id":"N1313"}},{"type":"Feature","geometry":{"type":"Point","coordinates":[-80.43475356261015,37.230637577871505]},"properties":{"id":"N1314"}},{"type":"Feature","geometry":{"type":"Point","coordinates":[-80.43467855538591,37.23055523751237]},"properties":{"id":"N1315"}},{"type":"Feature","geometry":{"type":"Point","coordinates":[-80.43390009832281,37.23086928145142]},"properties":{"id":"N1316"}},{"type":"Feature","geometry":{"type":"Point","coordinates":[-80.42868939236237,37.231447198316026]},"properties":{"id":"N1317"}},{"type":"Feature","geometry":{"type":"Point","coordinates":[-80.42355828210061,37.231542155008334]},"properties":{"id":"N1318","building":"Durham Hall"}},{"type":"Feature","geometry":{"type":"Point","coordinates":[-80.4219318495961,37.23118380566987]},"properties":{"id":"N1319"}},{"type":"Feature","geometry":{"type":"Point","coordinates":[-80.42187397708203,37.23119196804632]},"properties":{"id":"N1320"}},{"type":"Feature","geometry":{"type":"Point","coordinates":[-80.42172623057175,37.23130208993107]},"properties":{"id":"N1321"}},{"type":"Feature","geometry":{"type":"Point","coordinates":[-80.42159935699414,37.23120163279931]},"properties":{"id":"N1322"}},{"type":"Feature","geometry":{"type":"Point","coordinates":[-80.42241741582988,37.230639889308975]},"properties":{"id":"N1323"}},{"type":"Feature","geometry":{"type":"Point","coordinates":[-80.42311321407313,37.23015358708471]},"properties":{"id":"N1324"}},{"type":"Feature","geometry":{"type":"Point","coordinates":[-80.4231947315833,37.23023060198798]},"properties":{"id":"N1325"}},{"type":"Feature","geometry":{"type":"Point","coordinates":[-80.42159298893824,37.2309611206386]},"properties":{"id":"N1326"}},{"type":"Feature","geometry":{"type":"Point","coordinates":[-80.4219344540477,37.23097464268484]},"properties":{"id":"N1327"}},{"type":"Feature","geometry":{"type":"Point","coordinates":[-80.42077406525203,37.23143730022822]},"properties":{"id":"N1328"}},{"type":"Feature","geometry":{"type":"Point","coordinates":[-80.42120091904873,37.231655866129174]},"properties":{"id":"N1329"}},{"type":"Feature","geometry":{"type":"Point","coordinates":[-80.42125122622359,37.230636438889725]},"properties":{"id":"N1330"}},{"type":"Feature","geometry":{"type":"Point","coordinates":[-80.420716238074,37.230410737097365]},"properties":{"id":"N1331"}},{"type":"Feature","geometry":{"type":"Point","coordinates":[-80.42075255209387,37.23044468960999]},"properties":{"id":"N1332"}},{"type":"Feature","geometry":{"type":"Point","coordinates":[-80.41966048309412,37.23079285433119]},"properties":{"id":"N1333","building":"Lane Hall"}},{"type":"Feature","geometry":{"type":"Point","coordinates":[-80.42068092149263,37.23106982789738]},"properties":{"id":"N1334","building":"Major Williams Hall"}},{"type":"Feature","geometry":{"type":"Point","coordinates":[-80.42040584541405,37.23074756559182]},"properties":{"id":"N1335"}},{"type":"Feature","geometry":{"type":"Point","coordinates":[-80.41948984259614,37.23137161038356]},"properties":{"id":"N1336"}},{"type":"Feature","geometry":{"type":"Point","coordinates":[-80.42055217630332,37.23163167636435]},"properties":{"id":"N1337"}},{"type":"Feature","geometry":{"type":"Point","coordinates":[-80.42052192969173,37.23160318597691]},"properties":{"id":"N1338"}},{"type":"Feature","geometry":{"type":"Point","coordinates":[-80.41997861726789,37.231482536976664]},"properties":{"id":"N1339"}},{"type":"Feature","geometry":{"type":"Point","coordinates":[-80.4200854251404,37.23158572501113]},"properties":{"id":"N1340"}},{"type":"Feature","geometry":{"type":"Point","coordinates":[-80.41977194698474,37.231663689253686]},"properties":{"id":"N1341","building":"Shanks Hall"}},{"type":"Feature","geometry":{"type":"Point","coordinates":[-80.41554211091736,37.230638450601546]},"properties":{"id":"N1342"}},{"type":"Feature","geometry":{"type":"Point","coordinates":[-80.41541957272943,37.23054900326159]},"properties":{"id":"N1343"}},{"type":"Feature","geometry":{"type":"Point","coordinates":[-80.41581792930917,37.23043875736343]},"properties":{"id":"N1344"}},{"type":"Feature","geometry":{"type":"Point","coordinates":[-80.41573142891791,37.230347648434325]},"properties":{"id":"N1345"}},{"type":"Feature","geometry":{"type":"Point","coordinates":[-80.41618589653895,37.23005470430501]},"properties":{"id":"N1346"}},{"type":"Feature","geometry":{"type":"Point","coordinates":[-80.41628303841597,37.23014762928452]},"properties":{"id":"N1347"}},{"type":"Feature","geometry":{"type":"Point","coordinates":[-80.41630011731766,37.22998334343767]},"properties":{"id":"N1348"}},{"type":"Feature","geometry":{"type":"Point","coordinates":[-80.41638453978263,37.23008409513835]},"properties":{"id":"N1349"}},{"type":"Feature","geometry":{"type":"Point","coordinates":[-80.41675689380493,37.229617667709036]},"properties":{"id":"N1350"}},{"type":"Feature","geometry":{"type":"Point","coordinates":[-80.41678910274614,37.22965214861968]},"properties":{"id":"N1351"}},{"type":"Feature","geometry":{"type":"Point","coordinates":[-80.41616079085831,37.22778775107737]},"properties":{"id":"N1352"}},{"type":"Feature","geometry":{"type":"Point","coordinates":[-80.41645269787601,37.22807568398645]},"properties":{"id":"N1353"}},{"type":"Feature","geometry":{"type":"Point","coordinates":[-80.41635691473739,37.22813339778465]},"properties":{"id":"N1354"}},{"type":"Feature","geometry":{"type":"Point","coordinates":[-80.41695151613206,37.22877205924015]},"properties":{"id":"N1355"}},{"type":"Feature","geometry":{"type":"Point","coordinates":[-80.41730353845638,37.22892616247028]},"properties":{"id":"N1356"}},{"type":"Feature","geometry":{"type":"Point","coordinates":[-80.41736895579928,37.2291263143181]},"properties":{"id":"N1357"}},{"type":"Feature","geometry":{"type":"Point","coordinates":[-80.41741780357242,37.22909965864334]},"properties":{"id":"N1358"}},{"type":"Feature","geometry":{"type":"Point","coordinates":[-80.41731623032379,37.22906993943284]},"properties":{"id":"N1359"}},{"type":"Feature","geometry":{"type":"Point","coordinates":[-80.41736244453621,37.22904179708369]},"properties":{"id":"N1360"}},{"type":"Feature","geometry":{"type":"Point","coordinates":[-80.41718424504137,37.2290115125972]},"properties":{"id":"N1361"}},{"type":"Feature","geometry":{"type":"Point","coordinates":[-80.41761406491382,37.22922054978492]},"properties":{"id":"N1362"}},{"type":"Feature","geometry":{"type":"Point","coordinates":[-80.4201675998328,37.22811649041912]},"properties":{"id":"N1363"}},{"type":"Feature","geometry":{"type":"Point","coordinates":[-80.41996942945347,37.228908652647256]},"properties":{"id":"N1364"}},{"type":"Feature","geometry":{"type":"Point","coordinates":[-80.42024587683804,37.22919490816409]},"properties":{"id":"N1365"}},{"type":"Feature","geometry":{"type":"Point","coordinates":[-80.42042509223658,37.229382795612395]},"properties":{"id":"N1366"}},{"type":"Feature","geometry":{"type":"Point","coordinates":[-80.42153737192676,37.229190037525946]},"properties":{"id":"N1367"}},{"type":"Feature","geometry":{"type":"Point","coordinates":[-80.42074739403097,37.22736347553501]},"properties":{"id":"N1368"}},{"type":"Feature","geometry":{"type":"Point","coordinates":[-80.42077783951565,37.22738801861204]},"properties":{"id":"N1369"}},{"type":"Feature","geometry":{"type":"Point","coordinates":[-80.42088036593064,37.22726345606303]},"properties":{"id":"N1370"}},{"type":"Feature","geometry":{"type":"Point","coordinates":[-80.4215366790761,37.22916685163515]},"properties":{"id":"N1371"}},{"type":"Feature","geometry":{"type":"Point","coordinates":[-80.42147802195083,37.22706049506302]},"properties":{"id":"N1372"}},{"type":"Feature","geometry":{"type":"Point","coordinates":[-80.42178525407647,37.227657373579014]},"properties":{"id":"N1373"}},{"type":"Feature","geometry":{"type":"Point","coordinates":[-80.423462962593,37.228142980250745]},"properties":{"id":"N1374"}},{"type":"Feature","geometry":{"type":"Point","coordinates":[-80.42331672224226,37.2280336222424]},"properties":{"id":"N1375"}},{"type":"Feature","geometry":{"type":"Point","coordinates":[-80.4239017164075,37.22983160638312]},"properties":{"id":"N1376"}},{"type":"Feature","geometry":{"type":"Point","coordinates":[-80.42389146383182,37.229616522258574]},"properties":{"id":"N1377"}},{"type":"Feature","geometry":{"type":"Point","coordinates":[-80.42504829996427,37.22897338965896]},"properties":{"id":"N1378"}},{"type":"Feature","geometry":{"type":"Point","coordinates":[-80.42508758509146,37.22900477242842]},"properties":{"id":"N1379"}},{"type":"Feature","geometry":{"type":"Point","coordinates":[-80.425106191817,37.228990766796734]},"properties":{"id":"N1380"}},{"type":"Feature","geometry":{"type":"Point","coordinates":[-80.42545634493017,37.228606828404054]},"properties":{"id":"N1381"}},{"type":"Feature","geometry":{"type":"Point","coordinates":[-80.42562171147068,37.22874265881619]},"properties":{"id":"N1382"}},{"type":"Feature","geometry":{"type":"Point","coordinates":[-80.4256334217372,37.228752002446925]},"properties":{"id":"N1383"}},{"type":"Feature","geometry":{"type":"Point","coordinates":[-80.42662015899202,37.22964570159999]},"properties":{"id":"N1384"}},{"type":"Feature","geometry":{"type":"Point","coordinates":[-80.43844029972084,37.22763319056396]},"properties":{"id":"N1385"}},{"type":"Feature","geometry":{"type":"Point","coordinates":[-80.42570547971263,37.227379184957016]},"properties":{"id":"N1386"}},{"type":"Feature","geometry":{"type":"Point","coordinates":[-80.42576329786306,37.22733513789]},"properties":{"id":"N1387"}},{"type":"Feature","geometry":{"type":"Point","coordinates":[-80.42543242669133,37.22748012414454]},"properties":{"id":"N1388"}},{"type":"Feature","geometry":{"type":"Point","coordinates":[-80.42546548514653,37.22750342471121]},"properties":{"id":"N1389"}},{"type":"Feature","geometry":{"type":"Point","coordinates":[-80.42544772649744,37.2276138843824]},"properties":{"id":"N1390"}},{"type":"Feature","geometry":{"type":"Point","coordinates":[-80.42547625326075,37.2276347244615]},"properties":{"id":"N1391"}},{"type":"Feature","geometry":{"type":"Point","coordinates":[-80.42562462328823,37.22753380576627]},"properties":{"id":"N1392"}},{"type":"Feature","geometry":{"type":"Point","coordinates":[-80.42544567075505,37.22765833669173]},"properties":{"id":"N1393"}},{"type":"Feature","geometry":{"type":"Point","coordinates":[-80.42553211665249,37.2276711046479]},"properties":{"id":"N1394"}},{"type":"Feature","geometry":{"type":"Point","coordinates":[-80.42521920417704,37.22723740328942]},"properties":{"id":"N1395"}},{"type":"Feature","geometry":{"type":"Point","coordinates":[-80.42590732981378,37.22684965215738]},"properties":{"id":"N1396"}},{"type":"Feature","geometry":{"type":"Point","coordinates":[-80.42569342525704,37.22644085321001]},"properties":{"id":"N1397"}},{"type":"Feature","geometry":{"type":"Point","coordinates":[-80.42393851383703,37.227632555819916]},"properties":{"id":"N1398"}},{"type":"Feature","geometry":{"type":"Point","coordinates":[-80.42409638570788,37.227673764131794]},"properties":{"id":"N1399"}},{"type":"Feature","geometry":{"type":"Point","coordinates":[-80.42272769474665,37.22609859439394]},"properties":{"id":"N1400"}},{"type":"Feature","geometry":{"type":"Point","coordinates":[-80.42273535341688,37.22594904977923]},"properties":{"id":"N1401"}},{"type":"Feature","geometry":{"type":"Point","coordinates":[-80.42147121695957,37.22684122047364]},"properties":{"id":"N1402"}},{"type":"Feature","geometry":{"type":"Point","coordinates":[-80.42141327592319,37.226650641377375]},"properties":{"id":"N1403"}},{"type":"Feature","geometry":{"type":"Point","coordinates":[-80.42070280344149,37.22721261194509]},"properties":{"id":"N1404"}},{"type":"Feature","geometry":{"type":"Point","coordinates":[-80.42005265740832,37.2266778645334]},"properties":{"id":"N1405"}},{"type":"Feature","geometry":{"type":"Point","coordinates":[-80.42008545765809,37.226644352222095]},"properties":{"id":"N1406"}},{"type":"Feature","geometry":{"type":"Point","coordinates":[-80.41993271037676,37.22678281033251]},"properties":{"id":"N1407"}},{"type":"Feature","geometry":{"type":"Point","coordinates":[-80.41935604565953,37.22801144644588]},"properties":{"id":"N1408"}},{"type":"Feature","geometry":{"type":"Point","coordinates":[-80.41864750169086,37.227836300129546]},"properties":{"id":"N1409"}},{"type":"Feature","geometry":{"type":"Point","coordinates":[-80.41866555361324,37.22785240010355]},"properties":{"id":"N1410"}},{"type":"Feature","geometry":{"type":"Point","coordinates":[-80.41810825646469,37.227633627017966]},"properties":{"id":"N1411"}},{"type":"Feature","geometry":{"type":"Point","coordinates":[-80.41807469137851,37.22773808465772]},"properties":{"id":"N1412"}},{"type":"Feature","geometry":{"type":"Point","coordinates":[-80.41749559236182,37.22741968394956]},"properties":{"id":"N1413"}},{"type":"Feature","geometry":{"type":"Point","coordinates":[-80.417399914335,37.22749145508853]},"properties":{"id":"N1414","building":"Creativity and Innovation District - Living Learning Community"}},{"type":"Feature","geometry":{"type":"Point","coordinates":[-80.41771853383072,37.22696015940057]},"properties":{"id":"N1415","building":"Vawter Hall"}},{"type":"Feature","geometry":{"type":"Point","coordinates":[-80.41759816989274,37.22659361998777]},"properties":{"id":"N1416"}},{"type":"Feature","geometry":{"type":"Point","coordinates":[-80.41753437328781,37.22645729131349]},"properties":{"id":"N1417"}},{"type":"Feature","geometry":{"type":"Point","coordinates":[-80.41732360279191,37.22655764688097]},"properties":{"id":"N1418"}},{"type":"Feature","geometry":{"type":"Point","coordinates":[-80.41733107352637,37.226560545723665]},"properties":{"id":"N1419"}},{"type":"Feature","geometry":{"type":"Point","coordinates":[-80.41612478187376,37.226029939810694]},"properties":{"id":"N1420","building":"Whitehurst Hall"}},{"type":"Feature","geometry":{"type":"Point","coordinates":[-80.41715010754443,37.22486432796022]},"properties":{"id":"N1421"}},{"type":"Feature","geometry":{"type":"Point","coordinates":[-80.41807068460069,37.225778217855506]},"properties":{"id":"N1422"}},{"type":"Feature","geometry":{"type":"Point","coordinates":[-80.4181471349495,37.22582866669457]},"properties":{"id":"N1423"}},{"type":"Feature","geometry":{"type":"Point","coordinates":[-80.4183979570088,37.226027619314756]},"properties":{"id":"N1424"}},{"type":"Feature","geometry":{"type":"Point","coordinates":[-80.41824842639566,37.225918945864784]},"properties":{"id":"N1425"}},{"type":"Feature","geometry":{"type":"Point","coordinates":[-80.41853819047775,37.22530748259635]},"properties":{"id":"N1426"}},{"type":"Feature","geometry":{"type":"Point","coordinates":[-80.41883534249386,37.225563182067255]},"properties":{"id":"N1427"}},{"type":"Feature","geometry":{"type":"Point","coordinates":[-80.41963442750803,37.22614263015804]},"properties":{"id":"N1428"}},{"type":"Feature","geometry":{"type":"Point","coordinates":[-80.4195609441489,37.22604412367965]},"properties":{"id":"N1429"}},{"type":"Feature","geometry":{"type":"Point","coordinates":[-80.41949940806339,37.22604547046535]},"properties":{"id":"N1430"}},{"type":"Feature","geometry":{"type":"Point","coordinates":[-80.42090595723482,37.22569161989328]},"properties":{"id":"N1431"}},{"type":"Feature","geometry":{"type":"Point","coordinates":[-80.42251135106477,37.226029179305904]},"properties":{"id":"N1432"}},{"type":"Feature","geometry":{"type":"Point","coordinates":[-80.42256055922873,37.225613752276274]},"properties":{"id":"N1433"}},{"type":"Feature","geometry":{"type":"Point","coordinates":[-80.4220109538883,37.22487823436183]},"properties":{"id":"N1434"}},{"type":"Feature","geometry":{"type":"Point","coordinates":[-80.42206760347044,37.22498312506971]},"properties":{"id":"N1435"}},{"type":"Feature","geometry":{"type":"Point","coordinates":[-80.42248411587583,37.22507785424693]},"properties":{"id":"N1436"}},{"type":"Feature","geometry":{"type":"Point","coordinates":[-80.42321567677011,37.22507294080015]},"properties":{"id":"N1437","building":"Smyth Hall"}},{"type":"Feature","geometry":{"type":"Point","coordinates":[-80.43142620979611,37.223231519946914]},"properties":{"id":"N1438"}},{"type":"Feature","geometry":{"type":"Point","coordinates":[-80.43218105188048,37.222944334654365]},"properties":{"id":"N1439"}},{"type":"Feature","geometry":{"type":"Point","coordinates":[-80.42554821541785,37.22376111441047]},"properties":{"id":"N1440"}},{"type":"Feature","geometry":{"type":"Point","coordinates":[-80.42550859577332,37.22402075412617]},"properties":{"id":"N1441"}},{"type":"Feature","geometry":{"type":"Point","coordinates":[-80.42588948254584,37.224035360627305]},"properties":{"id":"N1442"}},{"type":"Feature","geometry":{"type":"Point","coordinates":[-80.42545875729577,37.22304934573854]},"properties":{"id":"N1443"}},{"type":"Feature","geometry":{"type":"Point","coordinates":[-80.42548625090237,37.22284440706947]},"properties":{"id":"N1444"}},{"type":"Feature","geometry":{"type":"Point","coordinates":[-80.4245021474811,37.222937092744914]},"properties":{"id":"N1445"}},{"type":"Feature","geometry":{"type":"Point","coordinates":[-80.42463597764777,37.22289978493257]},"properties":{"id":"N1446"}},{"type":"Feature","geometry":{"type":"Point","coordinates":[-80.4239397532668,37.22313444788593]},"properties":{"id":"N1447"}},{"type":"Feature","geometry":{"type":"Point","coordinates":[-80.42422331965989,37.22354815194058]},"properties":{"id":"N1448"}},{"type":"Feature","geometry":{"type":"Point","coordinates":[-80.42446128267548,37.223670264411]},"properties":{"id":"N1449"}},{"type":"Feature","geometry":{"type":"Point","coordinates":[-80.42401224505919,37.22365219293911]},"properties":{"id":"N1450"}},{"type":"Feature","geometry":{"type":"Point","coordinates":[-80.42383850658362,37.22383334436782]},"properties":{"id":"N1451"}},{"type":"Feature","geometry":{"type":"Point","coordinates":[-80.4231725512341,37.223940055361105]},"properties":{"id":"N1452"}},{"type":"Feature","geometry":{"type":"Point","coordinates":[-80.42290066824911,37.22344904035576]},"properties":{"id":"N1453"}},{"type":"Feature","geometry":{"type":"Point","coordinates":[-80.42265043030966,37.2230928067756]},"properties":{"id":"N1454"}},{"type":"Feature","geometry":{"type":"Point","coordinates":[-80.42196387558181,37.22295196075658]},"properties":{"id":"N1455"}},{"type":"Feature","geometry":{"type":"Point","coordinates":[-80.42227524905184,37.223829153098045]},"properties":{"id":"N1456","building":"Cheatham Hall"}},{"type":"Feature","geometry":{"type":"Point","coordinates":[-80.42211545138433,37.22373617087092]},"properties":{"id":"N1457"}},{"type":"Feature","geometry":{"type":"Point","coordinates":[-80.42191294626039,37.22407434404902]},"properties":{"id":"N1458"}},{"type":"Feature","geometry":{"type":"Point","coordinates":[-80.42174484213855,37.22361464341293]},"properties":{"id":"N1459"}},{"type":"Feature","geometry":{"type":"Point","coordinates":[-80.42160568553683,37.22386867386676]},"properties":{"id":"N1460"}},{"type":"Feature","geometry":{"type":"Point","coordinates":[-80.42171091553828,37.223510780494756]},"properties":{"id":"N1461"}},{"type":"Feature","geometry":{"type":"Point","coordinates":[-80.42197305882266,37.22431880676288]},"properties":{"id":"N1462"}},{"type":"Feature","geometry":{"type":"Point","coordinates":[-80.4214363409165,37.22414479656585]},"properties":{"id":"N1463"}},{"type":"Feature","geometry":{"type":"Point","coordinates":[-80.42148581382746,37.22431639014151]},"properties":{"id":"N1464"}},{"type":"Feature","geometry":{"type":"Point","coordinates":[-80.4210470137886,37.22317858866083]},"properties":{"id":"N1465","building":"Ambler Johnston Hall - East Wing"}},{"type":"Feature","geometry":{"type":"Point","coordinates":[-80.42056556896932,37.22276416850028]},"properties":{"id":"N1466"}},{"type":"Feature","geometry":{"type":"Point","coordinates":[-80.4209952930143,37.222519498540976]},"properties":{"id":"N1467"}},{"type":"Feature","geometry":{"type":"Point","coordinates":[-80.42066432839566,37.22268229878137]},"properties":{"id":"N1468"}},{"type":"Feature","geometry":{"type":"Point","coordinates":[-80.42076832287151,37.22307868813931]},"properties":{"id":"N1469"}},{"type":"Feature","geometry":{"type":"Point","coordinates":[-80.42081753034874,37.222650797995264]},"properties":{"id":"N1470"}},{"type":"Feature","geometry":{"type":"Point","coordinates":[-80.42082732522302,37.22267182862817]},"properties":{"id":"N1471"}},{"type":"Feature","geometry":{"type":"Point","coordinates":[-80.42085099579782,37.2227817332435]},"properties":{"id":"N1472"}},{"type":"Feature","geometry":{"type":"Point","coordinates":[-80.42100863398896,37.22302914451587]},"properties":{"id":"N1473"}},{"type":"Feature","geometry":{"type":"Point","coordinates":[-80.42009854010463,37.22301781390019]},"properties":{"id":"N1474"}},{"type":"Feature","geometry":{"type":"Point","coordinates":[-80.42026909111763,37.223173964110956]},"properties":{"id":"N1475"}},{"type":"Feature","geometry":{"type":"Point","coordinates":[-80.4203818207384,37.22260429843767]},"properties":{"id":"N1476"}},{"type":"Feature","geometry":{"type":"Point","coordinates":[-80.41985906851035,37.22279857810903]},"properties":{"id":"N1477"}},{"type":"Feature","geometry":{"type":"Point","coordinates":[-80.4207570721745,37.22375919632002]},"properties":{"id":"N1478"}},{"type":"Feature","geometry":{"type":"Point","coordinates":[-80.42093613059899,37.22379123950516]},"properties":{"id":"N1479"}},{"type":"Feature","geometry":{"type":"Point","coordinates":[-80.41791749811168,37.223586492089424]},"properties":{"id":"N1480"}},{"type":"Feature","geometry":{"type":"Point","coordinates":[-80.41777964588893,37.22367530987833]},"properties":{"id":"N1481"}},{"type":"Feature","geometry":{"type":"Point","coordinates":[-80.42032569765843,37.22240613107901]},"properties":{"id":"N1482"}},{"type":"Feature","geometry":{"type":"Point","coordinates":[-80.42033455916956,37.22241542152152]},"properties":{"id":"N1483"}},{"type":"Feature","geometry":{"type":"Point","coordinates":[-80.42206197614718,37.22196143635369]},"properties":{"id":"N1484"}},{"type":"Feature","geometry":{"type":"Point","coordinates":[-80.42234795305303,37.22184492729607]},"properties":{"id":"N1485"}},{"type":"Feature","geometry":{"type":"Point","coordinates":[-80.42313277307605,37.22176986937466]},"properties":{"id":"N1486"}},{"type":"Feature","geometry":{"type":"Point","coordinates":[-80.42333897628572,37.221851922156674]},"properties":{"id":"N1487"}},{"type":"Feature","geometry":{"type":"Point","coordinates":[-80.42320781776662,37.221888319760765]},"properties":{"id":"N1488"}},{"type":"Feature","geometry":{"type":"Point","coordinates":[-80.42319152388201,37.22189223634558]},"properties":{"id":"N1489"}},{"type":"Feature","geometry":{"type":"Point","coordinates":[-80.4225523021275,37.22150640676295]},"properties":{"id":"N1490"}},{"type":"Feature","geometry":{"type":"Point","coordinates":[-80.42246812161682,37.22100861096401]},"properties":{"id":"N1491"}},{"type":"Feature","geometry":{"type":"Point","coordinates":[-80.42493232972527,37.22159274972823]},"properties":{"id":"N1492"}},{"type":"Feature","geometry":{"type":"Point","coordinates":[-80.42536596428707,37.22236265186479]},"properties":{"id":"N1493"}},{"type":"Feature","geometry":{"type":"Point","coordinates":[-80.4254652617073,37.22226785207528]},"properties":{"id":"N1494"}},{"type":"Feature","geometry":{"type":"Point","coordinates":[-80.42772359037998,37.22086837203145]},"properties":{"id":"N1495"}},{"type":"Feature","geometry":{"type":"Point","coordinates":[-80.42760107512261,37.22069738156952]},"properties":{"id":"N1496"}},{"type":"Feature","geometry":{"type":"Point","coordinates":[-80.42846661460192,37.219340477594926]},"properties":{"id":"N1497","building":"Infectious Disease Research Facility"}},{"type":"Feature","geometry":{"type":"Point","coordinates":[-80.4269465607974,37.21999766684854]},"properties":{"id":"N1498"}},{"type":"Feature","geometry":{"type":"Point","coordinates":[-80.42647647859745,37.220214929349034]},"properties":{"id":"N1499"}},{"type":"Feature","geometry":{"type":"Point","coordinates":[-80.42520759493344,37.22059969470702]},"properties":{"id":"N1500"}},{"type":"Feature","geometry":{"type":"Point","coordinates":[-80.42512953626081,37.220465704315544]},"properties":{"id":"N1501"}},{"type":"Feature","geometry":{"type":"Point","coordinates":[-80.42531333318537,37.22043618068931]},"properties":{"id":"N1502"}},{"type":"Feature","geometry":{"type":"Point","coordinates":[-80.42540968635379,37.220290336094784]},"properties":{"id":"N1503"}},{"type":"Feature","geometry":{"type":"Point","coordinates":[-80.42402425489139,37.21938611895653]},"properties":{"id":"N1504"}},{"type":"Feature","geometry":{"type":"Point","coordinates":[-80.42485989687019,37.21942740538106]},"properties":{"id":"N1505"}},{"type":"Feature","geometry":{"type":"Point","coordinates":[-80.4245908210584,37.218585874593536]},"properties":{"id":"N1506"}},{"type":"Feature","geometry":{"type":"Point","coordinates":[-80.42395484936304,37.22047116509425]},"properties":{"id":"N1507","building":"Greenhouse"}},{"type":"Feature","geometry":{"type":"Point","coordinates":[-80.41889497044825,37.21922306755205]},"properties":{"id":"N1508"}},{"type":"Feature","geometry":{"type":"Point","coordinates":[-80.41903077674125,37.2191642590504]},"properties":{"id":"N1509"}},{"type":"Feature","geometry":{"type":"Point","coordinates":[-80.41940341348086,37.21942054836971]},"properties":{"id":"N1510"}},{"type":"Feature","geometry":{"type":"Point","coordinates":[-80.41914159595719,37.22087310663399]},"properties":{"id":"N1511"}},{"type":"Feature","geometry":{"type":"Point","coordinates":[-80.41954998022209,37.22051651341065]},"properties":{"id":"N1512"}},{"type":"Feature","geometry":{"type":"Point","coordinates":[-80.41904415439635,37.22040770190425]},"properties":{"id":"N1513"}},{"type":"Feature","geometry":{"type":"Point","coordinates":[-80.41303034865861,37.21939360140917]},"properties":{"id":"N1514"}},{"type":"Feature","geometry":{"type":"Point","coordinates":[-80.41306914371846,37.21949111392792]},"properties":{"id":"N1515"}},{"type":"Feature","geometry":{"type":"Point","coordinates":[-80.41305961438701,37.219467162738525]},"properties":{"id":"N1516","building":"Grounds Building"}},{"type":"Feature","geometry":{"type":"Point","coordinates":[-80.41602155451005,37.21806174080216]},"properties":{"id":"N1517"}},{"type":"Feature","geometry":{"type":"Point","coordinates":[-80.41597271577082,37.21801722533151]},"properties":{"id":"N1518"}},{"type":"Feature","geometry":{"type":"Point","coordinates":[-80.41474295583095,37.21922106326664]},"properties":{"id":"N1519"}},{"type":"Feature","geometry":{"type":"Point","coordinates":[-80.4150099914503,37.218923236001864]},"properties":{"id":"N1520"}},{"type":"Feature","geometry":{"type":"Point","coordinates":[-80.41537611887637,37.21851354092931]},"properties":{"id":"N1521"}},{"type":"Feature","geometry":{"type":"Point","coordinates":[-80.41548109376038,37.218724141258825]},"properties":{"id":"N1522"}},{"type":"Feature","geometry":{"type":"Point","coordinates":[-80.41807174650081,37.21869021622537]},"properties":{"id":"N1523"}},{"type":"Feature","geometry":{"type":"Point","coordinates":[-80.41807335120663,37.21761718023788]},"properties":{"id":"N1524"}},{"type":"Feature","geometry":{"type":"Point","coordinates":[-80.41881484957045,37.21724181724864]},"properties":{"id":"N1525","building":"Cage Layer House"}},{"type":"Feature","geometry":{"type":"Point","coordinates":[-80.41896995590938,37.21732256669402]},"properties":{"id":"N1526"}},{"type":"Feature","geometry":{"type":"Point","coordinates":[-80.41749913076247,37.21398621959684]},"properties":{"id":"N1527"}},{"type":"Feature","geometry":{"type":"Point","coordinates":[-80.41575286009919,37.21368877640279]},"properties":{"id":"N1528"}},{"type":"Feature","geometry":{"type":"Point","coordinates":[-80.41579052710883,37.213998168870276]},"properties":{"id":"N1529"}},{"type":"Feature","geometry":{"type":"Point","coordinates":[-80.41698754151585,37.21416883742995]},"properties":{"id":"N1530"}},{"type":"Feature","geometry":{"type":"Point","coordinates":[-80.42681263589502,37.2174440746553]},"properties":{"id":"N1531"}},{"type":"Feature","geometry":{"type":"Point","coordinates":[-80.4191946637904,37.2187059305973]},"properties":{"id":"N1532"}},{"type":"Feature","geometry":{"type":"Point","coordinates":[-80.42485910416858,37.22832010212772]},"properties":{"id":"N1533"}},{"type":"Feature","geometry":{"type":"Point","coordinates":[-80.42719297435644,37.227871448846344]},"properties":{"id":"N1534"}},{"type":"Feature","geometry":{"type":"Point","coordinates":[-80.42294296404306,37.23236454585208]},"properties":{"id":"N1535"}},{"type":"Feature","geometry":{"type":"Point","coordinates":[-80.423675154112,37.232050220603604]},"properties":{"id":"N1536"}},{"type":"Feature","geometry":{"type":"Point","coordinates":[-80.4246679912351,37.23300859727367]},"properties":{"id":"N1537"}},{"type":"Feature","geometry":{"type":"Point","coordinates":[-80.42481936718018,37.23324589697548]},"properties":{"id":"N1538"}},{"type":"Feature","geometry":{"type":"Point","coordinates":[-80.42411476956077,37.232657425004234]},"properties":{"id":"N1539"}},{"type":"Feature","geometry":{"type":"Point","coordinates":[-80.4238173676906,37.232598298248554]},"properties":{"id":"N1540"}},{"type":"Feature","geometry":{"type":"Point","coordinates":[-80.42390538923611,37.23262769747068]},"properties":{"id":"N1541"}},{"type":"Feature","geometry":{"type":"Point","coordinates":[-80.42387508489159,37.23255354095062]},"properties":{"id":"N1542"}},{"type":"Feature","geometry":{"type":"Point","coordinates":[-80.4239655971326,37.23236219473474]},"properties":{"id":"N1543"}},{"type":"Feature","geometry":{"type":"Point","coordinates":[-80.42392267589533,37.232589278934164]},"properties":{"id":"N1544"}},{"type":"Feature","geometry":{"type":"Point","coordinates":[-80.42392755346212,37.23222325229792]},"properties":{"id":"N1545"}},{"type":"Feature","geometry":{"type":"Point","coordinates":[-80.42416369028022,37.232290807542114]},"properties":{"id":"N1546"}},{"type":"Feature","geometry":{"type":"Point","coordinates":[-80.42314462915519,37.23245082094907]},"properties":{"id":"N1547"}},{"type":"Feature","geometry":{"type":"Point","coordinates":[-80.42344771199623,37.23213625693287]},"properties":{"id":"N1548"}},{"type":"Feature","geometry":{"type":"Point","coordinates":[-80.4242420866999,37.232300889416884]},"properties":{"id":"N1549"}},{"type":"Feature","geometry":{"type":"Point","coordinates":[-80.42249702802637,37.23200910933445]},"properties":{"id":"N1550"}},{"type":"Feature","geometry":{"type":"Point","coordinates":[-80.42305381312694,37.232409360685764]},"properties":{"id":"N1551"}},{"type":"Feature","geometry":{"type":"Point","coordinates":[-80.42311245218995,37.23245257178727]},"properties":{"id":"N1552"}},{"type":"Feature","geometry":{"type":"Point","coordinates":[-80.4231013245594,37.23246747548866]},"properties":{"id":"N1553"}},{"type":"Feature","geometry":{"type":"Point","coordinates":[-80.42312923213107,37.23238850215997]},"properties":{"id":"N1554"}},{"type":"Feature","geometry":{"type":"Point","coordinates":[-80.4260826355022,37.23191663356992]},"properties":{"id":"N1555"}},{"type":"Feature","geometry":{"type":"Point","coordinates":[-80.42590973168602,37.23166511653242]},"properties":{"id":"N1556"}},{"type":"Feature","geometry":{"type":"Point","coordinates":[-80.42577142421565,37.23154940416626]},"properties":{"id":"N1557"}},{"type":"Feature","geometry":{"type":"Point","coordinates":[-80.42547831637162,37.231302146589535]},"properties":{"id":"N1558"}},{"type":"Feature","geometry":{"type":"Point","coordinates":[-80.42539557069627,37.231622636391535]},"properties":{"id":"N1559"}},{"type":"Feature","geometry":{"type":"Point","coordinates":[-80.42536705331761,37.23158251591408]},"properties":{"id":"N1560"}},{"type":"Feature","geometry":{"type":"Point","coordinates":[-80.42543716191165,37.231512038632516]},"properties":{"id":"N1561"}},{"type":"Feature","geometry":{"type":"Point","coordinates":[-80.42526992307049,37.231582120869724]},"properties":{"id":"N1562"}},{"type":"Feature","geometry":{"type":"Point","coordinates":[-80.42494773732501,37.231223856747405]},"properties":{"id":"N1563"}},{"type":"Feature","geometry":{"type":"Point","coordinates":[-80.42513142578136,37.23136585670431]},"properties":{"id":"N1564"}},{"type":"Feature","geometry":{"type":"Point","coordinates":[-80.42556534448975,37.23123092007199]},"properties":{"id":"N1565"}},{"type":"Feature","geometry":{"type":"Point","coordinates":[-80.42565615948592,37.231308919082146]},"properties":{"id":"N1566","building":"Parking Structure - Perry Street Lot"}},{"type":"Feature","geometry":{"type":"Point","coordinates":[-80.42548185906334,37.23152314700981]},"properties":{"id":"N1567"}},{"type":"Feature","geometry":{"type":"Point","coordinates":[-80.42552255254208,37.23126594248707]},"properties":{"id":"N1568"}},{"type":"Feature","geometry":{"type":"Point","coordinates":[-80.42565758068956,37.2313908196835]},"properties":{"id":"N1569"}},{"type":"Feature","geometry":{"type":"Point","coordinates":[-80.42522450533667,37.23171505343617]},"properties":{"id":"N1570"}},{"type":"Feature","geometry":{"type":"Point","coordinates":[-80.42518584666139,37.23185773486662]},"properties":{"id":"N1571"}},{"type":"Feature","geometry":{"type":"Point","coordinates":[-80.42523199569234,37.231443397723886]},"properties":{"id":"N1572"}},{"type":"Feature","geometry":{"type":"Point","coordinates":[-80.42523313124249,37.23152551838644]},"properties":{"id":"N1573"}},{"type":"Feature","geometry":{"type":"Point","coordinates":[-80.42449489397424,37.23224484996713]},"properties":{"id":"N1574"}},{"type":"Feature","geometry":{"type":"Point","coordinates":[-80.42487279658266,37.23185607573168]},"properties":{"id":"N1575","building":"Bus Canopy C"}},{"type":"Feature","geometry":{"type":"Point","coordinates":[-80.42460458927826,37.23223006692272]},"properties":{"id":"N1576"}},{"type":"Feature","geometry":{"type":"Point","coordinates":[-80.42493858568048,37.23215565057209]},"properties":{"id":"N1577"}},{"type":"Feature","geometry":{"type":"Point","coordinates":[-80.42456293167042,37.2325066273485]},"properties":{"id":"N1578"}},{"type":"Feature","geometry":{"type":"Point","coordinates":[-80.42533743713041,37.231976082920404]},"properties":{"id":"N1579"}},{"type":"Feature","geometry":{"type":"Point","coordinates":[-80.42477360566865,37.2320301820989]},"properties":{"id":"N1580"}},{"type":"Feature","geometry":{"type":"Point","coordinates":[-80.42470811247804,37.23211580364836]},"properties":{"id":"N1581"}},{"type":"Feature","geometry":{"type":"Point","coordinates":[-80.42476130128422,37.232192695361796]},"properties":{"id":"N1582"}},{"type":"Feature","geometry":{"type":"Point","coordinates":[-80.42515124185122,37.23165412744349]},"properties":{"id":"N1583"}},{"type":"Feature","geometry":{"type":"Point","coordinates":[-80.42497040156736,37.2319189996719]},"properties":{"id":"N1584"}},{"type":"Feature","geometry":{"type":"Point","coordinates":[-80.42472142091844,37.23198280179669]},"properties":{"id":"N1585"}},{"type":"Feature","geometry":{"type":"Point","coordinates":[-80.42465250229816,37.23215709403663]},"properties":{"id":"N1586"}},{"type":"Feature","geometry":{"type":"Point","coordinates":[-80.4245381450081,37.23212024302481]},"properties":{"id":"N1587"}},{"type":"Feature","geometry":{"type":"Point","coordinates":[-80.42484611431614,37.23042746159798]},"properties":{"id":"N1588"}},{"type":"Feature","geometry":{"type":"Point","coordinates":[-80.42458262201323,37.23062087097813]},"properties":{"id":"N1589"}},{"type":"Feature","geometry":{"type":"Point","coordinates":[-80.42381319571784,37.231058703245154]},"properties":{"id":"N1590","building":"Interim Support Facilility For The Stability Wind Tunnel"}},{"type":"Feature","geometry":{"type":"Point","coordinates":[-80.42407697157127,37.23183184571365]},"properties":{"id":"N1591"}},{"type":"Feature","geometry":{"type":"Point","coordinates":[-80.42400922160671,37.23175790839412]},"properties":{"id":"N1592"}},{"type":"Feature","geometry":{"type":"Point","coordinates":[-80.42436968713962,37.23162678260589]},"properties":{"id":"N1593"}},{"type":"Feature","geometry":{"type":"Point","coordinates":[-80.42423365365698,37.231580713062556]},"properties":{"id":"N1594"}},{"type":"Feature","geometry":{"type":"Point","coordinates":[-80.42448847754733,37.231539669575106]},"properties":{"id":"N1595"}},{"type":"Feature","geometry":{"type":"Point","coordinates":[-80.4244319977593,37.23142872330705]},"properties":{"id":"N1596"}},{"type":"Feature","geometry":{"type":"Point","coordinates":[-80.42481214182057,37.23124577429909]},"properties":{"id":"N1597"}},{"type":"Feature","geometry":{"type":"Point","coordinates":[-80.42476522812272,37.231316887856046]},"properties":{"id":"N1598"}},{"type":"Feature","geometry":{"type":"Point","coordinates":[-80.4238205058769,37.231915715985544]},"properties":{"id":"N1599"}},{"type":"Feature","geometry":{"type":"Point","coordinates":[-80.42453189085006,37.231259610580715]},"properties":{"id":"N1600"}},{"type":"Feature","geometry":{"type":"Point","coordinates":[-80.42461847223998,37.231347420441246]},"properties":{"id":"N1601"}},{"type":"Feature","geometry":{"type":"Point","coordinates":[-80.42528915120498,37.230849054637076]},"properties":{"id":"N1602"}},{"type":"Feature","geometry":{"type":"Point","coordinates":[-80.42608116011002,37.230290085869825]},"properties":{"id":"N1603"}},{"type":"Feature","geometry":{"type":"Point","coordinates":[-80.42590582887637,37.23038713857588]},"properties":{"id":"N1604","building":"Transit Center"}},{"type":"Feature","geometry":{"type":"Point","coordinates":[-80.42532774368728,37.23082014749357]},"properties":{"id":"N1605"}},{"type":"Feature","geometry":{"type":"Point","coordinates":[-80.42630848677084,37.230185547383165]},"properties":{"id":"N1606"}},{"type":"Feature","geometry":{"type":"Point","coordinates":[-80.42659924026539,37.229974795491316]},"properties":{"id":"N1607"}},{"type":"Feature","geometry":{"type":"Point","coordinates":[-80.42630490591769,37.23062528619967]},"properties":{"id":"N1608"}},{"type":"Feature","geometry":{"type":"Point","coordinates":[-80.42649015140047,37.23049298510762]},"properties":{"id":"N1609","building":"Bus Canopy B"}},{"type":"Feature","geometry":{"type":"Point","coordinates":[-80.42730895035048,37.23125973398633]},"properties":{"id":"N1610","building":"Data and Decision Sciences"}},{"type":"Feature","geometry":{"type":"Point","coordinates":[-80.42672094469401,37.22990652972902]},"properties":{"id":"N1611"}},{"type":"Feature","geometry":{"type":"Point","coordinates":[-80.42504882886323,37.229973956829944]},"properties":{"id":"N1612"}},{"type":"Feature","geometry":{"type":"Point","coordinates":[-80.42522970370614,37.230136561627575]},"properties":{"id":"N1613"}},{"type":"Feature","geometry":{"type":"Point","coordinates":[-80.42501999452973,37.23029343744811]},"properties":{"id":"N1614"}},{"type":"Feature","geometry":{"type":"Point","coordinates":[-80.42499390605815,37.23001428716005]},"properties":{"id":"N1615"}},{"type":"Feature","geometry":{"type":"Point","coordinates":[-80.42570682578429,37.22992477222351]},"properties":{"id":"N1616"}},{"type":"Feature","geometry":{"type":"Point","coordinates":[-80.42589582588108,37.230135990194036]},"properties":{"id":"N1617"}},{"type":"Feature","geometry":{"type":"Point","coordinates":[-80.42537777552295,37.229749228135894]},"properties":{"id":"N1618"}},{"type":"Feature","geometry":{"type":"Point","coordinates":[-80.42550090973444,37.229659175269646]},"properties":{"id":"N1619"}},{"type":"Feature","geometry":{"type":"Point","coordinates":[-80.42562704043645,37.229982361510174]},"properties":{"id":"N1620"}},{"type":"Feature","geometry":{"type":"Point","coordinates":[-80.42552009241167,37.229891079387926]},"properties":{"id":"N1621"}},{"type":"Feature","geometry":{"type":"Point","coordinates":[-80.4254936014473,37.22991110446241]},"properties":{"id":"N1622"}},{"type":"Feature","geometry":{"type":"Point","coordinates":[-80.42543529174048,37.22959986332711]},"properties":{"id":"N1623"}},{"type":"Feature","geometry":{"type":"Point","coordinates":[-80.42540360651243,37.22957170857382]},"properties":{"id":"N1624","building":"Derring Hall Elevator Tower"}},{"type":"Feature","geometry":{"type":"Point","coordinates":[-80.42562294381497,37.2294566079837]},"properties":{"id":"N1625"}},{"type":"Feature","geometry":{"type":"Point","coordinates":[-80.42650348726681,37.22878273293498]},"properties":{"id":"N1626"}},{"type":"Feature","geometry":{"type":"Point","coordinates":[-80.42678446783852,37.229010705583086]},"properties":{"id":"N1627"}},{"type":"Feature","geometry":{"type":"Point","coordinates":[-80.42710166353272,37.228615294148064]},"properties":{"id":"N1628"}},{"type":"Feature","geometry":{"type":"Point","coordinates":[-80.42575320375443,37.22976081154243]},"properties":{"id":"N1629"}},{"type":"Feature","geometry":{"type":"Point","coordinates":[-80.42563369342636,37.22985585633973]},"properties":{"id":"N1630"}},{"type":"Feature","geometry":{"type":"Point","coordinates":[-80.42649585865374,37.22940845795203]},"properties":{"id":"N1631"}},{"type":"Feature","geometry":{"type":"Point","coordinates":[-80.42628393339128,37.22946706045217]},"properties":{"id":"N1632"}},{"type":"Feature","geometry":{"type":"Point","coordinates":[-80.4262676447593,37.22945335458415]},"properties":{"id":"N1633","building":"Hitt Hall"}},{"type":"Feature","geometry":{"type":"Point","coordinates":[-80.42644896451311,37.2292566488581]},"properties":{"id":"N1634"}},{"type":"Feature","geometry":{"type":"Point","coordinates":[-80.42654491645676,37.22933848121879]},"properties":{"id":"N1635"}},{"type":"Feature","geometry":{"type":"Point","coordinates":[-80.42594513602145,37.229955582778096]},"properties":{"id":"N1636"}},{"type":"Feature","geometry":{"type":"Point","coordinates":[-80.42617411524478,37.22986194831551]},"properties":{"id":"N1637"}},{"type":"Feature","geometry":{"type":"Point","coordinates":[-80.42634317831902,37.2296145338744]},"properties":{"id":"N1638"}},{"type":"Feature","geometry":{"type":"Point","coordinates":[-80.4260466816837,37.22982877849805]},"properties":{"id":"N1639"}},{"type":"Feature","geometry":{"type":"Point","coordinates":[-80.42610247978489,37.22987361172101]},"properties":{"id":"N1640"}},{"type":"Feature","geometry":{"type":"Point","coordinates":[-80.42614832637567,37.22969500289501]},"properties":{"id":"N1641"}},{"type":"Feature","geometry":{"type":"Point","coordinates":[-80.4260620777442,37.22965247271215]},"properties":{"id":"N1642"}},{"type":"Feature","geometry":{"type":"Point","coordinates":[-80.4263682039178,37.230356002978596]},"properties":{"id":"N1643"}},{"type":"Feature","geometry":{"type":"Point","coordinates":[-80.42624479058668,37.23043856893936]},"properties":{"id":"N1644"}},{"type":"Feature","geometry":{"type":"Point","coordinates":[-80.42638640918334,37.230567077186755]},"properties":{"id":"N1645"}},{"type":"Feature","geometry":{"type":"Point","coordinates":[-80.42523517574475,37.231279782209214]},"properties":{"id":"N1646"}},{"type":"Feature","geometry":{"type":"Point","coordinates":[-80.42553208125587,37.231063270907796]},"properties":{"id":"N1647"}},{"type":"Feature","geometry":{"type":"Point","coordinates":[-80.42528919970798,37.23126799020119]},"properties":{"id":"N1648"}},{"type":"Feature","geometry":{"type":"Point","coordinates":[-80.4254094250857,37.23126047471848]},"properties":{"id":"N1649"}},{"type":"Feature","geometry":{"type":"Point","coordinates":[-80.42535620705816,37.231211511773154]},"properties":{"id":"N1650"}},{"type":"Feature","geometry":{"type":"Point","coordinates":[-80.42520254643911,37.231084947187846]},"properties":{"id":"N1651"}},{"type":"Feature","geometry":{"type":"Point","coordinates":[-80.42553861623512,37.23125279574214]},"properties":{"id":"N1652"}},{"type":"Feature","geometry":{"type":"Point","coordinates":[-80.42535092647478,37.231257647974964]},"properties":{"id":"N1653"}},{"type":"Feature","geometry":{"type":"Point","coordinates":[-80.42516295988489,37.231294114165486]},"properties":{"id":"N1654","building":"Bus Canopy D"}},{"type":"Feature","geometry":{"type":"Point","coordinates":[-80.42497112932013,37.23120741626754]},"properties":{"id":"N1655"}},{"type":"Feature","geometry":{"type":"Point","coordinates":[-80.4246175934801,37.23059427720915]},"properties":{"id":"N1656"}},{"type":"Feature","geometry":{"type":"Point","coordinates":[-80.42767077726621,37.23010535031811]},"properties":{"id":"N1657"}},{"type":"Feature","geometry":{"type":"Point","coordinates":[-80.42752520189256,37.230286574269485]},"properties":{"id":"N1658","building":"Construction Trailer - New Business Building"}},{"type":"Feature","geometry":{"type":"Point","coordinates":[-80.42760633158164,37.23002922141177]},"properties":{"id":"N1659","building":"Undergraduate Science Laboratory Building"}},{"type":"Feature","geometry":{"type":"Point","coordinates":[-80.42744413438155,37.23027436522207]},"properties":{"id":"N1660"}},{"type":"Feature","geometry":{"type":"Point","coordinates":[-80.42727188482286,37.23040653228173]},"properties":{"id":"N1661"}},{"type":"Feature","geometry":{"type":"Point","coordinates":[-80.42743322174528,37.23026418587107]},"properties":{"id":"N1662"}},{"type":"Feature","geometry":{"type":"Point","coordinates":[-80.4271807635088,37.23031717883812]},"properties":{"id":"N1663"}},{"type":"Feature","geometry":{"type":"Point","coordinates":[-80.42721070369038,37.23029293314651]},"properties":{"id":"N1664"}},{"type":"Feature","geometry":{"type":"Point","coordinates":[-80.4273124315894,37.2304462936818]},"properties":{"id":"N1665"}},{"type":"Feature","geometry":{"type":"Point","coordinates":[-80.42732442380186,37.23045805248918]},"properties":{"id":"N1666"}},{"type":"Feature","geometry":{"type":"Point","coordinates":[-80.4263746415318,37.23199195126801]},"properties":{"id":"N1667"}},{"type":"Feature","geometry":{"type":"Point","coordinates":[-80.42698605080223,37.2317674826132]},"properties":{"id":"N1668"}},{"type":"Feature","geometry":{"type":"Point","coordinates":[-80.42721919149773,37.23195508814671]},"properties":{"id":"N1669"}},{"type":"Feature","geometry":{"type":"Point","coordinates":[-80.4273181586168,37.232041033715724]},"properties":{"id":"N1670"}},{"type":"Feature","geometry":{"type":"Point","coordinates":[-80.42731135075033,37.23212164464616]},"properties":{"id":"N1671"}},{"type":"Feature","geometry":{"type":"Point","coordinates":[-80.42750896137419,37.23202267953057]},"properties":{"id":"N1672"}},{"type":"Feature","geometry":{"type":"Point","coordinates":[-80.42727502054899,37.23191413002914]},"properties":{"id":"N1673"}},{"type":"Feature","geometry":{"type":"Point","coordinates":[-80.42703601028381,37.23172933508186]},"properties":{"id":"N1674"}},{"type":"Feature","geometry":{"type":"Point","coordinates":[-80.426821675005,37.23163602618558]},"properties":{"id":"N1675"}},{"type":"Feature","geometry":{"type":"Point","coordinates":[-80.42269192678096,37.23070889631278]},"properties":{"id":"N1676"}},{"type":"Feature","geometry":{"type":"Point","coordinates":[-80.42799901872118,37.231540483498335]},"properties":{"id":"N1677"}},{"type":"Feature","geometry":{"type":"Point","coordinates":[-80.42783054707596,37.231861626281855]},"properties":{"id":"N1678"}},{"type":"Feature","geometry":{"type":"Point","coordinates":[-80.42830246940261,37.23163291593641]},"properties":{"id":"N1679"}},{"type":"Feature","geometry":{"type":"Point","coordinates":[-80.42774244722462,37.23157896924354]},"properties":{"id":"N1680"}},{"type":"Feature","geometry":{"type":"Point","coordinates":[-80.42769308731795,37.23093327676619]},"properties":{"id":"N1681"}},{"type":"Feature","geometry":{"type":"Point","coordinates":[-80.42775561699506,37.23088881475003]},"properties":{"id":"N1682"}},{"type":"Feature","geometry":{"type":"Point","coordinates":[-80.42054192247906,37.224478725576674]},"properties":{"id":"N1683"}},{"type":"Feature","geometry":{"type":"Point","coordinates":[-80.42069862908959,37.22449321264887]},"properties":{"id":"N1684","building":"Dietrick Hall"}},{"type":"Feature","geometry":{"type":"Point","coordinates":[-80.42703894472221,37.228682176532004]},"properties":{"id":"N1685"}},{"type":"Feature","geometry":{"type":"Point","coordinates":[-80.42496858374687,37.229589144691744]},"properties":{"id":"N1686"}},{"type":"Feature","geometry":{"type":"Point","coordinates":[-80.42497765353761,37.229582062327914]},"properties":{"id":"N1687","building":"Johnston Student Center Elevator Tower"}},{"type":"Feature","geometry":{"type":"Point","coordinates":[-80.42462314970868,37.229831414116624]},"properties":{"id":"N1688","building":"Cowgill Hall"}},{"type":"Feature","geometry":{"type":"Point","coordinates":[-80.42111455541878,37.23090004811324]},"properties":{"id":"N1689"}},{"type":"Feature","geometry":{"type":"Point","coordinates":[-80.42089941240953,37.230816064605506]},"properties":{"id":"N1690"}},{"type":"Feature","geometry":{"type":"Point","coordinates":[-80.42088174218752,37.23082900431985]},"properties":{"id":"N1691"}},{"type":"Feature","geometry":{"type":"Point","coordinates":[-80.4209624408891,37.230772804948266]},"properties":{"id":"N1692"}},{"type":"Feature","geometry":{"type":"Point","coordinates":[-80.4209905033374,37.231369584597054]},"properties":{"id":"N1693"}},{"type":"Feature","geometry":{"type":"Point","coordinates":[-80.42085573271748,37.231234098938835]},"properties":{"id":"N1694"}},{"type":"Feature","geometry":{"type":"Point","coordinates":[-80.42133598761748,37.23144771799591]},"properties":{"id":"N1695","building":"Old Security Building"}},{"type":"Feature","geometry":{"type":"Point","coordinates":[-80.42121131201662,37.23148146412028]},"properties":{"id":"N1696"}},{"type":"Feature","geometry":{"type":"Point","coordinates":[-80.42115214066422,37.231610292697965]},"properties":{"id":"N1697","building":"Ware Lab Storage Building"}},{"type":"Feature","geometry":{"type":"Point","coordinates":[-80.4201789666008,37.231836891864496]},"properties":{"id":"N1698"}},{"type":"Feature","geometry":{"type":"Point","coordinates":[-80.42018881382445,37.23216603700142]},"properties":{"id":"N1699"}},{"type":"Feature","geometry":{"type":"Point","coordinates":[-80.42013648782675,37.23211609467636]},"properties":{"id":"N1700"}},{"type":"Feature","geometry":{"type":"Point","coordinates":[-80.42038602497418,37.231977785289274]},"properties":{"id":"N1701"}},{"type":"Feature","geometry":{"type":"Point","coordinates":[-80.42028913811355,37.23204208239501]},"properties":{"id":"N1702"}},{"type":"Feature","geometry":{"type":"Point","coordinates":[-80.42048691710623,37.23208627049988]},"properties":{"id":"N1703","building":"Number 11 Baghouse"}},{"type":"Feature","geometry":{"type":"Point","coordinates":[-80.42053062414259,37.231415128444986]},"properties":{"id":"N1704"}},{"type":"Feature","geometry":{"type":"Point","coordinates":[-80.42059842465375,37.23142130320475]},"properties":{"id":"N1705"}},{"type":"Feature","geometry":{"type":"Point","coordinates":[-80.42256394984993,37.230538321390775]},"properties":{"id":"N1706"}},{"type":"Feature","geometry":{"type":"Point","coordinates":[-80.4224558554751,37.23043683108548]},"properties":{"id":"N1707"}},{"type":"Feature","geometry":{"type":"Point","coordinates":[-80.42233015321179,37.230108584830234]},"properties":{"id":"N1708","building":"Holden Hall"}},{"type":"Feature","geometry":{"type":"Point","coordinates":[-80.42197445409927,37.23002836932619]},"properties":{"id":"N1709"}},{"type":"Feature","geometry":{"type":"Point","coordinates":[-80.42198752086267,37.23004048880285]},"properties":{"id":"N1710"}},{"type":"Feature","geometry":{"type":"Point","coordinates":[-80.42187037798666,37.22998277000624]},"properties":{"id":"N1711"}},{"type":"Feature","geometry":{"type":"Point","coordinates":[-80.42260234574152,37.2296717830623]},"properties":{"id":"N1712"}},{"type":"Feature","geometry":{"type":"Point","coordinates":[-80.42276975609339,37.22983242793128]},"properties":{"id":"N1713"}},{"type":"Feature","geometry":{"type":"Point","coordinates":[-80.42309591441618,37.23016605333834]},"properties":{"id":"N1714"}},{"type":"Feature","geometry":{"type":"Point","coordinates":[-80.422860182448,37.22991920032097]},"properties":{"id":"N1715"}},{"type":"Feature","geometry":{"type":"Point","coordinates":[-80.42247314352112,37.22987837087665]},"properties":{"id":"N1716"}},{"type":"Feature","geometry":{"type":"Point","coordinates":[-80.42268426668682,37.229506541789306]},"properties":{"id":"N1717"}},{"type":"Feature","geometry":{"type":"Point","coordinates":[-80.42252460542008,37.22998080965182]},"properties":{"id":"N1718"}},{"type":"Feature","geometry":{"type":"Point","coordinates":[-80.42258824748696,37.22999214411709]},"properties":{"id":"N1719"}},{"type":"Feature","geometry":{"type":"Point","coordinates":[-80.42279129710766,37.229853098538705]},"properties":{"id":"N1720"}},{"type":"Feature","geometry":{"type":"Point","coordinates":[-80.42272275938046,37.2298472281787]},"properties":{"id":"N1721"}},{"type":"Feature","geometry":{"type":"Point","coordinates":[-80.42214455091293,37.22980068235597]},"properties":{"id":"N1722"}},{"type":"Feature","geometry":{"type":"Point","coordinates":[-80.41735281790297,37.2309689523732]},"properties":{"id":"N1723"}},{"type":"Feature","geometry":{"type":"Point","coordinates":[-80.41861579084551,37.21573927097699]},"properties":{"id":"N1724"}},{"type":"Feature","geometry":{"type":"Point","coordinates":[-80.41877217399193,37.21571156936206]},"properties":{"id":"N1725"}},{"type":"Feature","geometry":{"type":"Point","coordinates":[-80.41934167023867,37.21557386306145]},"properties":{"id":"N1726"}},{"type":"Feature","geometry":{"type":"Point","coordinates":[-80.41922261893882,37.2152178161579]},"properties":{"id":"N1727"}},{"type":"Feature","geometry":{"type":"Point","coordinates":[-80.42474367491484,37.21863684248534]},"properties":{"id":"N1728"}},{"type":"Feature","geometry":{"type":"Point","coordinates":[-80.42471618282312,37.21875805639563]},"properties":{"id":"N1729"}},{"type":"Feature","geometry":{"type":"Point","coordinates":[-80.42476439416471,37.21919701143751]},"properties":{"id":"N1730"}},{"type":"Feature","geometry":{"type":"Point","coordinates":[-80.42481336526818,37.219186902568296]},"properties":{"id":"N1731"}},{"type":"Feature","geometry":{"type":"Point","coordinates":[-80.42500005257129,37.21855000102418]},"properties":{"id":"N1732"}},{"type":"Feature","geometry":{"type":"Point","coordinates":[-80.42463008937756,37.21915559480981]},"properties":{"id":"N1733","building":"Hahn Garden Pavilion"}},{"type":"Feature","geometry":{"type":"Point","coordinates":[-80.42479540758441,37.21882618842485]},"properties":{"id":"N1734"}},{"type":"Feature","geometry":{"type":"Point","coordinates":[-80.4267840987672,37.218979377182684]},"properties":{"id":"N1735"}},{"type":"Feature","geometry":{"type":"Point","coordinates":[-80.42673809020502,37.21890291893935]},"properties":{"id":"N1736"}},{"type":"Feature","geometry":{"type":"Point","coordinates":[-80.42636815618708,37.21855338406445]},"properties":{"id":"N1737"}},{"type":"Feature","geometry":{"type":"Point","coordinates":[-80.4254222273685,37.21874270374307]},"properties":{"id":"N1738"}},{"type":"Feature","geometry":{"type":"Point","coordinates":[-80.42519379670837,37.21837923114518]},"properties":{"id":"N1739"}},{"type":"Feature","geometry":{"type":"Point","coordinates":[-80.42498994974622,37.21849243593046]},"properties":{"id":"N1740"}},{"type":"Feature","geometry":{"type":"Point","coordinates":[-80.42585261023731,37.219340891632235]},"properties":{"id":"N1741"}},{"type":"Feature","geometry":{"type":"Point","coordinates":[-80.42631589886066,37.219230379513334]},"properties":{"id":"N1742"}},{"type":"Feature","geometry":{"type":"Point","coordinates":[-80.41925615807824,37.21457942528281]},"properties":{"id":"N1743"}},{"type":"Feature","geometry":{"type":"Point","coordinates":[-80.41928274517976,37.21462835433965]},"properties":{"id":"N1744"}},{"type":"Feature","geometry":{"type":"Point","coordinates":[-80.41928688534513,37.21464492738347]},"properties":{"id":"N1745"}},{"type":"Feature","geometry":{"type":"Point","coordinates":[-80.41923909382044,37.21461189477763]},"properties":{"id":"N1746"}},{"type":"Feature","geometry":{"type":"Point","coordinates":[-80.41869204250189,37.215108028981085]},"properties":{"id":"N1747"}},{"type":"Feature","geometry":{"type":"Point","coordinates":[-80.41861990987329,37.21489037847715]},"properties":{"id":"N1748"}},{"type":"Feature","geometry":{"type":"Point","coordinates":[-80.41868916242736,37.21487601731848]},"properties":{"id":"N1749"}},{"type":"Feature","geometry":{"type":"Point","coordinates":[-80.41866089955612,37.21488187817343]},"properties":{"id":"N1750"}},{"type":"Feature","geometry":{"type":"Point","coordinates":[-80.41908224840412,37.21407193831997]},"properties":{"id":"N1751"}},{"type":"Feature","geometry":{"type":"Point","coordinates":[-80.42122430136936,37.219790331964106]},"properties":{"id":"N1752"}},{"type":"Feature","geometry":{"type":"Point","coordinates":[-80.42122535830963,37.220761345968185]},"properties":{"id":"N1753"}},{"type":"Feature","geometry":{"type":"Point","coordinates":[-80.42001403179296,37.217055725779026]},"properties":{"id":"N1754"}},{"type":"Feature","geometry":{"type":"Point","coordinates":[-80.42183820706431,37.216651197218525]},"properties":{"id":"N1755"}},{"type":"Feature","geometry":{"type":"Point","coordinates":[-80.42023480478818,37.23159665307358]},"properties":{"id":"N1756"}},{"type":"Feature","geometry":{"type":"Point","coordinates":[-80.41718891040031,37.22813674260979]},"properties":{"id":"N1757"}},{"type":"Feature","geometry":{"type":"Point","coordinates":[-80.41654552804071,37.227997604058075]},"properties":{"id":"N1758"}},{"type":"Feature","geometry":{"type":"Point","coordinates":[-80.41749540961833,37.227668351069426]},"properties":{"id":"N1759"}},{"type":"Feature","geometry":{"type":"Point","coordinates":[-80.4167548074495,37.228150660996995]},"properties":{"id":"N1760"}},{"type":"Feature","geometry":{"type":"Point","coordinates":[-80.41867465316517,37.22909621393331]},"properties":{"id":"N1761"}},{"type":"Feature","geometry":{"type":"Point","coordinates":[-80.4185351699219,37.22894399163745]},"properties":{"id":"N1762"}},{"type":"Feature","geometry":{"type":"Point","coordinates":[-80.41864276481662,37.22876891312018]},"properties":{"id":"N1763","building":"Newman Library"}},{"type":"Feature","geometry":{"type":"Point","coordinates":[-80.41864631348021,37.22911881631841]},"properties":{"id":"N1764"}},{"type":"Feature","geometry":{"type":"Point","coordinates":[-80.41854419565168,37.22912773318091]},"properties":{"id":"N1765"}},{"type":"Feature","geometry":{"type":"Point","coordinates":[-80.41831012548305,37.22888159329553]},"properties":{"id":"N1766"}},{"type":"Feature","geometry":{"type":"Point","coordinates":[-80.41803199564592,37.229111824069875]},"properties":{"id":"N1767"}},{"type":"Feature","geometry":{"type":"Point","coordinates":[-80.418628082081,37.22919840368911]},"properties":{"id":"N1768"}},{"type":"Feature","geometry":{"type":"Point","coordinates":[-80.42411992221223,37.219502657160504]},"properties":{"id":"N1769"}},{"type":"Feature","geometry":{"type":"Point","coordinates":[-80.42416328138661,37.219481812044066]},"properties":{"id":"N1770"}},{"type":"Feature","geometry":{"type":"Point","coordinates":[-80.42422667197384,37.21928807176091]},"properties":{"id":"N1771"}},{"type":"Feature","geometry":{"type":"Point","coordinates":[-80.4242837414989,37.21936434069416]},"properties":{"id":"N1772"}},{"type":"Feature","geometry":{"type":"Point","coordinates":[-80.42195883853553,37.22975685401917]},"properties":{"id":"N1773"}},{"type":"Feature","geometry":{"type":"Point","coordinates":[-80.42202384636845,37.22956900868436]},"properties":{"id":"N1774"}},{"type":"Feature","geometry":{"type":"Point","coordinates":[-80.4219922044658,37.22956910568766]},"properties":{"id":"N1775"}},{"type":"Feature","geometry":{"type":"Point","coordinates":[-80.4241991806457,37.228993232090545]},"properties":{"id":"N1776"}},{"type":"Feature","geometry":{"type":"Point","coordinates":[-80.42404184116683,37.228744381577634]},"properties":{"id":"N1777"}},{"type":"Feature","geometry":{"type":"Point","coordinates":[-80.42412000297267,37.22886027234199]},"properties":{"id":"N1778"}},{"type":"Feature","geometry":{"type":"Point","coordinates":[-80.42404216924484,37.22891222638658]},"properties":{"id":"N1779","building":"Burruss Hall"}},{"type":"Feature","geometry":{"type":"Point","coordinates":[-80.42202392667357,37.233119831105206]},"properties":{"id":"N1780"}},{"type":"Feature","geometry":{"type":"Point","coordinates":[-80.42158328781021,37.2330718849293]},"properties":{"id":"N1781"}},{"type":"Feature","geometry":{"type":"Point","coordinates":[-80.42115255317852,37.233503428355114]},"properties":{"id":"N1782"}},{"type":"Feature","geometry":{"type":"Point","coordinates":[-80.42119686370067,37.23351518095669]},"properties":{"id":"N1783"}},{"type":"Feature","geometry":{"type":"Point","coordinates":[-80.42128930188576,37.23353941080378]},"properties":{"id":"N1784"}},{"type":"Feature","geometry":{"type":"Point","coordinates":[-80.42134221728233,37.23355208591492]},"properties":{"id":"N1785"}},{"type":"Feature","geometry":{"type":"Point","coordinates":[-80.43708297105394,37.224075036576394]},"properties":{"id":"N1786"}},{"type":"Feature","geometry":{"type":"Point","coordinates":[-80.43730585814838,37.2238366768208]},"properties":{"id":"N1787"}},{"type":"Feature","geometry":{"type":"Point","coordinates":[-80.43843596971335,37.22434140883577]},"properties":{"id":"N1788"}},{"type":"Feature","geometry":{"type":"Point","coordinates":[-80.43834169121055,37.2244101956342]},"properties":{"id":"N1789"}},{"type":"Feature","geometry":{"type":"LineString","coordinates":[[-80.42627148212618,37.221412444230204],[-80.42616462126988,37.22155715683189],[-80.4261495646846,37.22157669359619],[-80.4263032469118,37.22166832093726]]},"properties":{"id":"E5810","from":"N0","to":"N1","length":38.2,"steep":false,"has_stairs":false}},{"type":"Feature","geometry":{"type":"LineString","coordinates":[[-80.42160716512613,37.22655217555012],[-80.42188459119272,37.226373311430024],[-80.42211824267947,37.22622283780921],[-80.42235917795237,37.22609131890507],[-80.42253068348055,37.22602128465651],[-80.42271351917172,37.225953636052644],[-80.4228874139858,37.22591711256248],[-80.42302950737583,37.22590122351912],[-80.42318883508977,37.22589591304974],[-80.42327770976367,37.2259021384987]]},"properties":{"id":"E5811","from":"N2","to":"N3","length":169.6,"steep":false,"has_stairs":false}},{"type":"Feature","geometry":{"type":"LineString","coordinates":[[-80.42627148212618,37.221412444230204],[-80.4263032469118,37.22166832093726]]},"properties":{"id":"E5812","from":"N0","to":"N1","length":28.6,"steep":false,"has_stairs":false}},{"type":"Feature","geometry":{"type":"LineString","coordinates":[[-80.42350094165931,37.2295574200058],[-80.42349041930868,37.229547669259084],[-80.42340395341292,37.22947460799499],[-80.42315911836185,37.22925972273077],[-80.42312933918588,37.22927471871959],[-80.42309764427542,37.2292850681956],[-80.4230647538179,37.2292905359929],[-80.42303141516658,37.2292909978695],[-80.42299838585873,37.229286443330395],[-80.42292222903555,37.22933980503735]]},"properties":{"id":"E5813","from":"N4","to":"N5","length":68.9,"steep":false,"has_stairs":false}},{"type":"Feature","geometry":{"type":"LineString","coordinates":[[-80.4385196031827,37.22448472850153],[-80.43845772915944,37.2244528576489],[-80.43839315968891,37.22442687824402],[-80.43832645426649,37.2244070153988],[-80.43825819089555,37.22439344122508],[-80.4381889610792,37.224386273343264],[-80.43811936469476,37.22438557386313],[-80.43805000479584,37.2243913488457],[-80.43798148238695,37.22440354825067],[-80.43791439121571,37.22442206637001],[-80.43784931262806,37.22444674274398],[-80.43778681053088,37.224477363551436]]},"properties":{"id":"E5814","from":"N6","to":"N7","length":69.4,"steep":false,"has_stairs":false}},{"type":"Feature","geometry":{"type":"LineString","coordinates":[[-80.43778681053088,37.224477363551436],[-80.43763829101452,37.22460971646728]]},"properties":{"id":"E5814-1","from":"N7","to":"N8","length":19.7,"steep":false,"has_stairs":false}},{"type":"Feature","geometry":{"type":"LineString","coordinates":[[-80.43763829101452,37.22460971646728],[-80.43751129930807,37.2247829549949]]},"properties":{"id":"E5814-2","from":"N8","to":"N9","length":22.3,"steep":false,"has_stairs":false}},{"type":"Feature","geometry":{"type":"LineString","coordinates":[[-80.43751129930807,37.2247829549949],[-80.43756470784379,37.22492078239641]]},"properties":{"id":"E5814-3","from":"N9","to":"N10","length":16,"steep":false,"has_stairs":false}},{"type":"Feature","geometry":{"type":"LineString","coordinates":[[-80.417590611779,37.230390704942806],[-80.417290703484,37.230099761008944],[-80.41730761969411,37.22994388836739]]},"properties":{"id":"E5815","from":"N11","to":"N12","length":59.2,"steep":false,"has_stairs":false}},{"type":"Feature","geometry":{"type":"LineString","coordinates":[[-80.41877188761526,37.21509075927943],[-80.41858145936773,37.21513194596079]]},"properties":{"id":"E5816","from":"N13","to":"N14","length":17.5,"steep":false,"has_stairs":false}},{"type":"Feature","geometry":{"type":"LineString","coordinates":[[-80.42611758734654,37.22102449117087],[-80.42621409364332,37.22116826523536],[-80.42623541096285,37.221230268085485]]},"properties":{"id":"E5817","from":"N15","to":"N16","length":25.3,"steep":false,"has_stairs":false}},{"type":"Feature","geometry":{"type":"LineString","coordinates":[[-80.4197985641732,37.23209858738732],[-80.4191801179998,37.23152306100001]]},"properties":{"id":"E5818","from":"N17","to":"N18","length":84.2,"steep":false,"has_stairs":false}},{"type":"Feature","geometry":{"type":"LineString","coordinates":[[-80.41851065302586,37.21593186077708],[-80.41853499665446,37.2159271902778],[-80.41852701049909,37.21589159959356],[-80.41832356718324,37.2159276771202],[-80.4183204659961,37.21592784038158],[-80.41831743669,37.215928523990044],[-80.4183145659374,37.21592970838665],[-80.41831193587424,37.21593135968426],[-80.41830962175014,37.21593343063708],[-80.4183076897752,37.21593586199242],[-80.41830619522578,37.21593858418601],[-80.4183051808629,37.215941519332326],[-80.4183046757088,37.21594458345296],[-80.41830469421662,37.2159476888794],[-80.41830523585682,37.21595074676132],[-80.41830628513236,37.215953669608695],[-80.41830781202208,37.215956373795024],[-80.41830977283968,37.21595878194998],[-80.41833327327966,37.215985942248544],[-80.41829132903008,37.2160073706067]]},"properties":{"id":"E5819","from":"N19","to":"N20","length":37.2,"steep":false,"has_stairs":false}},{"type":"Feature","geometry":{"type":"LineString","coordinates":[[-80.4224350875711,37.23062764061717],[-80.42241684174768,37.23059159540638],[-80.42244884994724,37.23056789409132],[-80.4224692346157,37.23044939335994]]},"properties":{"id":"E5821","from":"N21","to":"N22","length":21.5,"steep":false,"has_stairs":false}},{"type":"Feature","geometry":{"type":"LineString","coordinates":[[-80.42436242085002,37.22826925195737],[-80.42424630284842,37.228172341002974]]},"properties":{"id":"E5823","from":"N23","to":"N24","length":14.9,"steep":false,"has_stairs":false}},{"type":"Feature","geometry":{"type":"LineString","coordinates":[[-80.42424630284842,37.228172341002974],[-80.4242142060877,37.2281455544874]]},"properties":{"id":"E5823-1","from":"N24","to":"N25","length":4.1,"steep":false,"has_stairs":false}},{"type":"Feature","geometry":{"type":"LineString","coordinates":[[-80.43948292608042,37.22498345184996],[-80.43946250148248,37.22506731387293],[-80.4394360531419,37.22514947522867],[-80.43940372014403,37.22522950385071],[-80.4393656725202,37.22530697888809],[-80.43932211035353,37.22538149291854],[-80.43927326272684,37.22545265409098],[-80.43921938651783,37.225520088186215],[-80.43916076504833,37.22558344058483]]},"properties":{"id":"E5824","from":"N26","to":"N27","length":73.3,"steep":false,"has_stairs":false}},{"type":"Feature","geometry":{"type":"LineString","coordinates":[[-80.42112707112658,37.2310699503388],[-80.42102172197113,37.230967373090486]]},"properties":{"id":"E5825","from":"N28","to":"N29","length":14.7,"steep":false,"has_stairs":false}},{"type":"Feature","geometry":{"type":"LineString","coordinates":[[-80.42102172197113,37.230967373090486],[-80.42102020380474,37.230934828217535],[-80.42109808518231,37.23075315234027]]},"properties":{"id":"E5825-1","from":"N29","to":"N30","length":25,"steep":false,"has_stairs":false}},{"type":"Feature","geometry":{"type":"LineString","coordinates":[[-80.42516341798971,37.228356584863675],[-80.42511805812762,37.22830974056402]]},"properties":{"id":"E5826","from":"N31","to":"N32","length":6.6,"steep":false,"has_stairs":false}},{"type":"Feature","geometry":{"type":"LineString","coordinates":[[-80.4197985641732,37.23209858738732],[-80.42040658624809,37.23167967315368],[-80.42072897136958,37.23146589163434]]},"properties":{"id":"E5829","from":"N17","to":"N33","length":108.3,"steep":false,"has_stairs":false}},{"type":"Feature","geometry":{"type":"LineString","coordinates":[[-80.41883230029329,37.23174503417022],[-80.41900057814163,37.23163764118116]]},"properties":{"id":"E5830","from":"N34","to":"N35","length":19.1,"steep":false,"has_stairs":false}},{"type":"Feature","geometry":{"type":"LineString","coordinates":[[-80.41900057814163,37.23163764118116],[-80.4191801179998,37.23152306100001]]},"properties":{"id":"E5830-1","from":"N35","to":"N18","length":20.4,"steep":false,"has_stairs":false}},{"type":"Feature","geometry":{"type":"LineString","coordinates":[[-80.4177021116063,37.22908239793148],[-80.41779157025339,37.22908978883759],[-80.41822406938529,37.22883475883825],[-80.41852461486658,37.228683454308886],[-80.41855626890475,37.22864323302686]]},"properties":{"id":"E5831","from":"N36","to":"N37","length":92.4,"steep":false,"has_stairs":false}},{"type":"Feature","geometry":{"type":"LineString","coordinates":[[-80.41855626890475,37.22864323302686],[-80.41860138443344,37.22858590835246],[-80.41862255506663,37.228571760242595]]},"properties":{"id":"E5831-1","from":"N37","to":"N38","length":10,"steep":false,"has_stairs":false}},{"type":"Feature","geometry":{"type":"LineString","coordinates":[[-80.41989757037287,37.227898223929756],[-80.41992489191855,37.227885565394985],[-80.41999375332809,37.2278233772711],[-80.42015722172276,37.22767274778457],[-80.42035529960565,37.22749806673432],[-80.42045296037251,37.22741427205755],[-80.42057385316691,37.22732070344768],[-80.42059653323267,37.22729436762375],[-80.42061898073979,37.22727709795943]]},"properties":{"id":"E5832","from":"N39","to":"N40","length":94.3,"steep":false,"has_stairs":false}},{"type":"Feature","geometry":{"type":"LineString","coordinates":[[-80.41908669145465,37.22826110664801],[-80.41922827620353,37.228155643245394],[-80.41924171567798,37.22810137853967]]},"properties":{"id":"E5833","from":"N41","to":"N42","length":23.3,"steep":false,"has_stairs":false}},{"type":"Feature","geometry":{"type":"LineString","coordinates":[[-80.41924171567798,37.22810137853967],[-80.41921964167882,37.228075468713804],[-80.41917749326447,37.22803389023785],[-80.41912941651977,37.227990060294886],[-80.41907241912831,37.22794167968968],[-80.41901266705318,37.227900388250376],[-80.41895010056969,37.22786383730498],[-80.41888471971596,37.227832028650994],[-80.4187643753547,37.22778634051808],[-80.41873446452045,37.227807815737755]]},"properties":{"id":"E5833-1","from":"N42","to":"N43","length":59.3,"steep":false,"has_stairs":false}},{"type":"Feature","geometry":{"type":"LineString","coordinates":[[-80.41661846747182,37.22825569193041],[-80.41685224797234,37.22850949614666]]},"properties":{"id":"E5834","from":"N44","to":"N45","length":35,"steep":false,"has_stairs":false}},{"type":"Feature","geometry":{"type":"LineString","coordinates":[[-80.41668686122242,37.22815526215145],[-80.41687134170193,37.22816937463322],[-80.4170474542877,37.22821902230816]]},"properties":{"id":"E5835","from":"N46","to":"N47","length":32.9,"steep":false,"has_stairs":false}},{"type":"Feature","geometry":{"type":"LineString","coordinates":[[-80.4170474542877,37.22821902230816],[-80.41715828516553,37.22827819122159],[-80.41720952126805,37.22833138000202],[-80.41726979515613,37.228393816912515],[-80.4173113708699,37.22843746568248]]},"properties":{"id":"E5835-1","from":"N47","to":"N48","length":34.1,"steep":false,"has_stairs":false}},{"type":"Feature","geometry":{"type":"LineString","coordinates":[[-80.41731181554275,37.22843793253327],[-80.41734338265381,37.22846906129387],[-80.41737025226253,37.22850432467949],[-80.4173918889999,37.22854302007759],[-80.41740786176034,37.2285843764938],[-80.4174178522913,37.228627569913776],[-80.41742166153442,37.22867173972139],[-80.41741921359164,37.228716005846294],[-80.41741055723753,37.22875948629905],[-80.41740845909044,37.22876971295776],[-80.41739552298209,37.22883803643176],[-80.41738314643884,37.22887487901169]]},"properties":{"id":"E5835-3","from":"N48","to":"N49","length":51.3,"steep":false,"has_stairs":false}},{"type":"Feature","geometry":{"type":"LineString","coordinates":[[-80.4175066797959,37.22788881493687],[-80.41761191218613,37.22783090792451]]},"properties":{"id":"E5836","from":"N50","to":"N51","length":11.3,"steep":false,"has_stairs":false}},{"type":"Feature","geometry":{"type":"LineString","coordinates":[[-80.41761191218613,37.22783090792451],[-80.41785437769266,37.228094678774724]]},"properties":{"id":"E5836-1","from":"N51","to":"N52","length":36.3,"steep":false,"has_stairs":false}},{"type":"Feature","geometry":{"type":"LineString","coordinates":[[-80.41843696108076,37.22762571662222],[-80.41849959233465,37.22757996094038],[-80.4185631245357,37.22753901243139],[-80.41878874471296,37.22740855477014]]},"properties":{"id":"E5837","from":"N53","to":"N54","length":39.4,"steep":false,"has_stairs":false}},{"type":"Feature","geometry":{"type":"LineString","coordinates":[[-80.42287681705291,37.22937162456725],[-80.42259014562646,37.22957249024662],[-80.42255263447724,37.22958572002394]]},"properties":{"id":"E5838","from":"N55","to":"N56","length":37.4,"steep":false,"has_stairs":false}},{"type":"Feature","geometry":{"type":"LineString","coordinates":[[-80.42255263447724,37.22958572002394],[-80.42253983471461,37.229590233909526]]},"properties":{"id":"E5838-1","from":"N56","to":"N57","length":1.2,"steep":false,"has_stairs":false}},{"type":"Feature","geometry":{"type":"LineString","coordinates":[[-80.42253983471461,37.229590233909526],[-80.42249755078552,37.229590922564846]]},"properties":{"id":"E5838-2","from":"N57","to":"N58","length":3.7,"steep":false,"has_stairs":false}},{"type":"Feature","geometry":{"type":"LineString","coordinates":[[-80.42249755078552,37.229590922564846],[-80.42243869688637,37.22960542100669],[-80.42188375870094,37.229973799816634]]},"properties":{"id":"E5838-3","from":"N58","to":"N59","length":69.4,"steep":false,"has_stairs":false}},{"type":"Feature","geometry":{"type":"LineString","coordinates":[[-80.41844144270803,37.229703528647875],[-80.41854200925259,37.22980808305505]]},"properties":{"id":"E5839","from":"N60","to":"N61","length":14.6,"steep":false,"has_stairs":false}},{"type":"Feature","geometry":{"type":"LineString","coordinates":[[-80.42374569556463,37.2250351050016],[-80.42371816066233,37.22498625994955]]},"properties":{"id":"E5840","from":"N62","to":"N63","length":6,"steep":false,"has_stairs":false}},{"type":"Feature","geometry":{"type":"LineString","coordinates":[[-80.4254703555107,37.2281221626976],[-80.42546803768596,37.228103145604784],[-80.42556164996226,37.22803712646057]]},"properties":{"id":"E5841","from":"N64","to":"N65","length":13.2,"steep":false,"has_stairs":false}},{"type":"Feature","geometry":{"type":"LineString","coordinates":[[-80.42255263447724,37.22958572002394],[-80.42239973937123,37.22943326635101]]},"properties":{"id":"E5842","from":"N56","to":"N66","length":21.7,"steep":false,"has_stairs":false}},{"type":"Feature","geometry":{"type":"LineString","coordinates":[[-80.42239973937123,37.22943326635101],[-80.42238193888545,37.22940119664291],[-80.42226774908342,37.229281713130746]]},"properties":{"id":"E5842-1","from":"N66","to":"N67","length":20.6,"steep":false,"has_stairs":false}},{"type":"Feature","geometry":{"type":"LineString","coordinates":[[-80.42410143004886,37.22492862545618],[-80.42406277064264,37.22484763013267]]},"properties":{"id":"E5843","from":"N68","to":"N69","length":9.6,"steep":false,"has_stairs":false}},{"type":"Feature","geometry":{"type":"LineString","coordinates":[[-80.42442466983918,37.228909250227126],[-80.42437671173072,37.22886150796992],[-80.42439631722704,37.22885037748032],[-80.4244416044279,37.22888876290671],[-80.4244723907503,37.228864271585046]]},"properties":{"id":"E5844","from":"N70","to":"N71","length":18.6,"steep":false,"has_stairs":false}},{"type":"Feature","geometry":{"type":"LineString","coordinates":[[-80.42465014783804,37.23067516279087],[-80.42466442790973,37.23068758936209],[-80.42467584424308,37.230699278508666],[-80.42429831861733,37.230987927273375]]},"properties":{"id":"E5845","from":"N72","to":"N73","length":49.9,"steep":false,"has_stairs":false}},{"type":"Feature","geometry":{"type":"LineString","coordinates":[[-80.42113462227569,37.23120661751657],[-80.42125585859583,37.23121064603682],[-80.42161583736424,37.23122926367063]]},"properties":{"id":"E5846","from":"N74","to":"N75","length":42.7,"steep":false,"has_stairs":false}},{"type":"Feature","geometry":{"type":"LineString","coordinates":[[-80.41678030410849,37.22983668435865],[-80.41698369535843,37.22970958534585]]},"properties":{"id":"E5847","from":"N76","to":"N77","length":22.9,"steep":false,"has_stairs":false}},{"type":"Feature","geometry":{"type":"LineString","coordinates":[[-80.41698369535843,37.22970958534585],[-80.41709083804261,37.229729301222974],[-80.4172071891805,37.22983522088916],[-80.4172650744563,37.22989649339502],[-80.41725676325572,37.229962132515894],[-80.41729496604815,37.22996126778124]]},"properties":{"id":"E5847-1","from":"N77","to":"N78","length":44.6,"steep":false,"has_stairs":false}},{"type":"Feature","geometry":{"type":"LineString","coordinates":[[-80.42292222903555,37.22933980503735],[-80.4229883576213,37.229404867409315],[-80.42305694689907,37.22935796495116]]},"properties":{"id":"E5848","from":"N5","to":"N79","length":17.3,"steep":false,"has_stairs":false}},{"type":"Feature","geometry":{"type":"LineString","coordinates":[[-80.41854200925259,37.22980808305505],[-80.41912465547944,37.22944975341824]]},"properties":{"id":"E5849","from":"N61","to":"N80","length":65.2,"steep":false,"has_stairs":false}},{"type":"Feature","geometry":{"type":"LineString","coordinates":[[-80.42362055884439,37.22947064040838],[-80.4236745166085,37.22943254449984]]},"properties":{"id":"E5850","from":"N81","to":"N82","length":6.4,"steep":false,"has_stairs":false}},{"type":"Feature","geometry":{"type":"LineString","coordinates":[[-80.42413958815122,37.22870129060096],[-80.42440588654802,37.22892367321781]]},"properties":{"id":"E5851","from":"N83","to":"N84","length":34.2,"steep":false,"has_stairs":false}},{"type":"Feature","geometry":{"type":"LineString","coordinates":[[-80.42440588654802,37.22892367321781],[-80.42442466983918,37.228909250227126]]},"properties":{"id":"E5851-1","from":"N84","to":"N70","length":2.3,"steep":false,"has_stairs":false}},{"type":"Feature","geometry":{"type":"LineString","coordinates":[[-80.4239964931145,37.22325463099961],[-80.42405296423408,37.2233748761497],[-80.42407864119494,37.22341252946535],[-80.42410885278261,37.22344665186956],[-80.42414311856554,37.22347670074006],[-80.42418089364143,37.223502198232865],[-80.42422157730242,37.22352273888103],[-80.42426452258765,37.22353799604248]]},"properties":{"id":"E5852","from":"N85","to":"N86","length":41,"steep":false,"has_stairs":false}},{"type":"Feature","geometry":{"type":"LineString","coordinates":[[-80.42198694647219,37.22915985739904],[-80.42201453164876,37.22918578604517],[-80.42211000930384,37.22913128205201],[-80.42213977677221,37.229163722040724]]},"properties":{"id":"E5853","from":"N87","to":"N88","length":18.6,"steep":false,"has_stairs":false}},{"type":"Feature","geometry":{"type":"LineString","coordinates":[[-80.42110339583635,37.22994766973322],[-80.42110524033919,37.229929090455244],[-80.42111370488675,37.22989741688478],[-80.42114491360373,37.22984867873564],[-80.42146921309623,37.22943930029314],[-80.42156206442228,37.22938520722947]]},"properties":{"id":"E5854-1","from":"N89","to":"N90","length":75.8,"steep":false,"has_stairs":false}},{"type":"Feature","geometry":{"type":"LineString","coordinates":[[-80.42156206442228,37.22938520722947],[-80.42166702835891,37.229336891497596],[-80.42181907337776,37.229257933508904],[-80.42192666211042,37.22919523362286],[-80.42198694647219,37.22915985739904]]},"properties":{"id":"E5854-2","from":"N90","to":"N87","length":45.2,"steep":false,"has_stairs":false}},{"type":"Feature","geometry":{"type":"LineString","coordinates":[[-80.42452526139817,37.22582308165754],[-80.42456973473386,37.225880627123644],[-80.42460132089683,37.22589347722792],[-80.4246916496243,37.226008258044644],[-80.42467313649726,37.226016758873435],[-80.42506276130091,37.226504839483724],[-80.42510583186554,37.226549202050336],[-80.42511385579199,37.226559371938876]]},"properties":{"id":"E5855","from":"N91","to":"N92","length":99.5,"steep":false,"has_stairs":false}},{"type":"Feature","geometry":{"type":"LineString","coordinates":[[-80.42133787178399,37.223037304906626],[-80.42154333490966,37.22299774312232]]},"properties":{"id":"E5856","from":"N93","to":"N94","length":18.7,"steep":false,"has_stairs":false}},{"type":"Feature","geometry":{"type":"LineString","coordinates":[[-80.42007478732572,37.222624087064375],[-80.42006654368107,37.222641252835565],[-80.42005554950886,37.22265680113304],[-80.4200421135016,37.22267029539428],[-80.4200266129133,37.222681356729645],[-80.41951992082814,37.22303585757108]]},"properties":{"id":"E5857","from":"N95","to":"N96","length":67.5,"steep":false,"has_stairs":false}},{"type":"Feature","geometry":{"type":"LineString","coordinates":[[-80.41879045183647,37.22371864273445],[-80.41781542373126,37.22440331677131],[-80.41635833878844,37.2254129486381],[-80.41583140025132,37.22577635445518]]},"properties":{"id":"E5858","from":"N97","to":"N98","length":347.8,"steep":false,"has_stairs":false}},{"type":"Feature","geometry":{"type":"LineString","coordinates":[[-80.42591916007326,37.22711977525657],[-80.425877157783,37.227068368251324],[-80.42586135954029,37.22704903303577],[-80.4258141544779,37.22699125861572],[-80.42575896444714,37.22690876339911]]},"properties":{"id":"E5859","from":"N99","to":"N100","length":27.4,"steep":false,"has_stairs":false}},{"type":"Feature","geometry":{"type":"LineString","coordinates":[[-80.42575896444714,37.22690876339911],[-80.42574761299626,37.22689924809327],[-80.42565959898602,37.226814512382575]]},"properties":{"id":"E5859-1","from":"N100","to":"N101","length":13.7,"steep":false,"has_stairs":false}},{"type":"Feature","geometry":{"type":"LineString","coordinates":[[-80.42549516428808,37.22688077393777],[-80.42574206590984,37.22708794447144]]},"properties":{"id":"E5860","from":"N102","to":"N103","length":31.8,"steep":false,"has_stairs":false}},{"type":"Feature","geometry":{"type":"LineString","coordinates":[[-80.4192654196924,37.226963532726955],[-80.41948610450879,37.22675603492682]]},"properties":{"id":"E5861","from":"N104","to":"N105","length":30.2,"steep":false,"has_stairs":false}},{"type":"Feature","geometry":{"type":"LineString","coordinates":[[-80.41746749759731,37.227395658849126],[-80.41783589088136,37.22675656687182]]},"properties":{"id":"E5862","from":"N106","to":"N107","length":78.2,"steep":false,"has_stairs":false}},{"type":"Feature","geometry":{"type":"LineString","coordinates":[[-80.42444446176219,37.22355821366934],[-80.42445908741442,37.22365139761245],[-80.42446789278519,37.223727067198205],[-80.42446368925701,37.22377906761044],[-80.42449361958323,37.22378204324378],[-80.42472512103758,37.22380279690583]]},"properties":{"id":"E5863","from":"N108","to":"N109","length":48,"steep":false,"has_stairs":false}},{"type":"Feature","geometry":{"type":"LineString","coordinates":[[-80.41662222840934,37.22864952360819],[-80.4164532453855,37.2287540478644],[-80.41625005233871,37.228874946488865]]},"properties":{"id":"E5864","from":"N110","to":"N111","length":41.4,"steep":false,"has_stairs":false}},{"type":"Feature","geometry":{"type":"LineString","coordinates":[[-80.41661846747182,37.22825569193041],[-80.41638964098996,37.22839128961387]]},"properties":{"id":"E5865","from":"N44","to":"N112","length":25.3,"steep":false,"has_stairs":false}},{"type":"Feature","geometry":{"type":"LineString","coordinates":[[-80.41638964098996,37.22839128961387],[-80.41637708003086,37.22839873352019],[-80.41600767151179,37.22861705009484]]},"properties":{"id":"E5865-1","from":"N112","to":"N113","length":42.1,"steep":false,"has_stairs":false}},{"type":"Feature","geometry":{"type":"LineString","coordinates":[[-80.41600767151179,37.22861705009484],[-80.41625005233871,37.228874946488865]]},"properties":{"id":"E5865-2","from":"N113","to":"N111","length":35.8,"steep":false,"has_stairs":false}},{"type":"Feature","geometry":{"type":"LineString","coordinates":[[-80.41685224797234,37.22850949614666],[-80.41679942730143,37.22854156700517],[-80.41662222840934,37.22864952360819]]},"properties":{"id":"E5866","from":"N45","to":"N110","length":25.6,"steep":false,"has_stairs":false}},{"type":"Feature","geometry":{"type":"LineString","coordinates":[[-80.42203598496499,37.2237031368839],[-80.42226480448511,37.223798255112435]]},"properties":{"id":"E5867","from":"N114","to":"N115","length":22.9,"steep":false,"has_stairs":false}},{"type":"Feature","geometry":{"type":"LineString","coordinates":[[-80.42226480448511,37.223798255112435],[-80.4223534058204,37.223599837934046]]},"properties":{"id":"E5867-1","from":"N115","to":"N116","length":23.4,"steep":false,"has_stairs":false}},{"type":"Feature","geometry":{"type":"LineString","coordinates":[[-80.42430875633904,37.22746830699856],[-80.42436105793689,37.22745924213429],[-80.42441404246485,37.22745603765304],[-80.42446705532392,37.22745873314468],[-80.42451944156512,37.22746729530767],[-80.42457055398103,37.22748161836051],[-80.42482728550766,37.22769072869644],[-80.4249758806608,37.227816829229894]]},"properties":{"id":"E5868","from":"N117","to":"N118","length":75.4,"steep":false,"has_stairs":false}},{"type":"Feature","geometry":{"type":"LineString","coordinates":[[-80.42318751757374,37.22188353214877],[-80.42346731598434,37.22249151391091]]},"properties":{"id":"E5869","from":"N119","to":"N120","length":72,"steep":false,"has_stairs":false}},{"type":"Feature","geometry":{"type":"LineString","coordinates":[[-80.416941829276,37.2268324118641],[-80.41719581067771,37.22659632895589],[-80.41728000241908,37.226597759057924],[-80.41737491040801,37.22651044530025],[-80.41747352887323,37.22650841704062],[-80.41783607662681,37.22675624750452]]},"properties":{"id":"E5870","from":"N121","to":"N107","length":105.9,"steep":false,"has_stairs":false}},{"type":"Feature","geometry":{"type":"LineString","coordinates":[[-80.42328801558392,37.225823660917754],[-80.42346639573981,37.22588099506121],[-80.4234735040855,37.22586493375246]]},"properties":{"id":"E5871","from":"N122","to":"N123","length":18.9,"steep":false,"has_stairs":false}},{"type":"Feature","geometry":{"type":"LineString","coordinates":[[-80.42538920729298,37.22330016794024],[-80.42535924657287,37.223230689208606],[-80.42531488945397,37.22310298812308]]},"properties":{"id":"E5872","from":"N124","to":"N125","length":22.9,"steep":false,"has_stairs":false}},{"type":"Feature","geometry":{"type":"LineString","coordinates":[[-80.42383041034978,37.229658672507576],[-80.42362055884439,37.22947064040838]]},"properties":{"id":"E5873","from":"N126","to":"N81","length":28,"steep":false,"has_stairs":false}},{"type":"Feature","geometry":{"type":"LineString","coordinates":[[-80.42303761858953,37.22097162556368],[-80.42306025357733,37.22095936731363],[-80.42308454699217,37.220950856299424],[-80.42310988317709,37.220946308211815],[-80.42323939527516,37.220918692569384],[-80.42350505858806,37.22086483977352],[-80.42412922657044,37.220755618902636],[-80.42467205876113,37.220672239533016],[-80.42494049220988,37.2206289301755]]},"properties":{"id":"E5874","from":"N127","to":"N128","length":173,"steep":false,"has_stairs":false}},{"type":"Feature","geometry":{"type":"LineString","coordinates":[[-80.41830394761871,37.22995449123486],[-80.41828430963359,37.2299322810615],[-80.41827331084444,37.229921141343596],[-80.41826067253864,37.22991190338366],[-80.41824671985503,37.22990480484169],[-80.41823181174682,37.22990002833805],[-80.41821633174683,37.22989769675527],[-80.4182006781007,37.22989787007673],[-80.41816856767235,37.229902389332494],[-80.41813615873541,37.22990131040377],[-80.41810441997276,37.22989466553907],[-80.41806374987854,37.229907061047925],[-80.41804317177325,37.22991819815663]]},"properties":{"id":"E5875","from":"N129","to":"N130","length":26.5,"steep":false,"has_stairs":false}},{"type":"Feature","geometry":{"type":"LineString","coordinates":[[-80.43814001037168,37.22636427938963],[-80.43819730020637,37.22623719852499]]},"properties":{"id":"E5876","from":"N131","to":"N132","length":15,"steep":false,"has_stairs":false}},{"type":"Feature","geometry":{"type":"LineString","coordinates":[[-80.43746191530359,37.22582591636582],[-80.43760856406853,37.225775350862016]]},"properties":{"id":"E5877","from":"N133","to":"N134","length":14.1,"steep":false,"has_stairs":false}},{"type":"Feature","geometry":{"type":"LineString","coordinates":[[-80.42362055884439,37.22947064040838],[-80.42321036596184,37.22911928833905]]},"properties":{"id":"E5878","from":"N81","to":"N135","length":53.3,"steep":false,"has_stairs":false}},{"type":"Feature","geometry":{"type":"LineString","coordinates":[[-80.42321036596184,37.22911928833905],[-80.4238368418443,37.22865328652469],[-80.42385917724691,37.22863667239916]]},"properties":{"id":"E5878-1","from":"N135","to":"N136","length":78.6,"steep":false,"has_stairs":false}},{"type":"Feature","geometry":{"type":"LineString","coordinates":[[-80.43689785270111,37.22463279790905],[-80.43691022678107,37.224455398723066],[-80.43691184164459,37.224432243461244],[-80.43708988789511,37.22443828223843]]},"properties":{"id":"E5879","from":"N137","to":"N138","length":38.1,"steep":false,"has_stairs":false}},{"type":"Feature","geometry":{"type":"LineString","coordinates":[[-80.42377901151406,37.2259977519722],[-80.42374615531574,37.22590902000422],[-80.42372645834106,37.22586200840318],[-80.42372236232917,37.22585096897571],[-80.42371988051032,37.22583945868261],[-80.42371906349479,37.22582771224664],[-80.42371992794352,37.225815969206124],[-80.42372018846558,37.22580303521315],[-80.42371850940638,37.225790208023035],[-80.42371492862377,37.225777776850855],[-80.42369208642256,37.22572383787859],[-80.42367708595117,37.22569658964497]]},"properties":{"id":"E5880","from":"N139","to":"N140","length":34.9,"steep":false,"has_stairs":false}},{"type":"Feature","geometry":{"type":"LineString","coordinates":[[-80.42598816984575,37.22695734413128],[-80.4260510075926,37.22686148592523],[-80.4261451094712,37.226746715145765],[-80.42614839193176,37.2267281348277]]},"properties":{"id":"E5881","from":"N141","to":"N142","length":29.4,"steep":false,"has_stairs":false}},{"type":"Feature","geometry":{"type":"LineString","coordinates":[[-80.4170685897546,37.23070931601176],[-80.417590611779,37.230390704942806]]},"properties":{"id":"E5882","from":"N143","to":"N11","length":58.2,"steep":false,"has_stairs":false}},{"type":"Feature","geometry":{"type":"LineString","coordinates":[[-80.42508387815427,37.22047264713707],[-80.42519141550434,37.22045629505929],[-80.42575385308093,37.22036350233487],[-80.42609741306717,37.22030323715069],[-80.42615742204315,37.22029218061682],[-80.42629748443345,37.220262856324254]]},"properties":{"id":"E5883","from":"N144","to":"N145","length":110,"steep":false,"has_stairs":false}},{"type":"Feature","geometry":{"type":"LineString","coordinates":[[-80.41852325845538,37.21934458244536],[-80.41883151216184,37.219086551055355],[-80.41913637484411,37.219205439466],[-80.41936321239717,37.21933162013611]]},"properties":{"id":"E5884","from":"N146","to":"N147","length":94.2,"steep":false,"has_stairs":false}},{"type":"Feature","geometry":{"type":"LineString","coordinates":[[-80.42471215604274,37.23026490151237],[-80.42447445492718,37.23005774552742]]},"properties":{"id":"E5885","from":"N148","to":"N149","length":31.2,"steep":false,"has_stairs":false}},{"type":"Feature","geometry":{"type":"LineString","coordinates":[[-80.42079715397135,37.22729329783916],[-80.42101893911186,37.227471967347654]]},"properties":{"id":"E5886","from":"N150","to":"N151","length":27.9,"steep":false,"has_stairs":false}},{"type":"Feature","geometry":{"type":"LineString","coordinates":[[-80.42101893911186,37.227471967347654],[-80.42220401751344,37.22841788879096]]},"properties":{"id":"E5886-1","from":"N151","to":"N152","length":148.6,"steep":false,"has_stairs":false}},{"type":"Feature","geometry":{"type":"LineString","coordinates":[[-80.41948426786374,37.22166036644133],[-80.41946053895495,37.22156110562267],[-80.41944331986372,37.221460511019785],[-80.4194326835888,37.22135900909425],[-80.41942867522168,37.22125703015414],[-80.41943131175549,37.221155006529806],[-80.41944058201288,37.22105337074103],[-80.41946574416413,37.22098345381684],[-80.41949382484572,37.22085426621538]]},"properties":{"id":"E5888","from":"N153","to":"N154","length":90.5,"steep":false,"has_stairs":false}},{"type":"Feature","geometry":{"type":"LineString","coordinates":[[-80.41949382484572,37.22085426621538],[-80.41947770665533,37.22083699120457]]},"properties":{"id":"E5888-1","from":"N154","to":"N155","length":2.4,"steep":false,"has_stairs":false}},{"type":"Feature","geometry":{"type":"LineString","coordinates":[[-80.42794600962962,37.21796813809106],[-80.42799719297952,37.21785892806924]]},"properties":{"id":"E5889","from":"N156","to":"N157","length":13,"steep":false,"has_stairs":false}},{"type":"Feature","geometry":{"type":"LineString","coordinates":[[-80.42257372707687,37.22115313555931],[-80.42255138653339,37.221162571367344],[-80.42253019835324,37.22117436947646],[-80.42250038252712,37.22118681964362],[-80.42212572167732,37.22139243475667],[-80.42209116471315,37.22143995339667]]},"properties":{"id":"E5891","from":"N158","to":"N159","length":53.9,"steep":false,"has_stairs":false}},{"type":"Feature","geometry":{"type":"LineString","coordinates":[[-80.42038433723604,37.2307275492548],[-80.41969336902287,37.23119550731715],[-80.41946071636904,37.23134398566952]]},"properties":{"id":"E5892","from":"N160","to":"N161","length":106.7,"steep":false,"has_stairs":false}},{"type":"Feature","geometry":{"type":"LineString","coordinates":[[-80.42333829163863,37.23013704524611],[-80.42324632731061,37.23006174003392]]},"properties":{"id":"E5894","from":"N162","to":"N163","length":11.7,"steep":false,"has_stairs":false}},{"type":"Feature","geometry":{"type":"LineString","coordinates":[[-80.41830598792289,37.22480370653704],[-80.41839773313755,37.22488210410884]]},"properties":{"id":"E5896","from":"N164","to":"N165","length":11.9,"steep":false,"has_stairs":false}},{"type":"Feature","geometry":{"type":"LineString","coordinates":[[-80.41888320024287,37.22440019963013],[-80.41895999567168,37.22447702282238]]},"properties":{"id":"E5897","from":"N166","to":"N167","length":10.9,"steep":false,"has_stairs":false}},{"type":"Feature","geometry":{"type":"LineString","coordinates":[[-80.42305678940303,37.23330113047824],[-80.42328500486288,37.23336157476163],[-80.42332625490097,37.23337317814828],[-80.42372606517837,37.23349351254817]]},"properties":{"id":"E5898","from":"N168","to":"N169","length":63,"steep":false,"has_stairs":false}},{"type":"Feature","geometry":{"type":"LineString","coordinates":[[-80.42372606517837,37.23349351254817],[-80.4238619356886,37.23307566002687],[-80.42386348595248,37.23307112024584]]},"properties":{"id":"E5898-1","from":"N169","to":"N170","length":48.5,"steep":false,"has_stairs":false}},{"type":"Feature","geometry":{"type":"LineString","coordinates":[[-80.42571606374455,37.22276315570902],[-80.42653630600071,37.222668251358535],[-80.42698973155794,37.22261457330695],[-80.42709279129014,37.222602799059345]]},"properties":{"id":"E5899","from":"N171","to":"N172","length":123.2,"steep":false,"has_stairs":false}},{"type":"Feature","geometry":{"type":"LineString","coordinates":[[-80.42159366579395,37.22154078861299],[-80.42157143482832,37.221107474441176]]},"properties":{"id":"E5900","from":"N173","to":"N174","length":48.2,"steep":false,"has_stairs":false}},{"type":"Feature","geometry":{"type":"LineString","coordinates":[[-80.42157143482832,37.221107474441176],[-80.42156078962346,37.22089206562657],[-80.42156708226256,37.22088008969303],[-80.42158186532092,37.22080496420966]]},"properties":{"id":"E5900-1","from":"N174","to":"N175","length":33.9,"steep":false,"has_stairs":false}},{"type":"Feature","geometry":{"type":"LineString","coordinates":[[-80.43717304799166,37.22532615719274],[-80.43731843792978,37.22527764689181]]},"properties":{"id":"E5901","from":"N176","to":"N177","length":14,"steep":false,"has_stairs":false}},{"type":"Feature","geometry":{"type":"LineString","coordinates":[[-80.4359623865742,37.2242662875913],[-80.43597181741981,37.22411686580359]]},"properties":{"id":"E5902","from":"N178","to":"N179","length":16.6,"steep":false,"has_stairs":false}},{"type":"Feature","geometry":{"type":"LineString","coordinates":[[-80.42354178960154,37.22999930963288],[-80.42345257056571,37.22991943361039]]},"properties":{"id":"E5903","from":"N180","to":"N181","length":11.9,"steep":false,"has_stairs":false}},{"type":"Feature","geometry":{"type":"LineString","coordinates":[[-80.42651052487551,37.22784302886843],[-80.42647072190482,37.22787844002051],[-80.42623868506952,37.22805075742961]]},"properties":{"id":"E5904","from":"N182","to":"N183","length":33.4,"steep":false,"has_stairs":false}},{"type":"Feature","geometry":{"type":"LineString","coordinates":[[-80.42623868506952,37.22805075742961],[-80.42614789430567,37.228118181242614]]},"properties":{"id":"E5904-1","from":"N183","to":"N184","length":11,"steep":false,"has_stairs":false}},{"type":"Feature","geometry":{"type":"LineString","coordinates":[[-80.42603322895552,37.22112000945719],[-80.42579858862975,37.221028529261304]]},"properties":{"id":"E5905","from":"N185","to":"N186","length":23.1,"steep":false,"has_stairs":false}},{"type":"Feature","geometry":{"type":"LineString","coordinates":[[-80.42579858862975,37.221028529261304],[-80.42614170388336,37.221006368481476]]},"properties":{"id":"E5905-1","from":"N186","to":"N187","length":30.5,"steep":false,"has_stairs":false}},{"type":"Feature","geometry":{"type":"LineString","coordinates":[[-80.42252965811436,37.22326079368868],[-80.42242562075525,37.22332168438409],[-80.42196180230775,37.22366643241169]]},"properties":{"id":"E5906","from":"N188","to":"N189","length":67.6,"steep":false,"has_stairs":false}},{"type":"Feature","geometry":{"type":"LineString","coordinates":[[-80.43595729122913,37.2249110273691],[-80.43614624844112,37.224915919750785],[-80.43615895449335,37.22491973865171],[-80.43617085542678,37.22492560342373],[-80.43618162443623,37.22493335301747],[-80.43619096579964,37.22494277462546],[-80.43619862299882,37.22495360952594],[-80.43620438576347,37.224965560187464],[-80.43620809584543,37.22497829843929],[-80.43620965136407,37.224991474483055],[-80.43620354537275,37.22504099634194],[-80.43619545553602,37.225090233037385],[-80.43618813918177,37.225133521951896],[-80.43618755742078,37.22517742093495],[-80.43619372405472,37.225220888529606],[-80.43620649278672,37.22526289351314],[-80.43622556069214,37.225302439361755],[-80.43625047540505,37.22533858789201],[-80.43679866332704,37.226093688713455],[-80.43725094569716,37.2267295052134],[-80.43733085883281,37.22688542180423],[-80.43739121137605,37.22697380169916],[-80.43744782359396,37.22706074772582],[-80.43752272133854,37.22716667656462],[-80.43755738264163,37.22719374550775],[-80.43756615727933,37.22720349757858],[-80.43759917753087,37.22723601016558],[-80.43764356972999,37.227292252552736],[-80.43775145621746,37.22747053380642],[-80.4378078635937,37.22756303584322],[-80.43789824978553,37.22772883486409],[-80.43793456043142,37.22777284780709],[-80.43800841646052,37.227830952380295],[-80.43801773390892,37.22783486886691],[-80.43802758374466,37.22783713479901],[-80.43803767595374,37.22783768345955],[-80.43804771338581,37.227836498694025],[-80.43805740050344,37.22783361538612]]},"properties":{"id":"E5907","from":"N190","to":"N191","length":390.6,"steep":false,"has_stairs":false}},{"type":"Feature","geometry":{"type":"LineString","coordinates":[[-80.42667398320762,37.21773749410059],[-80.42675339293177,37.217757122862906]]},"properties":{"id":"E5908","from":"N192","to":"N193","length":7.4,"steep":false,"has_stairs":false}},{"type":"Feature","geometry":{"type":"LineString","coordinates":[[-80.42675339293177,37.217757122862906],[-80.42678028493924,37.21769280990454],[-80.42682028056245,37.217706664919625],[-80.42737428732183,37.21787022035585],[-80.4277239158066,37.21797226599323],[-80.42776340870957,37.21795868846489],[-80.42780450339728,37.21795125440131],[-80.42784625009755,37.217950135617066],[-80.42788768396892,37.2179553579693],[-80.42794600962962,37.21796813809106]]},"properties":{"id":"E5908-1","from":"N193","to":"N156","length":117,"steep":false,"has_stairs":false}},{"type":"Feature","geometry":{"type":"LineString","coordinates":[[-80.42172292624444,37.221677027293104],[-80.42168011959724,37.22170659139485],[-80.42160995586214,37.22177813373805],[-80.42148869645004,37.22185955852704],[-80.42141951705098,37.221888626243754],[-80.42136125727063,37.22193270186252],[-80.42127887422527,37.22198792061109]]},"properties":{"id":"E5909","from":"N194","to":"N195","length":52.7,"steep":false,"has_stairs":false}},{"type":"Feature","geometry":{"type":"LineString","coordinates":[[-80.42562195927624,37.22101466610334],[-80.42527391667835,37.221485285714756]]},"properties":{"id":"E5910","from":"N196","to":"N197","length":60.7,"steep":false,"has_stairs":false}},{"type":"Feature","geometry":{"type":"LineString","coordinates":[[-80.41852325845538,37.21934458244536],[-80.41861353953779,37.219442646126915],[-80.41867163257582,37.219569868512],[-80.41870721125852,37.219646163140396],[-80.41873270188304,37.219731706673016],[-80.4187644052266,37.21988950227562],[-80.41877407630463,37.22000199892903],[-80.41877925863575,37.220100930362484],[-80.41877608805453,37.22019699451678],[-80.41876831288538,37.22027276546625],[-80.4187567185736,37.22033732977899],[-80.41874718605777,37.220392648574894],[-80.41872519214355,37.22046919954516],[-80.4187022219609,37.2205343904065],[-80.41867453892539,37.22061125466106],[-80.41864852828117,37.22067432825418],[-80.41862536158665,37.22073724655587],[-80.41857105436168,37.220842813154896]]},"properties":{"id":"E5912","from":"N146","to":"N198","length":173.8,"steep":false,"has_stairs":false}},{"type":"Feature","geometry":{"type":"LineString","coordinates":[[-80.42378879017072,37.22318267737977],[-80.42380152071217,37.22320989680376],[-80.42399409461528,37.22360804748004],[-80.42405879885622,37.22376542373358],[-80.42367787899308,37.223882868629694],[-80.42348218229147,37.223849439654835],[-80.42339818959341,37.223874020875]]},"properties":{"id":"E5913","from":"N199","to":"N200","length":130.9,"steep":false,"has_stairs":false}},{"type":"Feature","geometry":{"type":"LineString","coordinates":[[-80.42343586837681,37.223960279649354],[-80.42339818959341,37.223874020875]]},"properties":{"id":"E5914","from":"N201","to":"N200","length":10.2,"steep":false,"has_stairs":false}},{"type":"Feature","geometry":{"type":"LineString","coordinates":[[-80.42311734236036,37.22374315144846],[-80.42309587054321,37.223760167787]]},"properties":{"id":"E5915","from":"N202","to":"N203","length":2.7,"steep":false,"has_stairs":false}},{"type":"Feature","geometry":{"type":"LineString","coordinates":[[-80.42309587054321,37.223760167787],[-80.42302100473192,37.22377984036798]]},"properties":{"id":"E5915-1","from":"N203","to":"N204","length":7,"steep":false,"has_stairs":false}},{"type":"Feature","geometry":{"type":"LineString","coordinates":[[-80.42267387971714,37.22166607492216],[-80.42262641676598,37.221602459571194]]},"properties":{"id":"E5916","from":"N205","to":"N206","length":8.2,"steep":false,"has_stairs":false}},{"type":"Feature","geometry":{"type":"LineString","coordinates":[[-80.42262568467203,37.221266591617855],[-80.42252026881897,37.22148759603389]]},"properties":{"id":"E5917","from":"N207","to":"N208","length":26.3,"steep":false,"has_stairs":false}},{"type":"Feature","geometry":{"type":"LineString","coordinates":[[-80.42252026881897,37.22148759603389],[-80.42209116471315,37.22143995339667]]},"properties":{"id":"E5917-1","from":"N208","to":"N159","length":38.4,"steep":false,"has_stairs":false}},{"type":"Feature","geometry":{"type":"LineString","coordinates":[[-80.42128313882718,37.22236074658309],[-80.4210527675512,37.222139468745]]},"properties":{"id":"E5918","from":"N209","to":"N210","length":32,"steep":false,"has_stairs":false}},{"type":"Feature","geometry":{"type":"LineString","coordinates":[[-80.43271596682264,37.2306306211513],[-80.43277123418575,37.23066762062262],[-80.43279980190668,37.23069305935497],[-80.43281286440991,37.23071083688824],[-80.43283512948705,37.23073637880815],[-80.4328491843052,37.23075773711018],[-80.43286156765815,37.230784160950755],[-80.43287491722214,37.23080540011149],[-80.43288562635816,37.23083686970682],[-80.43290049943666,37.23087618168082],[-80.43290943376162,37.23091559089567],[-80.43291820495574,37.230948673971845],[-80.43292043980604,37.23100957492161],[-80.43291864458685,37.23104871549097],[-80.43291390985036,37.231082315336884],[-80.4329055217454,37.2311372083281],[-80.4328912866955,37.23123689347931],[-80.43287134664011,37.23138695911967],[-80.43286608664924,37.2314265466727],[-80.43275013215664,37.23143700200345]]},"properties":{"id":"E5919","from":"N211","to":"N212","length":104.5,"steep":false,"has_stairs":false}},{"type":"Feature","geometry":{"type":"LineString","coordinates":[[-80.42588663628148,37.22047786624261],[-80.42592822968565,37.22049399918438],[-80.42630467407461,37.220681325393706],[-80.42631902468531,37.220755581309774],[-80.42630144319736,37.22078242544871]]},"properties":{"id":"E5920","from":"N213","to":"N214","length":55.1,"steep":false,"has_stairs":false}},{"type":"Feature","geometry":{"type":"LineString","coordinates":[[-80.42282244235017,37.22120023900396],[-80.42283341154462,37.22121211293866],[-80.42284320536673,37.22122497352186],[-80.42288515097023,37.22128865523973],[-80.42306456000443,37.22165612859479],[-80.42314324741406,37.22178733500031],[-80.42318751757374,37.22188353214877]]},"properties":{"id":"E5921","from":"N215","to":"N119","length":82.7,"steep":false,"has_stairs":false}},{"type":"Feature","geometry":{"type":"LineString","coordinates":[[-80.42447792957014,37.22573396572766],[-80.42447611071046,37.225741221813635],[-80.42447319137526,37.22574810923088],[-80.42446924183447,37.22575446219568],[-80.42446435715559,37.225760127788895],[-80.42442062016622,37.225800198938344],[-80.42434950997773,37.22584755538555],[-80.42427473833168,37.22588888930558],[-80.42419681410466,37.22592391939041],[-80.42411626762895,37.22595240723429],[-80.42403364708315,37.22597415895626],[-80.42394951476143,37.225989026519706],[-80.42386444324679,37.22599690873981],[-80.42377901151406,37.2259977519722]]},"properties":{"id":"E5922-1","from":"N216","to":"N139","length":71.6,"steep":false,"has_stairs":false}},{"type":"Feature","geometry":{"type":"LineString","coordinates":[[-80.42168320810414,37.22342595503021],[-80.42139494845591,37.22369352454626]]},"properties":{"id":"E5923","from":"N217","to":"N218","length":39.2,"steep":false,"has_stairs":false}},{"type":"Feature","geometry":{"type":"LineString","coordinates":[[-80.42139494845591,37.22369352454626],[-80.42132901486735,37.22373186580055]]},"properties":{"id":"E5923-1","from":"N218","to":"N219","length":7.2,"steep":false,"has_stairs":false}},{"type":"Feature","geometry":{"type":"LineString","coordinates":[[-80.42837273070114,37.22980925860987],[-80.42838461279604,37.2298460758985],[-80.42840266964514,37.229880290619334],[-80.42842635954247,37.229910876329804],[-80.42859950134621,37.230135846765],[-80.42863355225803,37.23017915494538],[-80.42868850023902,37.23021781986931],[-80.42871732799696,37.23023192710067],[-80.42878827994079,37.23026633781175],[-80.42882449235773,37.230283823133774],[-80.4288577568768,37.23030018945318],[-80.42888143277096,37.23031263143788],[-80.42889770802022,37.23032111244001],[-80.4289391468802,37.23034317646127],[-80.42895784963457,37.23036094786211],[-80.42897515178583,37.230381073764576]]},"properties":{"id":"E5926","from":"N220","to":"N221","length":85.4,"steep":false,"has_stairs":false}},{"type":"Feature","geometry":{"type":"LineString","coordinates":[[-80.42258928654688,37.22221758277518],[-80.42260418966997,37.22224671550493],[-80.42260618069768,37.222387762538446],[-80.42259116927397,37.22244323040133],[-80.42256872964393,37.22251056025508],[-80.42249127302365,37.22276318038018]]},"properties":{"id":"E5927","from":"N222","to":"N223","length":62.2,"steep":false,"has_stairs":false}},{"type":"Feature","geometry":{"type":"LineString","coordinates":[[-80.41819543334779,37.22885164460349],[-80.41815112424754,37.22879990469401],[-80.41811173085044,37.228756246886675],[-80.41803214087663,37.2286763510064],[-80.41801472327063,37.228664777614014],[-80.41799558226829,37.22865635511795],[-80.41797528241577,37.22865133193192],[-80.41795442243841,37.228649856210154],[-80.41793361758192,37.228651971477696],[-80.41791348146629,37.22865761534669],[-80.41778648446254,37.22872980369273],[-80.41772783838873,37.22876814788838],[-80.41771745048729,37.22877445009912],[-80.41770831457421,37.2287824601833],[-80.41770070816251,37.22879193482617],[-80.41769486230497,37.22880258622543],[-80.41769095457572,37.228814090833566],[-80.41768910367612,37.22882609918596],[-80.41768936582925,37.228838246516204],[-80.4176917330719,37.22885016383632],[-80.41769613349659,37.2288614891451],[-80.41770243343575,37.22887187842433],[-80.41771044152209,37.22888101608867],[-80.41771991450152,37.228888624571915],[-80.41775010830226,37.22891782762036],[-80.4177941606368,37.22896146663449],[-80.41783459951685,37.22900373310717],[-80.41787299581925,37.22904177510482]]},"properties":{"id":"E5928","from":"N224","to":"N225","length":93.3,"steep":false,"has_stairs":false}},{"type":"Feature","geometry":{"type":"LineString","coordinates":[[-80.42282244235017,37.22120023900396],[-80.42280034648594,37.22121923296993],[-80.42263535539566,37.221271717404804],[-80.42262568467203,37.221266591617855]]},"properties":{"id":"E5930","from":"N215","to":"N207","length":19.6,"steep":false,"has_stairs":false}},{"type":"Feature","geometry":{"type":"LineString","coordinates":[[-80.42255113324302,37.22091938384689],[-80.42253398576412,37.220947481264254],[-80.42251293465156,37.22097278643281],[-80.42248842744775,37.22099476136981],[-80.42246098517083,37.22101293889255],[-80.42239888697782,37.22104387288525],[-80.42216174928001,37.221166152618466],[-80.42163148585087,37.22151363553985],[-80.42159366579395,37.22154078861299]]},"properties":{"id":"E5931","from":"N226","to":"N173","length":110.1,"steep":false,"has_stairs":false}},{"type":"Feature","geometry":{"type":"LineString","coordinates":[[-80.42159366579395,37.22154078861299],[-80.4216472236681,37.221592531690064],[-80.42171180542196,37.22165925482127],[-80.42172292624444,37.221677027293104]]},"properties":{"id":"E5931-1","from":"N173","to":"N194","length":19,"steep":false,"has_stairs":false}},{"type":"Feature","geometry":{"type":"LineString","coordinates":[[-80.42366394938288,37.22293933349741],[-80.42375102412001,37.22312333151323],[-80.42378879017072,37.22318267737977]]},"properties":{"id":"E5932","from":"N227","to":"N199","length":29.3,"steep":false,"has_stairs":false}},{"type":"Feature","geometry":{"type":"LineString","coordinates":[[-80.4243601528958,37.22564943050417],[-80.4244324161803,37.22562880992598]]},"properties":{"id":"E5934","from":"N228","to":"N229","length":6.8,"steep":false,"has_stairs":false}},{"type":"Feature","geometry":{"type":"LineString","coordinates":[[-80.42901530980023,37.22927774095997],[-80.42903866683783,37.22930836878917],[-80.42906480229351,37.229349051881],[-80.42938365600624,37.22922102929641],[-80.42934877166826,37.22917091224067]]},"properties":{"id":"E5935","from":"N230","to":"N231","length":47.1,"steep":false,"has_stairs":false}},{"type":"Feature","geometry":{"type":"LineString","coordinates":[[-80.42934877166826,37.22917091224067],[-80.4293123462857,37.22911028887634],[-80.42918503082963,37.22894045905138],[-80.4290869747168,37.22898026691316]]},"properties":{"id":"E5935-1","from":"N231","to":"N232","length":39.2,"steep":false,"has_stairs":false}},{"type":"Feature","geometry":{"type":"LineString","coordinates":[[-80.4290869747168,37.22898026691316],[-80.42887988882961,37.229074408315206]]},"properties":{"id":"E5936","from":"N232","to":"N233","length":21.1,"steep":false,"has_stairs":false}},{"type":"Feature","geometry":{"type":"LineString","coordinates":[[-80.42887988882961,37.229074408315206],[-80.42872209736088,37.22913903267689]]},"properties":{"id":"E5936-1","from":"N233","to":"N234","length":15.7,"steep":false,"has_stairs":false}},{"type":"Feature","geometry":{"type":"LineString","coordinates":[[-80.40795463216692,37.19897518551279],[-80.40798247856438,37.19899206238279],[-80.40796356765979,37.19901049204152],[-80.40807106770501,37.19907671579236],[-80.40810509547883,37.19908575968063],[-80.40816529269486,37.199126014451096]]},"properties":{"id":"E5937","from":"N235","to":"N236","length":27.9,"steep":false,"has_stairs":false}},{"type":"Feature","geometry":{"type":"LineString","coordinates":[[-80.40816529269486,37.199126014451096],[-80.4082911505472,37.199210177667226]]},"properties":{"id":"E5938","from":"N236","to":"N237","length":14.6,"steep":false,"has_stairs":false}},{"type":"Feature","geometry":{"type":"LineString","coordinates":[[-80.42623541096285,37.221230268085485],[-80.42622017458417,37.22120983362694],[-80.42620207086593,37.22119189011234],[-80.4261815017881,37.22117683596447],[-80.42615892407221,37.22116500544983],[-80.42613483904017,37.22115666125647],[-80.42603322895552,37.22112000945719]]},"properties":{"id":"E5939","from":"N16","to":"N185","length":22.3,"steep":false,"has_stairs":false}},{"type":"Feature","geometry":{"type":"LineString","coordinates":[[-80.4192768604575,37.21743001753764],[-80.41929411301115,37.217444777573185],[-80.41934820896333,37.21757822941782],[-80.41937503063836,37.21764214656139],[-80.4193891854602,37.21767535302392],[-80.4194118080791,37.21773416730238],[-80.41942910041391,37.217794763320356],[-80.41944092491282,37.21785665906708],[-80.4194471875179,37.21791936219312],[-80.41944783841329,37.21798237392672],[-80.41944287242146,37.21804519304135],[-80.41943232904435,37.21810731984262],[-80.41942623031571,37.2181375632958],[-80.4193991591673,37.21825691145178],[-80.41936606501244,37.21842433457596],[-80.41935285788844,37.21854032259642]]},"properties":{"id":"E5940","from":"N238","to":"N239","length":126.6,"steep":false,"has_stairs":false}},{"type":"Feature","geometry":{"type":"LineString","coordinates":[[-80.40853440072918,37.1983987769909],[-80.40795463216692,37.19897518551279]]},"properties":{"id":"E5943","from":"N240","to":"N235","length":82.1,"steep":false,"has_stairs":false}},{"type":"Feature","geometry":{"type":"LineString","coordinates":[[-80.40795463216692,37.19897518551279],[-80.40788436985481,37.19904503892739],[-80.40784196287129,37.1990772207526],[-80.40780413021778,37.19911467355561],[-80.40777152211561,37.19915675364352],[-80.4077446989929,37.19920273779528],[-80.40772412185265,37.19925183569162],[-80.40771014434955,37.199303203498005],[-80.40770300671181,37.19935595836747],[-80.4077028316124,37.19940919361393],[-80.40770962206072,37.19946199429515],[-80.40772326135085,37.19951345293767],[-80.40774351506738,37.19956268513335],[-80.40777003511424,37.19960884473951]]},"properties":{"id":"E5943-1","from":"N235","to":"N241","length":78.2,"steep":false,"has_stairs":false}},{"type":"Feature","geometry":{"type":"LineString","coordinates":[[-80.42883594793655,37.22485877387528],[-80.42898247694873,37.224747944202136],[-80.42916048712286,37.224555284269016]]},"properties":{"id":"E5944","from":"N242","to":"N243","length":44.5,"steep":false,"has_stairs":false}},{"type":"Feature","geometry":{"type":"LineString","coordinates":[[-80.42598816984575,37.22695734413128],[-80.42595402035855,37.22691177821413],[-80.42592598057634,37.22687843493068],[-80.42587566833663,37.226800789292554],[-80.42584744503651,37.22676020628274],[-80.42582021030196,37.22669908494524],[-80.42579264714576,37.22664722152159],[-80.4257539724674,37.22655729617064]]},"properties":{"id":"E5945","from":"N141","to":"N244","length":49.3,"steep":false,"has_stairs":false}},{"type":"Feature","geometry":{"type":"LineString","coordinates":[[-80.42040365568107,37.224253061001434],[-80.42041943590715,37.2242651662352],[-80.42043797714952,37.22428443679564],[-80.42046072545588,37.224317031042524],[-80.42047684740281,37.224342521946625],[-80.42049457145416,37.22438034875592],[-80.42050990127814,37.224425425669715],[-80.42050989623593,37.2244759029119]]},"properties":{"id":"E5946-1","from":"N245","to":"N246","length":27.3,"steep":false,"has_stairs":false}},{"type":"Feature","geometry":{"type":"LineString","coordinates":[[-80.42195735861301,37.22426997320484],[-80.42221610762246,37.22418925445495]]},"properties":{"id":"E5947","from":"N247","to":"N248","length":24.6,"steep":false,"has_stairs":false}},{"type":"Feature","geometry":{"type":"LineString","coordinates":[[-80.42794600962962,37.21796813809106],[-80.42800162894792,37.217980324284966],[-80.42802550821756,37.21798744081332],[-80.42804793845485,37.21799829203212],[-80.42806833990099,37.21801259746777],[-80.42808618523578,37.218029987364844],[-80.42810101320732,37.218050012243225],[-80.42811244055409,37.218072154515916],[-80.42812017191119,37.21809584186722],[-80.42812400744471,37.21812046204546],[-80.42812384801684,37.21814537868803],[-80.42811969774836,37.21816994776953],[-80.42811166391208,37.218193534248044],[-80.42816559572843,37.21820794616553],[-80.42811724039099,37.218327100783554]]},"properties":{"id":"E5948","from":"N156","to":"N249","length":52.5,"steep":false,"has_stairs":false}},{"type":"Feature","geometry":{"type":"LineString","coordinates":[[-80.42195735861301,37.22426997320484],[-80.42197915065356,37.22433775435348],[-80.42208977642555,37.22435892754869],[-80.42213521096258,37.22437231437386],[-80.42217031281393,37.224396463110416],[-80.42221843296032,37.22445064684554],[-80.42223001621066,37.22447867914163],[-80.42225257709178,37.224510873235374],[-80.42227219846046,37.22453443134785],[-80.42229772518071,37.2245152203034]]},"properties":{"id":"E5949","from":"N247","to":"N250","length":47.3,"steep":false,"has_stairs":false}},{"type":"Feature","geometry":{"type":"LineString","coordinates":[[-80.42925814483651,37.2242679949349],[-80.42932284368885,37.2241681649229]]},"properties":{"id":"E5950","from":"N251","to":"N252","length":12.5,"steep":false,"has_stairs":false}},{"type":"Feature","geometry":{"type":"LineString","coordinates":[[-80.41566594288169,37.22933988623273],[-80.41564050205056,37.2293542617215],[-80.41557760931707,37.22929311296413]]},"properties":{"id":"E5951","from":"N253","to":"N254","length":11.6,"steep":false,"has_stairs":false}},{"type":"Feature","geometry":{"type":"LineString","coordinates":[[-80.42916048712286,37.224555284269016],[-80.4292077562223,37.22451595121025],[-80.42928874363882,37.224435963523966]]},"properties":{"id":"E5952","from":"N243","to":"N255","length":17.5,"steep":false,"has_stairs":false}},{"type":"Feature","geometry":{"type":"LineString","coordinates":[[-80.41971285022296,37.22214342018994],[-80.41983323482724,37.22230698609403],[-80.4199484292846,37.22243596310758],[-80.42002371753779,37.22250425696731],[-80.42003750123033,37.22251206580356],[-80.42004983381634,37.222522009415876],[-80.42006038787667,37.222533823810224],[-80.42006888321046,37.222547195325],[-80.42007509427418,37.222561768958414],[-80.42007885616962,37.22257715779352],[-80.42008006902185,37.2225929532705],[-80.42007870063068,37.22260873603354],[-80.42007478732572,37.222624087064375]]},"properties":{"id":"E5953","from":"N256","to":"N95","length":63.8,"steep":false,"has_stairs":false}},{"type":"Feature","geometry":{"type":"LineString","coordinates":[[-80.42189196693347,37.22406658492445],[-80.42156995942169,37.22394749032578],[-80.4215341126925,37.223916600239306]]},"properties":{"id":"E5954","from":"N257","to":"N258","length":36.1,"steep":false,"has_stairs":false}},{"type":"Feature","geometry":{"type":"LineString","coordinates":[[-80.42883594793655,37.22485877387528],[-80.42898041188056,37.225027938047205]]},"properties":{"id":"E5955","from":"N242","to":"N259","length":22.7,"steep":false,"has_stairs":false}},{"type":"Feature","geometry":{"type":"LineString","coordinates":[[-80.409026550945,37.20586677105194],[-80.40897985330896,37.20598934814425]]},"properties":{"id":"E5956","from":"N260","to":"N261","length":14.2,"steep":false,"has_stairs":false}},{"type":"Feature","geometry":{"type":"LineString","coordinates":[[-80.40895715495625,37.206056310990064],[-80.40894952117617,37.20607592648486]]},"properties":{"id":"E5957","from":"N262","to":"N263","length":2.3,"steep":false,"has_stairs":false}},{"type":"Feature","geometry":{"type":"LineString","coordinates":[[-80.41932464163773,37.219966483736975],[-80.41916941411829,37.21996914305666]]},"properties":{"id":"E5958","from":"N264","to":"N265","length":13.7,"steep":false,"has_stairs":false}},{"type":"Feature","geometry":{"type":"LineString","coordinates":[[-80.41668686122242,37.22815526215145],[-80.41706554929804,37.22856108602028]]},"properties":{"id":"E5959","from":"N46","to":"N266","length":56.2,"steep":false,"has_stairs":false}},{"type":"Feature","geometry":{"type":"LineString","coordinates":[[-80.41706554929804,37.22856108602028],[-80.41724070871558,37.22874879347944],[-80.41726197579608,37.22877166503664]]},"properties":{"id":"E5959-1","from":"N266","to":"N267","length":29.2,"steep":false,"has_stairs":false}},{"type":"Feature","geometry":{"type":"LineString","coordinates":[[-80.40816529269486,37.199126014451096],[-80.40813299046867,37.19916015282339]]},"properties":{"id":"E5961","from":"N236","to":"N268","length":4.8,"steep":false,"has_stairs":false}},{"type":"Feature","geometry":{"type":"LineString","coordinates":[[-80.43004504812471,37.23027617215882],[-80.43002476812575,37.23029780194301],[-80.43001753890124,37.230301825396886],[-80.43001024309794,37.230303245232484],[-80.43000291179818,37.23030336509742],[-80.42998988175643,37.2303035781342],[-80.42997610367946,37.23030640720467],[-80.42995913377595,37.23031189136151],[-80.42994864504084,37.23031596720061],[-80.42993503328346,37.23032530080629],[-80.42991833636574,37.2303475443477]]},"properties":{"id":"E5963","from":"N269","to":"N270","length":14.6,"steep":false,"has_stairs":false}},{"type":"Feature","geometry":{"type":"LineString","coordinates":[[-80.42386348595248,37.23307112024584],[-80.42382778781771,37.233059312106974]]},"properties":{"id":"E5964","from":"N170","to":"N271","length":3.4,"steep":false,"has_stairs":false}},{"type":"Feature","geometry":{"type":"LineString","coordinates":[[-80.42382778781771,37.233059312106974],[-80.42328820765916,37.232880827149735],[-80.42263536230993,37.23265604082745],[-80.42259296790218,37.232617724758086]]},"properties":{"id":"E5964-1","from":"N271","to":"N272","length":120.4,"steep":false,"has_stairs":false}},{"type":"Feature","geometry":{"type":"LineString","coordinates":[[-80.42420992475587,37.231328805106344],[-80.42416539119021,37.23136159319115]]},"properties":{"id":"E5965","from":"N273","to":"N274","length":5.4,"steep":false,"has_stairs":false}},{"type":"Feature","geometry":{"type":"LineString","coordinates":[[-80.42416539119021,37.23136159319115],[-80.42407330239789,37.23142939515289]]},"properties":{"id":"E5965-1","from":"N274","to":"N275","length":11.1,"steep":false,"has_stairs":false}},{"type":"Feature","geometry":{"type":"LineString","coordinates":[[-80.41614022080142,37.23023702477393],[-80.4162209648262,37.23032620888819],[-80.41624224167388,37.23031314464018],[-80.41618455288769,37.23024738188407],[-80.41630781941885,37.23017216360982],[-80.41631249511016,37.230176658997244]]},"properties":{"id":"E5966","from":"N276","to":"N277","length":37.9,"steep":false,"has_stairs":false}},{"type":"Feature","geometry":{"type":"LineString","coordinates":[[-80.42178346377624,37.23040777260866],[-80.42175062695729,37.23027573778728],[-80.42174563829279,37.23023833473021],[-80.42177848190313,37.23017006157092]]},"properties":{"id":"E5967","from":"N278","to":"N279","length":27.3,"steep":false,"has_stairs":false}},{"type":"Feature","geometry":{"type":"LineString","coordinates":[[-80.42014200425373,37.22996804990424],[-80.42018224697202,37.22994196837163]]},"properties":{"id":"E5968","from":"N280","to":"N281","length":4.6,"steep":false,"has_stairs":false}},{"type":"Feature","geometry":{"type":"LineString","coordinates":[[-80.42965189596542,37.22374500882993],[-80.42992980115966,37.22390965323952],[-80.42999406541658,37.22394988214122]]},"properties":{"id":"E5969","from":"N282","to":"N283","length":37.9,"steep":false,"has_stairs":false}},{"type":"Feature","geometry":{"type":"LineString","coordinates":[[-80.42213505387099,37.23097860658283],[-80.422316860745,37.2311323788457],[-80.42244454835735,37.231036818603265],[-80.4225281525105,37.231019094281855],[-80.42256557639789,37.230990286405245],[-80.42261392020535,37.23094506408787]]},"properties":{"id":"E5970","from":"N284","to":"N285","length":57.9,"steep":false,"has_stairs":false}},{"type":"Feature","geometry":{"type":"LineString","coordinates":[[-80.42327358235072,37.22809202607448],[-80.42325385251887,37.228070983559896]]},"properties":{"id":"E5972","from":"N286","to":"N287","length":2.9,"steep":false,"has_stairs":false}},{"type":"Feature","geometry":{"type":"LineString","coordinates":[[-80.42019172670972,37.231511588859156],[-80.42006930300799,37.231596968443256]]},"properties":{"id":"E5973","from":"N288","to":"N289","length":14.4,"steep":false,"has_stairs":false}},{"type":"Feature","geometry":{"type":"LineString","coordinates":[[-80.42213505387099,37.23097860658283],[-80.4219710181893,37.23110921245598],[-80.42195793987554,37.23112186495176],[-80.42194719015771,37.23113654730535],[-80.4219390788289,37.23115283639019],[-80.42193383964715,37.23117026277578],[-80.42193162359897,37.231188324256074],[-80.421932494548,37.23120650032242],[-80.42193642739463,37.231224267163945],[-80.42194330879926,37.23124111276309],[-80.42195294044866,37.23125655165132],[-80.42219473793368,37.23148818780429],[-80.42257671296194,37.231844700476685],[-80.42265809698827,37.23178979023855]]},"properties":{"id":"E5974","from":"N284","to":"N290","length":133.2,"steep":false,"has_stairs":false}},{"type":"Feature","geometry":{"type":"LineString","coordinates":[[-80.42214638776962,37.222480587169926],[-80.42224240787866,37.222180277359016],[-80.42230026219185,37.22214259709241]]},"properties":{"id":"E5975","from":"N291","to":"N292","length":41.1,"steep":false,"has_stairs":false}},{"type":"Feature","geometry":{"type":"LineString","coordinates":[[-80.42544407991593,37.23011083679675],[-80.4254179777969,37.230128213853284]]},"properties":{"id":"E5976","from":"N293","to":"N294","length":3,"steep":false,"has_stairs":false}},{"type":"Feature","geometry":{"type":"LineString","coordinates":[[-80.4254179777969,37.230128213853284],[-80.42514337582313,37.22990452950913]]},"properties":{"id":"E5976-1","from":"N294","to":"N295","length":34.8,"steep":false,"has_stairs":false}},{"type":"Feature","geometry":{"type":"LineString","coordinates":[[-80.42514337582313,37.22990452950913],[-80.42472284394735,37.23021333167198],[-80.42471212762375,37.2302637870906]]},"properties":{"id":"E5976-2","from":"N295","to":"N148","length":56.3,"steep":false,"has_stairs":false}},{"type":"Feature","geometry":{"type":"LineString","coordinates":[[-80.42329711655267,37.2229000607595],[-80.42326877981571,37.22283093901182]]},"properties":{"id":"E5978","from":"N296","to":"N297","length":8.1,"steep":false,"has_stairs":false}},{"type":"Feature","geometry":{"type":"LineString","coordinates":[[-80.42128313882718,37.22236074658309],[-80.42082792411182,37.22245527066348]]},"properties":{"id":"E5979","from":"N209","to":"N298","length":41.7,"steep":false,"has_stairs":false}},{"type":"Feature","geometry":{"type":"LineString","coordinates":[[-80.42082792411182,37.22245527066348],[-80.420729766598,37.22247560384779],[-80.42048213205578,37.22259569583202]]},"properties":{"id":"E5979-1","from":"N298","to":"N299","length":34.7,"steep":false,"has_stairs":false}},{"type":"Feature","geometry":{"type":"LineString","coordinates":[[-80.42048213205578,37.22259569583202],[-80.42044219144606,37.22256212943719]]},"properties":{"id":"E5979-2","from":"N299","to":"N300","length":5.1,"steep":false,"has_stairs":false}},{"type":"Feature","geometry":{"type":"LineString","coordinates":[[-80.4223693622915,37.220565649506234],[-80.42235445961673,37.21998046352308],[-80.42240569828053,37.219974794502285]]},"properties":{"id":"E5980","from":"N301","to":"N302","length":69.7,"steep":false,"has_stairs":false}},{"type":"Feature","geometry":{"type":"LineString","coordinates":[[-80.41967794840505,37.22895162104448],[-80.41977227135385,37.22905067900888]]},"properties":{"id":"E5981","from":"N303","to":"N304","length":13.8,"steep":false,"has_stairs":false}},{"type":"Feature","geometry":{"type":"LineString","coordinates":[[-80.42066131151654,37.23096247457629],[-80.42060548767785,37.23098368238242]]},"properties":{"id":"E5982","from":"N305","to":"N306","length":5.5,"steep":false,"has_stairs":false}},{"type":"Feature","geometry":{"type":"LineString","coordinates":[[-80.42055575020274,37.230823799582154],[-80.42051583985722,37.23084993350814]]},"properties":{"id":"E5983","from":"N307","to":"N308","length":4.6,"steep":false,"has_stairs":false}},{"type":"Feature","geometry":{"type":"LineString","coordinates":[[-80.41708222455662,37.2303169747202],[-80.41718738039864,37.23024796563813],[-80.41678030410849,37.22983668435865]]},"properties":{"id":"E5986","from":"N309","to":"N76","length":70.3,"steep":false,"has_stairs":false}},{"type":"Feature","geometry":{"type":"LineString","coordinates":[[-80.41978658235479,37.22863364001385],[-80.41973404603019,37.22866328583809]]},"properties":{"id":"E5987","from":"N310","to":"N311","length":5.7,"steep":false,"has_stairs":false}},{"type":"Feature","geometry":{"type":"LineString","coordinates":[[-80.42113029071334,37.226789057903574],[-80.42120088321859,37.22684605782599]]},"properties":{"id":"E5988","from":"N312","to":"N313","length":8.9,"steep":false,"has_stairs":false}},{"type":"Feature","geometry":{"type":"LineString","coordinates":[[-80.43023699685187,37.23008884662559],[-80.4303043867173,37.23011031007547],[-80.43034668171025,37.23011819918926],[-80.43038957416294,37.230121566984806],[-80.43043258212963,37.230120375621055],[-80.43047421893324,37.23012221717305],[-80.43051554116252,37.230127647467356],[-80.43055624008026,37.23013662593177],[-80.43059937115784,37.23015379923353],[-80.43063985081838,37.23017652827286],[-80.43067696728664,37.230204413393075],[-80.4307100679242,37.2302369642754],[-80.43073857070505,37.23027360856048],[-80.43074676218501,37.23028605288093]]},"properties":{"id":"E5989","from":"N314","to":"N315","length":53.2,"steep":false,"has_stairs":false}},{"type":"Feature","geometry":{"type":"LineString","coordinates":[[-80.43492400156232,37.2311002169169],[-80.43528880399148,37.23087060133016],[-80.43556203300444,37.23074102434309],[-80.43685705475156,37.22994362814001],[-80.43697078379218,37.22983312397752]]},"properties":{"id":"E5990-1","from":"N316","to":"N317","length":230.2,"steep":false,"has_stairs":false}},{"type":"Feature","geometry":{"type":"LineString","coordinates":[[-80.42254468065288,37.230812250604835],[-80.42249498063254,37.23081856505333],[-80.42241981783486,37.23082482278377]]},"properties":{"id":"E5991","from":"N318","to":"N319","length":11.1,"steep":false,"has_stairs":false}},{"type":"Feature","geometry":{"type":"LineString","coordinates":[[-80.42241981783486,37.23082482278377],[-80.42239684375758,37.23082741857988],[-80.4223608671393,37.23083288844534],[-80.42232596266204,37.2308431798961],[-80.42229277339108,37.23085810332681],[-80.42226191079145,37.23087738379453],[-80.42213505387099,37.23097860658283]]},"properties":{"id":"E5991-1","from":"N319","to":"N284","length":31.3,"steep":false,"has_stairs":false}},{"type":"Feature","geometry":{"type":"LineString","coordinates":[[-80.42492208867358,37.233546440529125],[-80.42471879158487,37.23360013061039],[-80.42385011074228,37.2337585613139]]},"properties":{"id":"E5992","from":"N320","to":"N321","length":97.9,"steep":false,"has_stairs":false}},{"type":"Feature","geometry":{"type":"LineString","coordinates":[[-80.42549374771697,37.22644850433925],[-80.42550273602275,37.2264340029995],[-80.42544081061773,37.226297800157624],[-80.42520327723781,37.22577065359864]]},"properties":{"id":"E5993","from":"N322","to":"N323","length":80.2,"steep":false,"has_stairs":false}},{"type":"Feature","geometry":{"type":"LineString","coordinates":[[-80.41857619493246,37.23022345386963],[-80.41853619914505,37.23018611224433],[-80.41847815529665,37.2301261452707],[-80.4183955754881,37.230041551167666],[-80.41833911260207,37.22998036153512],[-80.41830394761871,37.22995449123486]]},"properties":{"id":"E5997","from":"N324","to":"N129","length":38.5,"steep":false,"has_stairs":false}},{"type":"Feature","geometry":{"type":"LineString","coordinates":[[-80.4181250751668,37.23049533417467],[-80.41808946711585,37.23046019683634],[-80.41803088903697,37.23040049158757],[-80.41794693800885,37.230316708076955],[-80.4178932280339,37.23025366553977],[-80.41786612187724,37.230222549412794]]},"properties":{"id":"E5999","from":"N325","to":"N326","length":38,"steep":false,"has_stairs":false}},{"type":"Feature","geometry":{"type":"LineString","coordinates":[[-80.41686570088432,37.231264644659326],[-80.41688832055145,37.2312020160438],[-80.416822783162,37.23114388418986],[-80.41673916782692,37.23105612154443],[-80.41668078639385,37.230997344370486],[-80.41665046968257,37.23096549238131]]},"properties":{"id":"E6001","from":"N327","to":"N328","length":41,"steep":false,"has_stairs":false}},{"type":"Feature","geometry":{"type":"LineString","coordinates":[[-80.42502174649819,37.220764097916856],[-80.42505550244985,37.22080435438444],[-80.42508642322598,37.220846827353014],[-80.42511436373557,37.22089131752472],[-80.42510136463244,37.22089484536254]]},"properties":{"id":"E6002","from":"N329","to":"N330","length":17.6,"steep":false,"has_stairs":false}},{"type":"Feature","geometry":{"type":"LineString","coordinates":[[-80.42094106196619,37.223760746409134],[-80.42089739304524,37.22363487120314]]},"properties":{"id":"E6003","from":"N331","to":"N332","length":14.5,"steep":false,"has_stairs":false}},{"type":"Feature","geometry":{"type":"LineString","coordinates":[[-80.42517358452129,37.23091200846294],[-80.42512328177503,37.23094046932232],[-80.42504869432183,37.231009408876076],[-80.4249815276261,37.231088720989234]]},"properties":{"id":"E6004","from":"N333","to":"N334","length":26.2,"steep":false,"has_stairs":false}},{"type":"Feature","geometry":{"type":"LineString","coordinates":[[-80.41907486889419,37.21746488028704],[-80.41911378541039,37.21751703016922],[-80.41914230267854,37.217574332323196],[-80.41917438940435,37.21764179876687],[-80.41917966045398,37.217653290020415],[-80.41920891786216,37.21772776527859],[-80.4192314127296,37.21780455421629],[-80.4192469655731,37.21788304414605],[-80.41925545229886,37.21796260880843],[-80.41925680519253,37.21804261336888],[-80.41925101345961,37.21812241948295],[-80.41924777843155,37.21814938886828],[-80.41922967977234,37.218340894601546],[-80.419209241037,37.21854488507789]]},"properties":{"id":"E6005","from":"N335","to":"N336","length":123,"steep":false,"has_stairs":false}},{"type":"Feature","geometry":{"type":"LineString","coordinates":[[-80.42502174649819,37.220764097916856],[-80.4249938431265,37.220735416523894],[-80.42497065630931,37.22070280376622],[-80.42495273199151,37.22066702752711],[-80.42494049220988,37.2206289301755]]},"properties":{"id":"E6006","from":"N329","to":"N128","length":16.9,"steep":false,"has_stairs":false}},{"type":"Feature","geometry":{"type":"LineString","coordinates":[[-80.43669608278127,37.224769052616246],[-80.43627883781176,37.22475922863373],[-80.43609148848924,37.22475817119897],[-80.43608937974761,37.22480562686077],[-80.43608571832793,37.22487858459284],[-80.43608475404774,37.22491432731823]]},"properties":{"id":"E6007","from":"N337","to":"N338","length":70.9,"steep":false,"has_stairs":false}},{"type":"Feature","geometry":{"type":"LineString","coordinates":[[-80.41303914289743,37.21986366135462],[-80.41300019755886,37.21987446984125]]},"properties":{"id":"E6008","from":"N339","to":"N340","length":3.7,"steep":false,"has_stairs":false}},{"type":"Feature","geometry":{"type":"LineString","coordinates":[[-80.42391262522376,37.22609313622059],[-80.42396079249838,37.22612219257052],[-80.42405134935606,37.22618329791268],[-80.4241379339194,37.226252471321686],[-80.42422846570096,37.2263512658418],[-80.42429497828434,37.22643162498753],[-80.42436156021428,37.22651469852878],[-80.4244282114753,37.226600485564525],[-80.4244844330203,37.22668261396295],[-80.42453106104658,37.2267752707011],[-80.42455391019575,37.226888502031706],[-80.42457112628989,37.22695315868801]]},"properties":{"id":"E6009","from":"N341","to":"N342","length":114.8,"steep":false,"has_stairs":false}},{"type":"Feature","geometry":{"type":"LineString","coordinates":[[-80.42457112628989,37.22695315868801],[-80.42463818520893,37.22699090424898]]},"properties":{"id":"E6009-1","from":"N342","to":"N343","length":7.3,"steep":false,"has_stairs":false}},{"type":"Feature","geometry":{"type":"LineString","coordinates":[[-80.42606203929235,37.22171410381524],[-80.42632055005933,37.22188295391667],[-80.42570152542646,37.22246170750775],[-80.42556986771606,37.2225524496943]]},"properties":{"id":"E6010","from":"N344","to":"N345","length":129.6,"steep":false,"has_stairs":false}},{"type":"Feature","geometry":{"type":"LineString","coordinates":[[-80.42556986771606,37.2225524496943],[-80.42543577192019,37.22265450293792],[-80.42533813984367,37.22272518244247],[-80.42532690137102,37.22273412081962]]},"properties":{"id":"E6010-1","from":"N345","to":"N346","length":29.5,"steep":false,"has_stairs":false}},{"type":"Feature","geometry":{"type":"LineString","coordinates":[[-80.42566933130264,37.22167474612059],[-80.42508601837515,37.2216297572009]]},"properties":{"id":"E6011","from":"N347","to":"N348","length":51.9,"steep":false,"has_stairs":false}},{"type":"Feature","geometry":{"type":"LineString","coordinates":[[-80.42565909756298,37.2218103136688],[-80.42566933130264,37.22167474612059]]},"properties":{"id":"E6012","from":"N349","to":"N347","length":15.1,"steep":false,"has_stairs":false}},{"type":"Feature","geometry":{"type":"LineString","coordinates":[[-80.42556986771606,37.2225524496943],[-80.42562270987771,37.222432064944854]]},"properties":{"id":"E6013","from":"N345","to":"N350","length":14.2,"steep":false,"has_stairs":false}},{"type":"Feature","geometry":{"type":"LineString","coordinates":[[-80.42562270987771,37.222432064944854],[-80.4256964815598,37.22226399793753],[-80.4256892489347,37.22225271381194]]},"properties":{"id":"E6013-1","from":"N350","to":"N351","length":21.2,"steep":false,"has_stairs":false}},{"type":"Feature","geometry":{"type":"LineString","coordinates":[[-80.42562270987771,37.222432064944854],[-80.42513006191537,37.222298873781256]]},"properties":{"id":"E6014","from":"N350","to":"N352","length":46.1,"steep":false,"has_stairs":false}},{"type":"Feature","geometry":{"type":"LineString","coordinates":[[-80.42513006191537,37.222298873781256],[-80.42547301034043,37.22198743762273],[-80.42553867454957,37.22192493589693]]},"properties":{"id":"E6014-1","from":"N352","to":"N353","length":55.1,"steep":false,"has_stairs":false}},{"type":"Feature","geometry":{"type":"LineString","coordinates":[[-80.42559725477348,37.22196314275117],[-80.42553867454957,37.22192493589693]]},"properties":{"id":"E6015","from":"N354","to":"N353","length":6.7,"steep":false,"has_stairs":false}},{"type":"Feature","geometry":{"type":"LineString","coordinates":[[-80.41951408246148,37.225948312590475],[-80.41949166473695,37.2260967386683]]},"properties":{"id":"E6018","from":"N355","to":"N356","length":16.6,"steep":false,"has_stairs":false}},{"type":"Feature","geometry":{"type":"LineString","coordinates":[[-80.41949166473695,37.2260967386683],[-80.41947246809153,37.22610191865239],[-80.41936796663515,37.22606994519106]]},"properties":{"id":"E6018-1","from":"N356","to":"N357","length":11.7,"steep":false,"has_stairs":false}},{"type":"Feature","geometry":{"type":"LineString","coordinates":[[-80.42008140302195,37.23007569859317],[-80.42004210912818,37.23004142842921],[-80.41999734106285,37.230002385782804],[-80.41996854835338,37.229990295649486],[-80.41994176958111,37.22998408785782],[-80.41991775897586,37.22998447837667],[-80.41983628915182,37.23000207241547],[-80.41977709729176,37.23004067164847],[-80.41924203869054,37.23040409178608]]},"properties":{"id":"E6019","from":"N358","to":"N359","length":95,"steep":false,"has_stairs":false}},{"type":"Feature","geometry":{"type":"LineString","coordinates":[[-80.43492035420425,37.2311042234213],[-80.43487785394181,37.23105649589341],[-80.43475788250173,37.231008537480996],[-80.43468222008441,37.230965422697444],[-80.43457165269675,37.23084037192523]]},"properties":{"id":"E6020","from":"N316","to":"N360","length":43.6,"steep":false,"has_stairs":false}},{"type":"Feature","geometry":{"type":"LineString","coordinates":[[-80.42579161579911,37.22168417746155],[-80.42584772778949,37.221685233936185],[-80.42606203929235,37.22171410381524]]},"properties":{"id":"E6021","from":"N361","to":"N344","length":24.2,"steep":false,"has_stairs":false}},{"type":"Feature","geometry":{"type":"LineString","coordinates":[[-80.41914408701953,37.220245389381525],[-80.41916551072583,37.22026952794965],[-80.41932363985985,37.22028274079672]]},"properties":{"id":"E6022","from":"N362","to":"N363","length":17.4,"steep":false,"has_stairs":false}},{"type":"Feature","geometry":{"type":"LineString","coordinates":[[-80.41932363985985,37.22028274079672],[-80.4193242165158,37.22010082035786]]},"properties":{"id":"E6022-1","from":"N363","to":"N364","length":20.2,"steep":false,"has_stairs":false}},{"type":"Feature","geometry":{"type":"LineString","coordinates":[[-80.4193242165158,37.22010082035786],[-80.41932457751835,37.219986788850825],[-80.41932504498962,37.219839047679685]]},"properties":{"id":"E6022-2","from":"N364","to":"N365","length":29.1,"steep":false,"has_stairs":false}},{"type":"Feature","geometry":{"type":"LineString","coordinates":[[-80.41932504498962,37.219839047679685],[-80.41927856044869,37.21967874185675],[-80.41922005253613,37.219576557793935],[-80.41916536196298,37.21948373002522]]},"properties":{"id":"E6022-3","from":"N365","to":"N366","length":42.2,"steep":false,"has_stairs":false}},{"type":"Feature","geometry":{"type":"LineString","coordinates":[[-80.41916536196298,37.21948373002522],[-80.41906457335502,37.21931939782558],[-80.41898074500567,37.21918884201352]]},"properties":{"id":"E6022-4","from":"N366","to":"N367","length":36.6,"steep":false,"has_stairs":false}},{"type":"Feature","geometry":{"type":"LineString","coordinates":[[-80.42749061356227,37.22097485375608],[-80.42744070661007,37.220963350914154],[-80.42737087743393,37.22092712671687],[-80.4271734145893,37.22080018772379],[-80.42701201550724,37.22069232201013],[-80.42690424195592,37.2206135933489],[-80.4268385585626,37.220553606360035],[-80.42677735188104,37.220489058012845],[-80.42675111105729,37.22045834522286],[-80.42672058732587,37.220431884721705],[-80.42668646201814,37.22041026714386],[-80.42658229205587,37.22036429598679]]},"properties":{"id":"E6024","from":"N368","to":"N369","length":106.4,"steep":false,"has_stairs":false}},{"type":"Feature","geometry":{"type":"LineString","coordinates":[[-80.4193242165158,37.22010082035786],[-80.41921602191934,37.22010318176527],[-80.41921644081427,37.22011965759046]]},"properties":{"id":"E6025","from":"N364","to":"N370","length":11.4,"steep":false,"has_stairs":false}},{"type":"Feature","geometry":{"type":"LineString","coordinates":[[-80.41932504498962,37.219839047679685],[-80.41920366778682,37.21984103220962],[-80.41919949996372,37.21979000362482]]},"properties":{"id":"E6026","from":"N365","to":"N371","length":16.4,"steep":false,"has_stairs":false}},{"type":"Feature","geometry":{"type":"LineString","coordinates":[[-80.41878946986746,37.22740795084116],[-80.41825961856556,37.2270457658306]]},"properties":{"id":"E6027","from":"N54","to":"N372","length":61.8,"steep":false,"has_stairs":false}},{"type":"Feature","geometry":{"type":"LineString","coordinates":[[-80.41825961856556,37.2270457658306],[-80.41826185609983,37.22710981397788],[-80.4182578105708,37.22717377338238],[-80.41824752087057,37.227237029163135],[-80.41823108592037,37.22729897320354],[-80.41820866371944,37.22735900999755],[-80.41818046982615,37.22741656237466],[-80.41814677528569,37.22747107704858],[-80.41813021473621,37.227497643716234],[-80.4180979097934,37.2275636457833],[-80.41809840211415,37.22757394962874],[-80.41810056555583,37.22758403581389],[-80.4181043423783,37.22759363514839],[-80.41810963178187,37.22760249143545],[-80.41811629259759,37.227610368309485],[-80.41812414705483,37.2276170555445],[-80.41813298552587,37.227622374664755]]},"properties":{"id":"E6027-1","from":"N372","to":"N373","length":67.7,"steep":false,"has_stairs":false}},{"type":"Feature","geometry":{"type":"LineString","coordinates":[[-80.41813298552587,37.227622374664755],[-80.41814873043603,37.227629329584474],[-80.41816542785004,37.2276335092339],[-80.41818259255841,37.227634792156735],[-80.41819972577251,37.2276331410726],[-80.41826870947511,37.22763079971398],[-80.41838893910133,37.22762649707985],[-80.41843696108076,37.22762571662222]]},"properties":{"id":"E6027-2","from":"N373","to":"N53","length":27.2,"steep":false,"has_stairs":false}},{"type":"Feature","geometry":{"type":"LineString","coordinates":[[-80.42769264955544,37.21727768793336],[-80.42759975864655,37.2172831400865],[-80.42756460412636,37.21727262484001],[-80.42753194135068,37.21733122707306]]},"properties":{"id":"E6029","from":"N374","to":"N375","length":18.7,"steep":false,"has_stairs":false}},{"type":"Feature","geometry":{"type":"LineString","coordinates":[[-80.41807313947012,37.218588826460504],[-80.41810618697413,37.21857228984613],[-80.4181122633472,37.21775921712552]]},"properties":{"id":"E6030","from":"N376","to":"N377","length":93.9,"steep":false,"has_stairs":false}},{"type":"Feature","geometry":{"type":"LineString","coordinates":[[-80.41597694060441,37.229037445297266],[-80.4158734257634,37.228940311794275],[-80.41581921705725,37.22888526628723],[-80.41579950647053,37.22886527004027],[-80.4157834420471,37.228842241983024],[-80.4157714819939,37.22881683894682],[-80.4157639674486,37.228789785504716],[-80.41576829564998,37.228751020611476],[-80.4158394275332,37.22870915714918]]},"properties":{"id":"E6031","from":"N378","to":"N379","length":46,"steep":false,"has_stairs":false}},{"type":"Feature","geometry":{"type":"LineString","coordinates":[[-80.4158394275332,37.22870915714918],[-80.415992901837,37.22861883101651],[-80.41600767151179,37.22861705009484]]},"properties":{"id":"E6031-1","from":"N379","to":"N113","length":18.2,"steep":false,"has_stairs":false}},{"type":"Feature","geometry":{"type":"LineString","coordinates":[[-80.42409539084119,37.218890325517826],[-80.42409934505449,37.21888048662526],[-80.42410490658591,37.21887145839299],[-80.4241119151456,37.21886350102529],[-80.42412016873861,37.21885684386283],[-80.42412942948673,37.21885167877288],[-80.42413943048426,37.21884815461938],[-80.42414988349074,37.21884637297259],[-80.42415979934627,37.21884467643347],[-80.42438269505637,37.218830081921325],[-80.42440082542015,37.21882662183611],[-80.42441927668604,37.218826139064795],[-80.42443756318319,37.218828646314805],[-80.4244552035778,37.21883407759077],[-80.42447173354267,37.218842289931644],[-80.42448671797908,37.218853067173704],[-80.42449976246947,37.21886612564036],[-80.42451052365915,37.218881121609066],[-80.42451871829408,37.218897660358685],[-80.42452413067659,37.21891530655931],[-80.42454234416955,37.21895950575282],[-80.42456582735625,37.21900114515695],[-80.42459422755014,37.219039599402734],[-80.4246271182178,37.21907429095811],[-80.42466400538474,37.219104698801644]]},"properties":{"id":"E6032","from":"N380","to":"N381","length":70.6,"steep":false,"has_stairs":false}},{"type":"Feature","geometry":{"type":"LineString","coordinates":[[-80.43848313877962,37.22782715818887],[-80.43848086112054,37.22780329353007],[-80.43845333607409,37.22776722730423],[-80.43842608489662,37.22774178001429],[-80.43840336042301,37.22773086730223]]},"properties":{"id":"E6033","from":"N382","to":"N383","length":13.4,"steep":false,"has_stairs":false}},{"type":"Feature","geometry":{"type":"LineString","coordinates":[[-80.43840336042301,37.22773086730223],[-80.43845181980498,37.22760272813997],[-80.43840299011754,37.22758746190763],[-80.43847632013414,37.22740643702754],[-80.4385858740908,37.227434614586286]]},"properties":{"id":"E6033-1","from":"N383","to":"N384","length":50.9,"steep":false,"has_stairs":false}},{"type":"Feature","geometry":{"type":"LineString","coordinates":[[-80.43846388507664,37.22645863413383],[-80.43814001037168,37.22636427938963]]},"properties":{"id":"E6034","from":"N385","to":"N131","length":30.5,"steep":false,"has_stairs":false}},{"type":"Feature","geometry":{"type":"LineString","coordinates":[[-80.43799184651418,37.22400824760771],[-80.43787747509631,37.223807368772434]]},"properties":{"id":"E6035","from":"N386","to":"N387","length":24.5,"steep":false,"has_stairs":false}},{"type":"Feature","geometry":{"type":"LineString","coordinates":[[-80.43787747509631,37.223807368772434],[-80.4377007209601,37.22387395624612]]},"properties":{"id":"E6035-1","from":"N387","to":"N388","length":17.3,"steep":false,"has_stairs":false}},{"type":"Feature","geometry":{"type":"LineString","coordinates":[[-80.43787747509631,37.223807368772434],[-80.43781784806872,37.22368869674801]]},"properties":{"id":"E6036","from":"N387","to":"N389","length":14.2,"steep":false,"has_stairs":false}},{"type":"Feature","geometry":{"type":"LineString","coordinates":[[-80.43868286144782,37.224764497215745],[-80.4385196031827,37.22448472850153]]},"properties":{"id":"E6037","from":"N390","to":"N6","length":34.3,"steep":false,"has_stairs":false}},{"type":"Feature","geometry":{"type":"LineString","coordinates":[[-80.4385196031827,37.22448472850153],[-80.43808207755458,37.22373495301664]]},"properties":{"id":"E6037-1","from":"N6","to":"N391","length":91.9,"steep":false,"has_stairs":false}},{"type":"Feature","geometry":{"type":"LineString","coordinates":[[-80.43808207755458,37.22373495301664],[-80.43804823410606,37.22367695584012]]},"properties":{"id":"E6037-2","from":"N391","to":"N392","length":7.1,"steep":false,"has_stairs":false}},{"type":"Feature","geometry":{"type":"LineString","coordinates":[[-80.43808207755458,37.22373495301664],[-80.43787747509631,37.223807368772434]]},"properties":{"id":"E6038","from":"N391","to":"N387","length":19.8,"steep":false,"has_stairs":false}},{"type":"Feature","geometry":{"type":"LineString","coordinates":[[-80.41903776896629,37.22717757758059],[-80.41896484096326,37.227125306423886]]},"properties":{"id":"E6039","from":"N393","to":"N394","length":8.7,"steep":false,"has_stairs":false}},{"type":"Feature","geometry":{"type":"LineString","coordinates":[[-80.43864669609567,37.224922651110305],[-80.43877393390135,37.22492056126941]]},"properties":{"id":"E6040","from":"N395","to":"N396","length":11.3,"steep":false,"has_stairs":false}},{"type":"Feature","geometry":{"type":"LineString","coordinates":[[-80.41839797780277,37.22529944271801],[-80.41850756114124,37.225271741732335]]},"properties":{"id":"E6041","from":"N397","to":"N398","length":10.2,"steep":false,"has_stairs":false}},{"type":"Feature","geometry":{"type":"LineString","coordinates":[[-80.41842687610877,37.22319293912379],[-80.41841548133299,37.22320028500227],[-80.41846955607248,37.22324531105609],[-80.41855005510344,37.22328349226483]]},"properties":{"id":"E6042","from":"N399","to":"N400","length":16.5,"steep":false,"has_stairs":false}},{"type":"Feature","geometry":{"type":"LineString","coordinates":[[-80.41855005510344,37.22328349226483],[-80.41857192796331,37.22330572103748],[-80.41857913078749,37.22331155150465],[-80.4185852352984,37.22331852358973],[-80.41859006309978,37.22332643354279],[-80.4185934731056,37.22333505020595],[-80.41859536566294,37.223344121768676],[-80.41859568546433,37.22335338312661],[-80.418594423164,37.223362563628854],[-80.418591615651,37.22337139498744],[-80.41858734497117,37.22337961911763],[-80.41858173592945,37.22338699568015],[-80.41857495244265,37.22339330910477],[-80.41856719274914,37.223398374890024],[-80.41841580015794,37.22350963100807],[-80.41832182201387,37.22352073991641]]},"properties":{"id":"E6042-1","from":"N400","to":"N401","length":41.5,"steep":false,"has_stairs":false}},{"type":"Feature","geometry":{"type":"LineString","coordinates":[[-80.42512730840703,37.2295982900129],[-80.42519624092175,37.229650923645956],[-80.42526688815387,37.229599991842974],[-80.42534151324756,37.229546375991],[-80.42548633292056,37.22943541119693],[-80.42554743569798,37.22938666458999]]},"properties":{"id":"E6044","from":"N402","to":"N403","length":51.2,"steep":false,"has_stairs":false}},{"type":"Feature","geometry":{"type":"LineString","coordinates":[[-80.42352516673071,37.22957986823538],[-80.42343000104879,37.22964438603518]]},"properties":{"id":"E6045","from":"N404","to":"N405","length":11.1,"steep":false,"has_stairs":false}},{"type":"Feature","geometry":{"type":"LineString","coordinates":[[-80.42614354755968,37.22886718861176],[-80.42620463108392,37.22891263403069]]},"properties":{"id":"E6046","from":"N406","to":"N407","length":7.4,"steep":false,"has_stairs":false}},{"type":"Feature","geometry":{"type":"LineString","coordinates":[[-80.42620463108392,37.22891263403069],[-80.42607757436171,37.22900830086805],[-80.42587830115295,37.22916303693124]]},"properties":{"id":"E6046-1","from":"N407","to":"N408","length":40.1,"steep":false,"has_stairs":false}},{"type":"Feature","geometry":{"type":"LineString","coordinates":[[-80.42587034542363,37.22915475957223],[-80.42556828858703,37.2293843578357]]},"properties":{"id":"E6047","from":"N409","to":"N410","length":37,"steep":false,"has_stairs":false}},{"type":"Feature","geometry":{"type":"LineString","coordinates":[[-80.42556828858703,37.2293843578357],[-80.42554743569798,37.22938666458999]]},"properties":{"id":"E6047-1","from":"N410","to":"N403","length":1.9,"steep":false,"has_stairs":false}},{"type":"Feature","geometry":{"type":"LineString","coordinates":[[-80.42587034542363,37.22915475957223],[-80.42585871231645,37.229142656782805]]},"properties":{"id":"E6048","from":"N409","to":"N411","length":1.7,"steep":false,"has_stairs":false}},{"type":"Feature","geometry":{"type":"LineString","coordinates":[[-80.42585871231645,37.229142656782805],[-80.42554743569798,37.22938666458999]]},"properties":{"id":"E6048-1","from":"N411","to":"N403","length":38.7,"steep":false,"has_stairs":false}},{"type":"Feature","geometry":{"type":"LineString","coordinates":[[-80.42151879322725,37.23022328265754],[-80.42155459868306,37.23028904760496]]},"properties":{"id":"E6049","from":"N412","to":"N413","length":8,"steep":false,"has_stairs":false}},{"type":"Feature","geometry":{"type":"LineString","coordinates":[[-80.4249337763115,37.22684259839417],[-80.42487020533612,37.226791136294246]]},"properties":{"id":"E6050","from":"N414","to":"N415","length":8,"steep":false,"has_stairs":false}},{"type":"Feature","geometry":{"type":"LineString","coordinates":[[-80.42291199169955,37.22561965516864],[-80.42284105465582,37.225621739979445],[-80.42275750952744,37.22565791470844]]},"properties":{"id":"E6051","from":"N416","to":"N417","length":14.7,"steep":false,"has_stairs":false}},{"type":"Feature","geometry":{"type":"LineString","coordinates":[[-80.42143985473021,37.22667241269596],[-80.42127956365911,37.22654111304177],[-80.42121647611641,37.22648949333836],[-80.42111675210667,37.226529032411555]]},"properties":{"id":"E6052","from":"N418","to":"N419","length":38.2,"steep":false,"has_stairs":false}},{"type":"Feature","geometry":{"type":"LineString","coordinates":[[-80.41768096803982,37.22922236955497],[-80.41767217530759,37.22928066209417],[-80.4176000145083,37.22932561944924],[-80.417371786692,37.22946780573776]]},"properties":{"id":"E6053","from":"N420","to":"N421","length":40.3,"steep":false,"has_stairs":false}},{"type":"Feature","geometry":{"type":"LineString","coordinates":[[-80.417371786692,37.22946780573776],[-80.41737576320558,37.22947188703622],[-80.4175305021815,37.22948498730199],[-80.41769811119435,37.229374953582415],[-80.41775272037476,37.22938726926153]]},"properties":{"id":"E6053-1","from":"N421","to":"N422","length":38.6,"steep":false,"has_stairs":false}},{"type":"Feature","geometry":{"type":"LineString","coordinates":[[-80.43723578372844,37.22483872237368],[-80.43730443749237,37.2249807132662]]},"properties":{"id":"E6054","from":"N423","to":"N424","length":16.9,"steep":false,"has_stairs":false}},{"type":"Feature","geometry":{"type":"LineString","coordinates":[[-80.43730443749237,37.2249807132662],[-80.4372443465416,37.22504882537571],[-80.43716293466603,37.2251326173106],[-80.43708916740448,37.22520854169754],[-80.43704637403397,37.225238076957034]]},"properties":{"id":"E6054-1","from":"N424","to":"N425","length":36.7,"steep":false,"has_stairs":false}},{"type":"Feature","geometry":{"type":"LineString","coordinates":[[-80.4372801777067,37.22551124696158],[-80.43746191530359,37.22582591636582]]},"properties":{"id":"E6055","from":"N426","to":"N133","length":38.5,"steep":false,"has_stairs":false}},{"type":"Feature","geometry":{"type":"LineString","coordinates":[[-80.423614697472,37.22131276128008],[-80.42356773904507,37.221222441191394],[-80.42352523822586,37.221212665433505],[-80.42344415549861,37.221191310534536],[-80.42311904008845,37.22110564720675]]},"properties":{"id":"E6056","from":"N427","to":"N428","length":52.7,"steep":false,"has_stairs":false}},{"type":"Feature","geometry":{"type":"LineString","coordinates":[[-80.42414454851162,37.22825946552513],[-80.42424630284842,37.228172341002974]]},"properties":{"id":"E6057","from":"N429","to":"N24","length":13.2,"steep":false,"has_stairs":false}},{"type":"Feature","geometry":{"type":"LineString","coordinates":[[-80.42350094165931,37.2295574200058],[-80.42361345071465,37.229475975561094],[-80.42362055884439,37.22947064040838]]},"properties":{"id":"E6058","from":"N4","to":"N81","length":14.3,"steep":false,"has_stairs":false}},{"type":"Feature","geometry":{"type":"LineString","coordinates":[[-80.4244778073134,37.231394967072106],[-80.42434660740129,37.23149164400009],[-80.42403558809633,37.23173689519521],[-80.42388709283874,37.23185523907985]]},"properties":{"id":"E6059","from":"N430","to":"N431","length":73.2,"steep":false,"has_stairs":false}},{"type":"Feature","geometry":{"type":"LineString","coordinates":[[-80.42485946365326,37.231121985886865],[-80.42473389905084,37.2310163490757]]},"properties":{"id":"E6060","from":"N432","to":"N433","length":16.2,"steep":false,"has_stairs":false}},{"type":"Feature","geometry":{"type":"LineString","coordinates":[[-80.42658229205587,37.22036429598679],[-80.4265951048791,37.2203930409166],[-80.42661213850648,37.220419504003466],[-80.4266329970046,37.2204430701335],[-80.42665719553389,37.22046319153031],[-80.4266841716183,37.22047940048765],[-80.42670450424555,37.22049743214757],[-80.42672241956424,37.22051786735851],[-80.42673763569499,37.22054038459313],[-80.4268572989115,37.220712582429655]]},"properties":{"id":"E6061","from":"N369","to":"N434","length":46.2,"steep":false,"has_stairs":false}},{"type":"Feature","geometry":{"type":"LineString","coordinates":[[-80.42318751757374,37.22188353214877],[-80.42310503409827,37.22204079158005],[-80.4229728365891,37.22230770151158]]},"properties":{"id":"E6062","from":"N119","to":"N435","length":50.9,"steep":false,"has_stairs":false}},{"type":"Feature","geometry":{"type":"LineString","coordinates":[[-80.4229728365891,37.22230770151158],[-80.42289838258927,37.2224580261822],[-80.42273596287475,37.222765846149535]]},"properties":{"id":"E6062-1","from":"N435","to":"N436","length":55.1,"steep":false,"has_stairs":false}},{"type":"Feature","geometry":{"type":"LineString","coordinates":[[-80.42273596287475,37.222765846149535],[-80.42271240345278,37.22281049548473]]},"properties":{"id":"E6062-2","from":"N436","to":"N437","length":5.4,"steep":false,"has_stairs":false}},{"type":"Feature","geometry":{"type":"LineString","coordinates":[[-80.42265809698827,37.23178979023855],[-80.4229801967781,37.23157246779583]]},"properties":{"id":"E6063","from":"N290","to":"N438","length":37.4,"steep":false,"has_stairs":false}},{"type":"Feature","geometry":{"type":"LineString","coordinates":[[-80.42284606879356,37.22939316945254],[-80.42281143679777,37.229363097227676],[-80.42306630942005,37.22917249728566],[-80.42316665545357,37.229151520990904],[-80.42321036596184,37.22911928833905]]},"properties":{"id":"E6064","from":"N439","to":"N135","length":50,"steep":false,"has_stairs":false}},{"type":"Feature","geometry":{"type":"LineString","coordinates":[[-80.42373954144826,37.22271417165528],[-80.42372348701403,37.2226805252784],[-80.42354682450748,37.22229982777067]]},"properties":{"id":"E6066","from":"N440","to":"N441","length":49.1,"steep":false,"has_stairs":false}},{"type":"Feature","geometry":{"type":"LineString","coordinates":[[-80.42523010361293,37.22003683253573],[-80.42497915964817,37.2200728796204]]},"properties":{"id":"E6068","from":"N442","to":"N443","length":22.6,"steep":false,"has_stairs":false}},{"type":"Feature","geometry":{"type":"LineString","coordinates":[[-80.42497915964817,37.2200728796204],[-80.42508387815427,37.22047264713707]]},"properties":{"id":"E6068-1","from":"N443","to":"N144","length":45.4,"steep":false,"has_stairs":false}},{"type":"Feature","geometry":{"type":"LineString","coordinates":[[-80.42321036596184,37.22911928833905],[-80.42301421377448,37.22895153795376],[-80.42320759234187,37.22880222491188],[-80.42320044468286,37.22875027163882],[-80.42339908787042,37.22860262277981],[-80.42346834256348,37.228612829730544],[-80.42366678612868,37.228468040719164],[-80.42385917724691,37.22863667239916]]},"properties":{"id":"E6069","from":"N135","to":"N136","length":134.6,"steep":false,"has_stairs":false}},{"type":"Feature","geometry":{"type":"LineString","coordinates":[[-80.42483207431599,37.22792288567931],[-80.42467435112188,37.22779330884607]]},"properties":{"id":"E6070","from":"N444","to":"N445","length":20.1,"steep":false,"has_stairs":false}},{"type":"Feature","geometry":{"type":"LineString","coordinates":[[-80.42459767073646,37.22809575753014],[-80.42437959647684,37.2279120337835]]},"properties":{"id":"E6071","from":"N446","to":"N447","length":28.1,"steep":false,"has_stairs":false}},{"type":"Feature","geometry":{"type":"LineString","coordinates":[[-80.42585871231645,37.229142656782805],[-80.42561660725102,37.22895204494714]]},"properties":{"id":"E6072","from":"N411","to":"N448","length":30.1,"steep":false,"has_stairs":false}},{"type":"Feature","geometry":{"type":"LineString","coordinates":[[-80.42136805383814,37.222442309297506],[-80.4213834976247,37.22249185821811]]},"properties":{"id":"E6074","from":"N449","to":"N450","length":5.7,"steep":false,"has_stairs":false}},{"type":"Feature","geometry":{"type":"LineString","coordinates":[[-80.4213834976247,37.22249185821811],[-80.42144880400275,37.22270138949781]]},"properties":{"id":"E6074-1","from":"N450","to":"N451","length":24,"steep":false,"has_stairs":false}},{"type":"Feature","geometry":{"type":"LineString","coordinates":[[-80.42144880400275,37.22270138949781],[-80.42145644865465,37.22272591690744]]},"properties":{"id":"E6074-2","from":"N451","to":"N452","length":2.8,"steep":false,"has_stairs":false}},{"type":"Feature","geometry":{"type":"LineString","coordinates":[[-80.42145644865465,37.22272591690744],[-80.42149612746947,37.22285322142408],[-80.42154333490966,37.22299774312232]]},"properties":{"id":"E6074-3","from":"N452","to":"N94","length":31.2,"steep":false,"has_stairs":false}},{"type":"Feature","geometry":{"type":"LineString","coordinates":[[-80.42154333490966,37.22299774312232],[-80.42163796185802,37.223287436439854]]},"properties":{"id":"E6074-4","from":"N94","to":"N453","length":33.3,"steep":false,"has_stairs":false}},{"type":"Feature","geometry":{"type":"LineString","coordinates":[[-80.42163796185802,37.223287436439854],[-80.42166784610615,37.22337892570146]]},"properties":{"id":"E6074-5","from":"N453","to":"N454","length":10.5,"steep":false,"has_stairs":false}},{"type":"Feature","geometry":{"type":"LineString","coordinates":[[-80.42166784610615,37.22337892570146],[-80.42168320810414,37.22342595503021]]},"properties":{"id":"E6074-6","from":"N454","to":"N217","length":5.4,"steep":false,"has_stairs":false}},{"type":"Feature","geometry":{"type":"LineString","coordinates":[[-80.42168320810414,37.22342595503021],[-80.4217231912479,37.22354836145886]]},"properties":{"id":"E6074-7","from":"N217","to":"N455","length":14.1,"steep":false,"has_stairs":false}},{"type":"Feature","geometry":{"type":"LineString","coordinates":[[-80.4217231912479,37.22354836145886],[-80.42174010931458,37.223600153955225],[-80.4217840590651,37.22373470274094]]},"properties":{"id":"E6074-8","from":"N455","to":"N456","length":21.4,"steep":false,"has_stairs":false}},{"type":"Feature","geometry":{"type":"LineString","coordinates":[[-80.41941464978935,37.22644257774302],[-80.41915668455006,37.226254392900636]]},"properties":{"id":"E6075","from":"N457","to":"N458","length":31,"steep":false,"has_stairs":false}},{"type":"Feature","geometry":{"type":"LineString","coordinates":[[-80.42378879017072,37.22318267737977],[-80.42341437126383,37.223291669647494]]},"properties":{"id":"E6076","from":"N199","to":"N459","length":35.3,"steep":false,"has_stairs":false}},{"type":"Feature","geometry":{"type":"LineString","coordinates":[[-80.42337638650865,37.22820468037495],[-80.42338858225912,37.22821561879103],[-80.42354491289768,37.22820945096864],[-80.42363547924109,37.228222727289456]]},"properties":{"id":"E6077","from":"N460","to":"N461","length":23.6,"steep":false,"has_stairs":false}},{"type":"Feature","geometry":{"type":"LineString","coordinates":[[-80.42363547924109,37.228222727289456],[-80.42414454851162,37.22825946552513]]},"properties":{"id":"E6077-1","from":"N461","to":"N429","length":45.3,"steep":false,"has_stairs":false}},{"type":"Feature","geometry":{"type":"LineString","coordinates":[[-80.41905141911774,37.22626538572163],[-80.41903050350506,37.2262883388968],[-80.4190606511433,37.2263093190755]]},"properties":{"id":"E6078","from":"N462","to":"N463","length":6.7,"steep":false,"has_stairs":false}},{"type":"Feature","geometry":{"type":"LineString","coordinates":[[-80.41850778574513,37.227731853972685],[-80.41867936649913,37.22775681109]]},"properties":{"id":"E6079","from":"N464","to":"N465","length":15.4,"steep":false,"has_stairs":false}},{"type":"Feature","geometry":{"type":"LineString","coordinates":[[-80.41867936649913,37.22775681109],[-80.41873446452045,37.227807815737755]]},"properties":{"id":"E6079-1","from":"N465","to":"N43","length":7.5,"steep":false,"has_stairs":false}},{"type":"Feature","geometry":{"type":"LineString","coordinates":[[-80.42398583311316,37.223231931122385],[-80.42411215892785,37.223195767393484]]},"properties":{"id":"E6080","from":"N466","to":"N467","length":11.9,"steep":false,"has_stairs":false}},{"type":"Feature","geometry":{"type":"LineString","coordinates":[[-80.42489438379161,37.22885043851974],[-80.42509300542982,37.229009102114254],[-80.42505678743315,37.229040436384665]]},"properties":{"id":"E6081","from":"N468","to":"N469","length":29.6,"steep":false,"has_stairs":false}},{"type":"Feature","geometry":{"type":"LineString","coordinates":[[-80.42505678743315,37.229040436384665],[-80.4247583758709,37.229298580677316]]},"properties":{"id":"E6081-1","from":"N469","to":"N470","length":39,"steep":false,"has_stairs":false}},{"type":"Feature","geometry":{"type":"LineString","coordinates":[[-80.41955201441257,37.22669406447718],[-80.41983048602597,37.2268840996712]]},"properties":{"id":"E6083","from":"N471","to":"N472","length":32.5,"steep":false,"has_stairs":false}},{"type":"Feature","geometry":{"type":"LineString","coordinates":[[-80.41983048602597,37.2268840996712],[-80.42014255501822,37.22709706066761]]},"properties":{"id":"E6083-1","from":"N472","to":"N473","length":36.4,"steep":false,"has_stairs":false}},{"type":"Feature","geometry":{"type":"LineString","coordinates":[[-80.42014255501822,37.22709706066761],[-80.4202006826363,37.2271077263015]]},"properties":{"id":"E6083-2","from":"N473","to":"N474","length":5.3,"steep":false,"has_stairs":false}},{"type":"Feature","geometry":{"type":"LineString","coordinates":[[-80.4202006826363,37.2271077263015],[-80.42027591148143,37.2270477191573]]},"properties":{"id":"E6083-3","from":"N474","to":"N475","length":9.4,"steep":false,"has_stairs":false}},{"type":"Feature","geometry":{"type":"LineString","coordinates":[[-80.42027591148143,37.2270477191573],[-80.42046995590555,37.227176346686186],[-80.42061898073979,37.22727709795943]]},"properties":{"id":"E6083-4","from":"N475","to":"N40","length":39.7,"steep":false,"has_stairs":false}},{"type":"Feature","geometry":{"type":"LineString","coordinates":[[-80.41964261554017,37.22660887651897],[-80.4199173947741,37.226803123757776]]},"properties":{"id":"E6084","from":"N476","to":"N477","length":32.5,"steep":false,"has_stairs":false}},{"type":"Feature","geometry":{"type":"LineString","coordinates":[[-80.41991761962656,37.22680327872602],[-80.42027591148143,37.2270477191573]]},"properties":{"id":"E6084-2","from":"N477","to":"N475","length":41.8,"steep":false,"has_stairs":false}},{"type":"Feature","geometry":{"type":"LineString","coordinates":[[-80.4202006826363,37.2271077263015],[-80.4196027483997,37.22766759428403]]},"properties":{"id":"E6085","from":"N474","to":"N478","length":81.7,"steep":false,"has_stairs":false}},{"type":"Feature","geometry":{"type":"LineString","coordinates":[[-80.41897553048491,37.22723609652043],[-80.41900522489718,37.227256525290684]]},"properties":{"id":"E6086","from":"N479","to":"N480","length":3.5,"steep":false,"has_stairs":false}},{"type":"Feature","geometry":{"type":"LineString","coordinates":[[-80.41900522489718,37.227256525290684],[-80.41916261869918,37.22736480500456]]},"properties":{"id":"E6086-1","from":"N480","to":"N481","length":18.4,"steep":false,"has_stairs":false}},{"type":"Feature","geometry":{"type":"LineString","coordinates":[[-80.41916261869918,37.22736480500456],[-80.41947558024803,37.22758010828769]]},"properties":{"id":"E6086-2","from":"N481","to":"N482","length":36.6,"steep":false,"has_stairs":false}},{"type":"Feature","geometry":{"type":"LineString","coordinates":[[-80.41947558024803,37.22758010828769],[-80.4196027483997,37.22766759428403]]},"properties":{"id":"E6086-3","from":"N482","to":"N478","length":14.9,"steep":false,"has_stairs":false}},{"type":"Feature","geometry":{"type":"LineString","coordinates":[[-80.41897683999223,37.227386286273365],[-80.4189813168323,37.22753976287589]]},"properties":{"id":"E6087","from":"N483","to":"N484","length":17.1,"steep":false,"has_stairs":false}},{"type":"Feature","geometry":{"type":"LineString","coordinates":[[-80.41897683999223,37.227386286273365],[-80.41878946986746,37.22740795084116]]},"properties":{"id":"E6088","from":"N483","to":"N54","length":16.8,"steep":false,"has_stairs":false}},{"type":"Feature","geometry":{"type":"LineString","coordinates":[[-80.41916261869918,37.22736480500456],[-80.41906788039614,37.22745622818853]]},"properties":{"id":"E6089","from":"N481","to":"N485","length":13.2,"steep":false,"has_stairs":false}},{"type":"Feature","geometry":{"type":"LineString","coordinates":[[-80.41906788039614,37.22745622818853],[-80.4189813168323,37.22753976287589]]},"properties":{"id":"E6089-1","from":"N485","to":"N484","length":12,"steep":false,"has_stairs":false}},{"type":"Feature","geometry":{"type":"LineString","coordinates":[[-80.4189813168323,37.22753976287589],[-80.41886929588284,37.227704327278104]]},"properties":{"id":"E6089-2","from":"N484","to":"N486","length":20.8,"steep":false,"has_stairs":false}},{"type":"Feature","geometry":{"type":"LineString","coordinates":[[-80.41947558024803,37.22758010828769],[-80.41943120365626,37.22762185348654]]},"properties":{"id":"E6090","from":"N482","to":"N487","length":6.1,"steep":false,"has_stairs":false}},{"type":"Feature","geometry":{"type":"LineString","coordinates":[[-80.42038432937358,37.23169500820065],[-80.42026299595446,37.231577720047724]]},"properties":{"id":"E6091","from":"N488","to":"N489","length":16.9,"steep":false,"has_stairs":false}},{"type":"Feature","geometry":{"type":"LineString","coordinates":[[-80.42026299595446,37.231577720047724],[-80.42019172670972,37.231511588859156]]},"properties":{"id":"E6091-1","from":"N489","to":"N288","length":9.7,"steep":false,"has_stairs":false}},{"type":"Feature","geometry":{"type":"LineString","coordinates":[[-80.42019172670972,37.231511588859156],[-80.42013098563122,37.23144879326233]]},"properties":{"id":"E6091-2","from":"N288","to":"N490","length":8.8,"steep":false,"has_stairs":false}},{"type":"Feature","geometry":{"type":"LineString","coordinates":[[-80.42013098563122,37.23144879326233],[-80.42033987471177,37.23131436717124]]},"properties":{"id":"E6091-3","from":"N490","to":"N491","length":23.8,"steep":false,"has_stairs":false}},{"type":"Feature","geometry":{"type":"LineString","coordinates":[[-80.42033987471177,37.23131436717124],[-80.42047266019715,37.2312242248913]]},"properties":{"id":"E6091-4","from":"N491","to":"N492","length":15.4,"steep":false,"has_stairs":false}},{"type":"Feature","geometry":{"type":"LineString","coordinates":[[-80.41924203869054,37.23040409178608],[-80.41932587943585,37.23048737778479]]},"properties":{"id":"E6092","from":"N359","to":"N493","length":11.9,"steep":false,"has_stairs":false}},{"type":"Feature","geometry":{"type":"LineString","coordinates":[[-80.41932587943585,37.23048737778479],[-80.4192735970713,37.23104997243953]]},"properties":{"id":"E6092-1","from":"N493","to":"N494","length":62.7,"steep":false,"has_stairs":false}},{"type":"Feature","geometry":{"type":"LineString","coordinates":[[-80.4192735970713,37.23104997243953],[-80.4192086186626,37.23109824515362],[-80.41944879422695,37.231332678286996],[-80.41946071636904,37.23134398566952]]},"properties":{"id":"E6092-2","from":"N494","to":"N161","length":43.1,"steep":false,"has_stairs":false}},{"type":"Feature","geometry":{"type":"LineString","coordinates":[[-80.42039108536342,37.231279602677105],[-80.42064216122205,37.23152345746111]]},"properties":{"id":"E6093","from":"N495","to":"N496","length":35.1,"steep":false,"has_stairs":false}},{"type":"Feature","geometry":{"type":"LineString","coordinates":[[-80.42072897136958,37.23146589163434],[-80.42109784453311,37.231232007572],[-80.42113462227569,37.23120661751657]]},"properties":{"id":"E6094","from":"N33","to":"N74","length":46.1,"steep":false,"has_stairs":false}},{"type":"Feature","geometry":{"type":"LineString","coordinates":[[-80.42151879322725,37.23022328265754],[-80.42170663082717,37.23009467018205]]},"properties":{"id":"E6095","from":"N412","to":"N497","length":21.9,"steep":false,"has_stairs":false}},{"type":"Feature","geometry":{"type":"LineString","coordinates":[[-80.42063821563836,37.23060066714182],[-80.42065259686552,37.23061381807253],[-80.42094261278832,37.23088616622829]]},"properties":{"id":"E6096","from":"N498","to":"N499","length":41.6,"steep":false,"has_stairs":false}},{"type":"Feature","geometry":{"type":"LineString","coordinates":[[-80.42036758403488,37.21842051719441],[-80.42040366817103,37.21845174887471],[-80.42044134780004,37.21848103587343],[-80.42048087265947,37.21851350943677],[-80.42051567456593,37.218551000424156],[-80.4205451220394,37.21859282856224],[-80.42056868075595,37.21863823488012],[-80.4205650196383,37.21880675126152],[-80.42056702666498,37.21900935381873]]},"properties":{"id":"E6097","from":"N500","to":"N501","length":71.7,"steep":false,"has_stairs":false}},{"type":"Feature","geometry":{"type":"LineString","coordinates":[[-80.4252917492898,37.223573718693906],[-80.42527828750019,37.223713336903245],[-80.42532443051472,37.22371618216892]]},"properties":{"id":"E6098","from":"N502","to":"N503","length":19.7,"steep":false,"has_stairs":false}},{"type":"Feature","geometry":{"type":"LineString","coordinates":[[-80.42056702666498,37.21900935381873],[-80.4206715586591,37.21900719044716],[-80.42073707417843,37.21886053029904],[-80.4207490497237,37.21882639313302],[-80.42076092516282,37.2187663538492],[-80.42081443367164,37.218762356496875],[-80.42092206124926,37.21899775470323],[-80.42095889246626,37.21899670822504],[-80.42095525410957,37.21889762101355]]},"properties":{"id":"E6099","from":"N501","to":"N504","length":84.2,"steep":false,"has_stairs":false}},{"type":"Feature","geometry":{"type":"LineString","coordinates":[[-80.42095525410957,37.21889762101355],[-80.42097036305577,37.21888542500824]]},"properties":{"id":"E6099-1","from":"N504","to":"N505","length":1.9,"steep":false,"has_stairs":false}},{"type":"Feature","geometry":{"type":"LineString","coordinates":[[-80.42095525410957,37.21889762101355],[-80.42094303038073,37.21874875242237]]},"properties":{"id":"E6101","from":"N504","to":"N506","length":16.6,"steep":false,"has_stairs":false}},{"type":"Feature","geometry":{"type":"LineString","coordinates":[[-80.42291199169955,37.22561965516864],[-80.42291430242305,37.22568567155434]]},"properties":{"id":"E6102","from":"N416","to":"N507","length":7.3,"steep":false,"has_stairs":false}},{"type":"Feature","geometry":{"type":"LineString","coordinates":[[-80.42060324576283,37.2305686872591],[-80.42063821563836,37.23060066714182]]},"properties":{"id":"E6103","from":"N508","to":"N498","length":4.7,"steep":false,"has_stairs":false}},{"type":"Feature","geometry":{"type":"LineString","coordinates":[[-80.42060324576283,37.2305686872591],[-80.42080563151299,37.23040060861739]]},"properties":{"id":"E6104","from":"N508","to":"N509","length":25.9,"steep":false,"has_stairs":false}},{"type":"Feature","geometry":{"type":"LineString","coordinates":[[-80.42080563151299,37.23040060861739],[-80.42109004129463,37.23065730316297],[-80.4211427694356,37.23071296255759]]},"properties":{"id":"E6104-1","from":"N509","to":"N510","length":45.8,"steep":false,"has_stairs":false}},{"type":"Feature","geometry":{"type":"LineString","coordinates":[[-80.42033364031192,37.23031463032905],[-80.42052430433633,37.230495234719385],[-80.42060324576283,37.2305686872591]]},"properties":{"id":"E6105","from":"N511","to":"N508","length":37,"steep":false,"has_stairs":false}},{"type":"Feature","geometry":{"type":"LineString","coordinates":[[-80.42230445503625,37.23071818632684],[-80.4222783886559,37.230697083704364],[-80.42212725034584,37.23066364855525]]},"properties":{"id":"E6106","from":"N512","to":"N513","length":17.2,"steep":false,"has_stairs":false}},{"type":"Feature","geometry":{"type":"LineString","coordinates":[[-80.42237394762836,37.225690836381155],[-80.42252203593581,37.22561641662122]]},"properties":{"id":"E6107","from":"N514","to":"N515","length":15.5,"steep":false,"has_stairs":false}},{"type":"Feature","geometry":{"type":"LineString","coordinates":[[-80.42252203593581,37.22561641662122],[-80.42247800346313,37.225556641570435],[-80.42249822220084,37.225540493873766]]},"properties":{"id":"E6107-1","from":"N515","to":"N516","length":10.2,"steep":false,"has_stairs":false}},{"type":"Feature","geometry":{"type":"LineString","coordinates":[[-80.42244470386329,37.220596416995726],[-80.42241758818972,37.22061593338127]]},"properties":{"id":"E6108","from":"N517","to":"N518","length":3.2,"steep":false,"has_stairs":false}},{"type":"Feature","geometry":{"type":"LineString","coordinates":[[-80.42353575811467,37.22067717828502],[-80.42341423069686,37.220679158756724],[-80.42341856807747,37.22072956258636]]},"properties":{"id":"E6109","from":"N519","to":"N520","length":16.4,"steep":false,"has_stairs":false}},{"type":"Feature","geometry":{"type":"LineString","coordinates":[[-80.42249822220084,37.225540493873766],[-80.42255076778213,37.22551390465223]]},"properties":{"id":"E6110","from":"N516","to":"N521","length":5.5,"steep":false,"has_stairs":false}},{"type":"Feature","geometry":{"type":"LineString","coordinates":[[-80.42006366568226,37.23052490322125],[-80.4192735970713,37.23104997243953]]},"properties":{"id":"E6111","from":"N522","to":"N494","length":91.1,"steep":false,"has_stairs":false}},{"type":"Feature","geometry":{"type":"LineString","coordinates":[[-80.42416539119021,37.23136159319115],[-80.424119452922,37.231322835216616]]},"properties":{"id":"E6112","from":"N274","to":"N523","length":5.9,"steep":false,"has_stairs":false}},{"type":"Feature","geometry":{"type":"LineString","coordinates":[[-80.424119452922,37.231322835216616],[-80.42411484860136,37.231318950035686]]},"properties":{"id":"E6112-1","from":"N523","to":"N524","length":0.6,"steep":false,"has_stairs":false}},{"type":"Feature","geometry":{"type":"LineString","coordinates":[[-80.42417083441165,37.22942266447359],[-80.4245403839822,37.22974902906355]]},"properties":{"id":"E6113","from":"N525","to":"N526","length":48.9,"steep":false,"has_stairs":false}},{"type":"Feature","geometry":{"type":"LineString","coordinates":[[-80.4245403839822,37.22974902906355],[-80.42461081483788,37.22981879449764]]},"properties":{"id":"E6113-1","from":"N526","to":"N527","length":10,"steep":false,"has_stairs":false}},{"type":"Feature","geometry":{"type":"LineString","coordinates":[[-80.42417051767798,37.22985324871972],[-80.42427374367387,37.22994688917624],[-80.4245403839822,37.22974902906355]]},"properties":{"id":"E6114","from":"N528","to":"N526","length":46.1,"steep":false,"has_stairs":false}},{"type":"Feature","geometry":{"type":"LineString","coordinates":[[-80.424119452922,37.231322835216616],[-80.4241761380849,37.23127822885813]]},"properties":{"id":"E6115","from":"N523","to":"N529","length":7.1,"steep":false,"has_stairs":false}},{"type":"Feature","geometry":{"type":"LineString","coordinates":[[-80.42411484860136,37.231318950035686],[-80.42400563779162,37.231399957200416]]},"properties":{"id":"E6116","from":"N524","to":"N530","length":13.2,"steep":false,"has_stairs":false}},{"type":"Feature","geometry":{"type":"LineString","coordinates":[[-80.4181362251821,37.218881460362454],[-80.41811461984268,37.21869065509143]]},"properties":{"id":"E6117","from":"N531","to":"N532","length":21.3,"steep":false,"has_stairs":false}},{"type":"Feature","geometry":{"type":"LineString","coordinates":[[-80.42329711655267,37.2229000607595],[-80.42276594817767,37.223059120614714]]},"properties":{"id":"E6118","from":"N296","to":"N533","length":50.2,"steep":false,"has_stairs":false}},{"type":"Feature","geometry":{"type":"LineString","coordinates":[[-80.42051583985722,37.23084993350814],[-80.42038433723604,37.2307275492548]]},"properties":{"id":"E6119","from":"N308","to":"N160","length":17.9,"steep":false,"has_stairs":false}},{"type":"Feature","geometry":{"type":"LineString","coordinates":[[-80.42038433723604,37.2307275492548],[-80.42011798528202,37.2304796649576],[-80.42006366568226,37.23052490322125]]},"properties":{"id":"E6119-1","from":"N160","to":"N522","length":43.2,"steep":false,"has_stairs":false}},{"type":"Feature","geometry":{"type":"LineString","coordinates":[[-80.42006366568226,37.23052490322125],[-80.41932587943585,37.23048737778479]]},"properties":{"id":"E6119-2","from":"N522","to":"N493","length":65.5,"steep":false,"has_stairs":false}},{"type":"Feature","geometry":{"type":"LineString","coordinates":[[-80.42431906491248,37.21847716582864],[-80.42423932546953,37.21853926100667],[-80.42414202051835,37.21860571899457],[-80.42403621102359,37.2186444893377],[-80.42395260858561,37.21865845840992],[-80.42379479653847,37.218665994159956],[-80.42366667366369,37.21865482998958],[-80.42355719354724,37.21863200208417],[-80.42333272955186,37.218556142653476],[-80.4231920049443,37.21851489122189],[-80.42306595990487,37.21849233188207],[-80.42289741827656,37.218474252864674],[-80.42275051067658,37.21846907272849],[-80.42267000529074,37.218468490607236]]},"properties":{"id":"E6120","from":"N534","to":"N535","length":156.1,"steep":false,"has_stairs":false}},{"type":"Feature","geometry":{"type":"LineString","coordinates":[[-80.42441502551395,37.21850926234227],[-80.42431906491248,37.21847716582864]]},"properties":{"id":"E6121","from":"N536","to":"N534","length":9.2,"steep":false,"has_stairs":false}},{"type":"Feature","geometry":{"type":"LineString","coordinates":[[-80.42158186532092,37.22080496420966],[-80.42163004001195,37.22077002221148]]},"properties":{"id":"E6122","from":"N175","to":"N537","length":5.8,"steep":false,"has_stairs":false}},{"type":"Feature","geometry":{"type":"LineString","coordinates":[[-80.42163004001195,37.22077002221148],[-80.42165632281124,37.220744961365895]]},"properties":{"id":"E6122-1","from":"N537","to":"N538","length":3.6,"steep":false,"has_stairs":false}},{"type":"Feature","geometry":{"type":"LineString","coordinates":[[-80.42165632281124,37.220744961365895],[-80.42188379272417,37.22058245180583],[-80.4223693622915,37.220565649506234]]},"properties":{"id":"E6122-2","from":"N538","to":"N301","length":70.1,"steep":false,"has_stairs":false}},{"type":"Feature","geometry":{"type":"LineString","coordinates":[[-80.4223693622915,37.220565649506234],[-80.42243483513691,37.220633916049884]]},"properties":{"id":"E6122-3","from":"N301","to":"N539","length":9.6,"steep":false,"has_stairs":false}},{"type":"Feature","geometry":{"type":"LineString","coordinates":[[-80.42298664134358,37.22081540048171],[-80.42298653307682,37.22078903072886],[-80.42296104309996,37.220783128029275]]},"properties":{"id":"E6123","from":"N540","to":"N541","length":5.3,"steep":false,"has_stairs":false}},{"type":"Feature","geometry":{"type":"LineString","coordinates":[[-80.42296104309996,37.220783128029275],[-80.42256158564348,37.22069063493052],[-80.4224807016142,37.22068173907435]]},"properties":{"id":"E6123-1","from":"N541","to":"N542","length":44.1,"steep":false,"has_stairs":false}},{"type":"Feature","geometry":{"type":"LineString","coordinates":[[-80.4211427694356,37.23071296255759],[-80.42114648944124,37.23076536376293],[-80.42127599250261,37.23088534987927],[-80.42158823036921,37.231182978055465],[-80.42162322331039,37.23124164600501]]},"properties":{"id":"E6124","from":"N510","to":"N543","length":73.8,"steep":false,"has_stairs":false}},{"type":"Feature","geometry":{"type":"LineString","coordinates":[[-80.42162322331039,37.23124164600501],[-80.42165300257875,37.23124734312374],[-80.42171584765026,37.2312921934547]]},"properties":{"id":"E6124-1","from":"N543","to":"N544","length":10.2,"steep":false,"has_stairs":false}},{"type":"Feature","geometry":{"type":"LineString","coordinates":[[-80.42437706483194,37.21818637936524],[-80.42437144452103,37.217965909986404],[-80.4243445067725,37.21788010454507],[-80.4243002220053,37.217807306237155],[-80.42422957392493,37.21774059328093],[-80.42412589242458,37.21762634710295],[-80.42408571930878,37.21757610388442],[-80.42407648687383,37.217560701859114],[-80.42405881562189,37.21756098993944],[-80.42405733631452,37.21757232425264],[-80.42414875569409,37.21769101183372],[-80.42418469893616,37.21771612322476],[-80.42420289121509,37.21773866153191],[-80.42419338394885,37.217770883270866]]},"properties":{"id":"E6125","from":"N545","to":"N546","length":106.5,"steep":false,"has_stairs":false}},{"type":"Feature","geometry":{"type":"LineString","coordinates":[[-80.42033364031192,37.23031463032905],[-80.42008140302195,37.23007569859317]]},"properties":{"id":"E6126","from":"N511","to":"N358","length":34.7,"steep":false,"has_stairs":false}},{"type":"Feature","geometry":{"type":"LineString","coordinates":[[-80.42014200425373,37.22996804990424],[-80.42009962227027,37.229974026673624],[-80.42005682783805,37.22997479535121],[-80.42001425855243,37.22997034448445],[-80.41997254865426,37.22996074038692],[-80.41993231958041,37.22994612615032],[-80.41989417070488,37.229926719512534],[-80.41987926232403,37.22991947056239],[-80.41986338397429,37.22991470767385],[-80.41984694712669,37.22991255427221],[-80.41983037772513,37.22991306616066]]},"properties":{"id":"E6127","from":"N280","to":"N547","length":29.2,"steep":false,"has_stairs":false}},{"type":"Feature","geometry":{"type":"LineString","coordinates":[[-80.42033436754411,37.22928610946942],[-80.42022777989133,37.22934076478965],[-80.42019646436309,37.229335388835445]]},"properties":{"id":"E6128","from":"N548","to":"N549","length":14.1,"steep":false,"has_stairs":false}},{"type":"Feature","geometry":{"type":"LineString","coordinates":[[-80.42001111140517,37.22799713225583],[-80.4201881180923,37.22813213996373],[-80.42022473620386,37.22816338924537],[-80.42027369388416,37.228210360708175],[-80.42065764207054,37.22860977252534]]},"properties":{"id":"E6129","from":"N550","to":"N551","length":89.2,"steep":false,"has_stairs":false}},{"type":"Feature","geometry":{"type":"LineString","coordinates":[[-80.42065764207054,37.22860977252534],[-80.4206866280163,37.22863992551643],[-80.42080271380598,37.228752998590934]]},"properties":{"id":"E6129-1","from":"N551","to":"N552","length":20.5,"steep":false,"has_stairs":false}},{"type":"Feature","geometry":{"type":"LineString","coordinates":[[-80.42080271380598,37.228752998590934],[-80.42084816838484,37.22879903375266],[-80.42089755554058,37.22884082207281],[-80.42095047996374,37.228878029065264],[-80.4210065180315,37.22891035691417],[-80.42106522119852,37.22893754685783],[-80.42112611958717,37.22895938125985],[-80.42118872574869,37.22897568535117],[-80.4212476074908,37.2289895198467],[-80.42130504188174,37.229008486753564],[-80.42136058249471,37.22903243864554],[-80.42141379762289,37.229061189349046],[-80.42148151605564,37.22911849998238],[-80.4214985037511,37.229131522404934],[-80.42151326707224,37.22914702110278],[-80.42152544899868,37.22916462127195],[-80.42153475493569,37.22918389728872],[-80.42154095983842,37.22920438300248],[-80.42154391365413,37.22922558300859],[-80.42154832590856,37.22929184095588],[-80.42155019363999,37.22936666463813],[-80.42156206442228,37.22938520722947]]},"properties":{"id":"E6129-2","from":"N552","to":"N90","length":105.5,"steep":false,"has_stairs":false}},{"type":"Feature","geometry":{"type":"LineString","coordinates":[[-80.42483636100735,37.224980472840784],[-80.42508032296065,37.225507674791444],[-80.42508859339186,37.22551916558694],[-80.42509490390425,37.225531839017684],[-80.42509908952692,37.225545363771886],[-80.42510104083836,37.22555938628226],[-80.42510070682691,37.225573539969055],[-80.42509809622439,37.22558745482327]]},"properties":{"id":"E6130","from":"N553","to":"N554","length":71.7,"steep":false,"has_stairs":false}},{"type":"Feature","geometry":{"type":"LineString","coordinates":[[-80.42461081483788,37.22981879449764],[-80.42486278207839,37.22964153822106],[-80.42494881603359,37.22971739855648]]},"properties":{"id":"E6131","from":"N527","to":"N555","length":41.1,"steep":false,"has_stairs":false}},{"type":"Feature","geometry":{"type":"LineString","coordinates":[[-80.42494881603359,37.22971739855648],[-80.42496247508079,37.22971233052766]]},"properties":{"id":"E6131-1","from":"N555","to":"N556","length":1.3,"steep":false,"has_stairs":false}},{"type":"Feature","geometry":{"type":"LineString","coordinates":[[-80.42065764207054,37.22860977252534],[-80.42056187567741,37.22866871253804],[-80.42063077373493,37.228742122959716]]},"properties":{"id":"E6132","from":"N551","to":"N557","length":20.9,"steep":false,"has_stairs":false}},{"type":"Feature","geometry":{"type":"LineString","coordinates":[[-80.42109808518231,37.23075315234027],[-80.42111136309342,37.23074447412823],[-80.4211427694356,37.23071296255759]]},"properties":{"id":"E6133","from":"N30","to":"N510","length":6,"steep":false,"has_stairs":false}},{"type":"Feature","geometry":{"type":"LineString","coordinates":[[-80.42109808518231,37.23075315234027],[-80.42102346436948,37.2306785401622],[-80.4210187521693,37.23068294119101]]},"properties":{"id":"E6134","from":"N30","to":"N558","length":11.2,"steep":false,"has_stairs":false}},{"type":"Feature","geometry":{"type":"LineString","coordinates":[[-80.41885673526592,37.225587733086435],[-80.41885885416592,37.22560630918902],[-80.41884906227125,37.22562833069021],[-80.4188360880433,37.22564864071545],[-80.41882022312903,37.22566678271675],[-80.41880182415501,37.22568234888105],[-80.41878130471079,37.225694989297374],[-80.41875912605185,37.22570441982248],[-80.41873578673109,37.2257104284681],[-80.41864661259127,37.22574143458387],[-80.4183579899731,37.2258226687097]]},"properties":{"id":"E6135","from":"N559","to":"N560","length":54.5,"steep":false,"has_stairs":false}},{"type":"Feature","geometry":{"type":"LineString","coordinates":[[-80.42317156293183,37.23179157374275],[-80.42337311404862,37.23188806541118]]},"properties":{"id":"E6136","from":"N561","to":"N562","length":20.8,"steep":false,"has_stairs":false}},{"type":"Feature","geometry":{"type":"LineString","coordinates":[[-80.41934621800878,37.225253755435446],[-80.4193795280734,37.22520653014077],[-80.41940406441289,37.225158529100455],[-80.4194349598171,37.22510246813903],[-80.41946156542731,37.22507237433593],[-80.41951769657646,37.225038635987595],[-80.41953343335695,37.22492578033022],[-80.41954972706756,37.22482494320721],[-80.41956974599043,37.22471033521088],[-80.4195975710993,37.22462635917971]]},"properties":{"id":"E6137","from":"N563","to":"N564","length":75.4,"steep":false,"has_stairs":false}},{"type":"Feature","geometry":{"type":"LineString","coordinates":[[-80.41936796663515,37.22606994519106],[-80.41876746409565,37.2258862121769],[-80.41871357394731,37.22592811627809]]},"properties":{"id":"E6138","from":"N357","to":"N565","length":63.6,"steep":false,"has_stairs":false}},{"type":"Feature","geometry":{"type":"LineString","coordinates":[[-80.42006011116901,37.2253374545803],[-80.41970450081718,37.22532222793333]]},"properties":{"id":"E6139","from":"N566","to":"N567","length":31.5,"steep":false,"has_stairs":false}},{"type":"Feature","geometry":{"type":"LineString","coordinates":[[-80.42339435666413,37.23139874369664],[-80.42335294664895,37.23143659624593],[-80.4233986490044,37.23147460218189],[-80.42304582900542,37.23173250350607]]},"properties":{"id":"E6140","from":"N568","to":"N569","length":53.8,"steep":false,"has_stairs":false}},{"type":"Feature","geometry":{"type":"LineString","coordinates":[[-80.41962177467285,37.22163950968675],[-80.41967947117988,37.221628118255346]]},"properties":{"id":"E6141","from":"N570","to":"N571","length":5.3,"steep":false,"has_stairs":false}},{"type":"Feature","geometry":{"type":"LineString","coordinates":[[-80.41985907384074,37.22569344994207],[-80.41958076898365,37.225454847520055]]},"properties":{"id":"E6142","from":"N572","to":"N573","length":36.2,"steep":false,"has_stairs":false}},{"type":"Feature","geometry":{"type":"LineString","coordinates":[[-80.41958076898365,37.225454847520055],[-80.41955133612404,37.22542961352162]]},"properties":{"id":"E6142-1","from":"N573","to":"N574","length":3.8,"steep":false,"has_stairs":false}},{"type":"Feature","geometry":{"type":"LineString","coordinates":[[-80.41939902590097,37.22581798097134],[-80.41941943286866,37.225522090273024]]},"properties":{"id":"E6143","from":"N575","to":"N576","length":33,"steep":false,"has_stairs":false}},{"type":"Feature","geometry":{"type":"LineString","coordinates":[[-80.42124918335236,37.22402387719641],[-80.42123238547823,37.224016959287745],[-80.42094106196619,37.223760746409134]]},"properties":{"id":"E6147","from":"N577","to":"N331","length":40.1,"steep":false,"has_stairs":false}},{"type":"Feature","geometry":{"type":"LineString","coordinates":[[-80.42094106196619,37.223760746409134],[-80.42088312974005,37.2241190085338]]},"properties":{"id":"E6147-1","from":"N331","to":"N578","length":40.2,"steep":false,"has_stairs":false}},{"type":"Feature","geometry":{"type":"LineString","coordinates":[[-80.42088312974005,37.2241190085338],[-80.42073508702353,37.2236964436491]]},"properties":{"id":"E6147-2","from":"N578","to":"N579","length":48.8,"steep":false,"has_stairs":false}},{"type":"Feature","geometry":{"type":"LineString","coordinates":[[-80.42073508702353,37.2236964436491],[-80.42071772412635,37.22361704479839],[-80.42071283450885,37.223597896681724],[-80.42070533616167,37.2235796118924],[-80.42069537405291,37.22356254393645],[-80.4206831407834,37.223547022794484],[-80.42061808057765,37.2234746342248],[-80.42051332299172,37.22338906047118]]},"properties":{"id":"E6147-3","from":"N579","to":"N580","length":40.6,"steep":false,"has_stairs":false}},{"type":"Feature","geometry":{"type":"LineString","coordinates":[[-80.4195633262818,37.22962583672392],[-80.41929366477252,37.229345810718016]]},"properties":{"id":"E6148","from":"N581","to":"N582","length":39.2,"steep":false,"has_stairs":false}},{"type":"Feature","geometry":{"type":"LineString","coordinates":[[-80.41940980954126,37.22670866678474],[-80.41948610450879,37.22675603492682]]},"properties":{"id":"E6149","from":"N583","to":"N105","length":8.6,"steep":false,"has_stairs":false}},{"type":"Feature","geometry":{"type":"LineString","coordinates":[[-80.41906827320406,37.2268310655647],[-80.4192654196924,37.226963532726955]]},"properties":{"id":"E6150","from":"N584","to":"N104","length":22.8,"steep":false,"has_stairs":false}},{"type":"Feature","geometry":{"type":"LineString","coordinates":[[-80.42063821563836,37.23060066714182],[-80.42060771858016,37.230685768347065],[-80.42056718232175,37.23073483023869]]},"properties":{"id":"E6151","from":"N498","to":"N585","length":16.4,"steep":false,"has_stairs":false}},{"type":"Feature","geometry":{"type":"LineString","coordinates":[[-80.42352136992355,37.23151930064076],[-80.42317156293183,37.23179157374275]]},"properties":{"id":"E6153","from":"N586","to":"N561","length":43.3,"steep":false,"has_stairs":false}},{"type":"Feature","geometry":{"type":"LineString","coordinates":[[-80.41709909072937,37.219042698003825],[-80.41695296561728,37.21930387068826],[-80.41686142480677,37.21952992693624],[-80.4168354098238,37.21965478661646],[-80.41681681237878,37.219784386434],[-80.41680981007501,37.21984380174551],[-80.41680139720324,37.21999399626481],[-80.41680572829456,37.2200687827282],[-80.41681458122355,37.2201781112572],[-80.41683114165033,37.22025561565701],[-80.41685583429188,37.22036604156458],[-80.41686674301403,37.22041252822733],[-80.41688395150395,37.22046766221296],[-80.41690607149697,37.220524660492345],[-80.41693077065868,37.220587449970175],[-80.41695671005922,37.22065119088093],[-80.41698382321633,37.220713265180926],[-80.41702055445815,37.22077099771141],[-80.4170561713682,37.22081853230952],[-80.41713847529972,37.220833925073194],[-80.4176556822867,37.220882255109714]]},"properties":{"id":"E6154","from":"N587","to":"N588","length":259.1,"steep":false,"has_stairs":false}},{"type":"Feature","geometry":{"type":"LineString","coordinates":[[-80.41934621800878,37.225253755435446],[-80.4192722857435,37.22527659373978],[-80.41920555232271,37.225293857692854],[-80.41916007621641,37.22530720601468],[-80.41913341250763,37.22531658204434],[-80.41911482668179,37.22533327852422],[-80.41911057860145,37.22535654566127]]},"properties":{"id":"E6155","from":"N563","to":"N589","length":25.2,"steep":false,"has_stairs":false}},{"type":"Feature","geometry":{"type":"LineString","coordinates":[[-80.41911057860145,37.22535654566127],[-80.41904763203392,37.225363081295065],[-80.41869902749423,37.22537458146875],[-80.4186214278458,37.225374334983144]]},"properties":{"id":"E6155-1","from":"N589","to":"N590","length":43.4,"steep":false,"has_stairs":false}},{"type":"Feature","geometry":{"type":"LineString","coordinates":[[-80.41951992082814,37.22303585757108],[-80.4191647987524,37.22327948210404]]},"properties":{"id":"E6156","from":"N96","to":"N591","length":41.5,"steep":false,"has_stairs":false}},{"type":"Feature","geometry":{"type":"LineString","coordinates":[[-80.41955133612404,37.22542961352162],[-80.41970450081718,37.22532222793333]]},"properties":{"id":"E6157","from":"N574","to":"N567","length":18.1,"steep":false,"has_stairs":false}},{"type":"Feature","geometry":{"type":"LineString","coordinates":[[-80.41970450081718,37.22532222793333],[-80.41989556328215,37.22518827243954]]},"properties":{"id":"E6157-1","from":"N567","to":"N592","length":22.5,"steep":false,"has_stairs":false}},{"type":"Feature","geometry":{"type":"LineString","coordinates":[[-80.41989556328215,37.22518827243954],[-80.41997816072161,37.2251303618417]]},"properties":{"id":"E6157-2","from":"N592","to":"N593","length":9.7,"steep":false,"has_stairs":false}},{"type":"Feature","geometry":{"type":"LineString","coordinates":[[-80.41567998958782,37.218626206567],[-80.41563625350761,37.218617658475715],[-80.41560399769773,37.218639212490594],[-80.41549207727232,37.218716458939625],[-80.41540993725081,37.21877390934076]]},"properties":{"id":"E6158","from":"N594","to":"N595","length":30.5,"steep":false,"has_stairs":false}},{"type":"Feature","geometry":{"type":"LineString","coordinates":[[-80.41895757140186,37.22834787296396],[-80.41900589081806,37.2283752624702],[-80.41905693008712,37.22839717009554],[-80.41911006963677,37.228413329900505],[-80.4191646643992,37.228423545719124],[-80.41922005164153,37.22842769354027],[-80.41927555901093,37.228425723013004],[-80.41933051269626,37.22841765805781],[-80.41938424560767,37.228403596576214],[-80.41940148601546,37.228397977259654],[-80.41941940722366,37.22839521344416],[-80.4194375395551,37.22839537756351],[-80.41945540779959,37.22839846531649],[-80.41947254366801,37.228404395779584],[-80.41948849806535,37.22841301352785],[-80.4195028528604,37.22842409270823],[-80.41951929751146,37.228439426466075],[-80.41973404603019,37.22866328583809]]},"properties":{"id":"E6159","from":"N596","to":"N311","length":85.4,"steep":false,"has_stairs":false}},{"type":"Feature","geometry":{"type":"LineString","coordinates":[[-80.41973404603019,37.22866328583809],[-80.41998134234497,37.22892107050408]]},"properties":{"id":"E6159-1","from":"N311","to":"N597","length":36.1,"steep":false,"has_stairs":false}},{"type":"Feature","geometry":{"type":"LineString","coordinates":[[-80.41985907384074,37.22569344994207],[-80.42018621741673,37.22545176940795]]},"properties":{"id":"E6160","from":"N572","to":"N598","length":39.5,"steep":false,"has_stairs":false}},{"type":"Feature","geometry":{"type":"LineString","coordinates":[[-80.42018621741673,37.22545176940795],[-80.42006011116901,37.2253374545803]]},"properties":{"id":"E6160-1","from":"N598","to":"N566","length":16.9,"steep":false,"has_stairs":false}},{"type":"Feature","geometry":{"type":"LineString","coordinates":[[-80.42485651292502,37.220508869956454],[-80.42408004198784,37.22062408900944],[-80.42395706875595,37.220642697035]]},"properties":{"id":"E6161","from":"N599","to":"N600","length":81,"steep":false,"has_stairs":false}},{"type":"Feature","geometry":{"type":"LineString","coordinates":[[-80.4219813464483,37.222225899284325],[-80.42214638776962,37.222480587169926]]},"properties":{"id":"E6162","from":"N601","to":"N291","length":31.9,"steep":false,"has_stairs":false}},{"type":"Feature","geometry":{"type":"LineString","coordinates":[[-80.42299344937895,37.22234935281243],[-80.4229728365891,37.22230770151158]]},"properties":{"id":"E6163","from":"N602","to":"N435","length":5,"steep":false,"has_stairs":false}},{"type":"Feature","geometry":{"type":"LineString","coordinates":[[-80.42267000529074,37.218468490607236],[-80.42263925268958,37.21845827712311],[-80.4224562358118,37.21846358271524]]},"properties":{"id":"E6164","from":"N535","to":"N603","length":19.2,"steep":false,"has_stairs":false}},{"type":"Feature","geometry":{"type":"LineString","coordinates":[[-80.42267000529074,37.218468490607236],[-80.42264864749855,37.21837054917633]]},"properties":{"id":"E6165","from":"N535","to":"N604","length":11.1,"steep":false,"has_stairs":false}},{"type":"Feature","geometry":{"type":"LineString","coordinates":[[-80.42264864749855,37.21837054917633],[-80.42280810076622,37.21835322642246]]},"properties":{"id":"E6166","from":"N604","to":"N605","length":14.3,"steep":false,"has_stairs":false}},{"type":"Feature","geometry":{"type":"LineString","coordinates":[[-80.4254703555107,37.2281221626976],[-80.42535329986173,37.228211677519745]]},"properties":{"id":"E6167","from":"N64","to":"N606","length":14.4,"steep":false,"has_stairs":false}},{"type":"Feature","geometry":{"type":"LineString","coordinates":[[-80.42535329986173,37.228211677519745],[-80.42516341798971,37.228356584863675]]},"properties":{"id":"E6167-1","from":"N606","to":"N31","length":23.3,"steep":false,"has_stairs":false}},{"type":"Feature","geometry":{"type":"LineString","coordinates":[[-80.42375279814603,37.219231086175036],[-80.42378983514702,37.21922953164376],[-80.42386230040003,37.219242276191636],[-80.4239176133099,37.21926524774484],[-80.42395305111062,37.21928920569827]]},"properties":{"id":"E6168","from":"N607","to":"N608","length":19.5,"steep":false,"has_stairs":false}},{"type":"Feature","geometry":{"type":"LineString","coordinates":[[-80.42395305111062,37.21928920569827],[-80.42404331976999,37.219253194355666]]},"properties":{"id":"E6168-1","from":"N608","to":"N609","length":8.9,"steep":false,"has_stairs":false}},{"type":"Feature","geometry":{"type":"LineString","coordinates":[[-80.41703378520334,37.218531810248564],[-80.41697119554658,37.21847993424395],[-80.41692927918218,37.21844283963427],[-80.41688401914335,37.21839824477567],[-80.41684506307314,37.21835354751893],[-80.41681259595012,37.218316299405515],[-80.41678006834647,37.21827653498711],[-80.41674766745557,37.21824180396076],[-80.41670594309365,37.21821226159725],[-80.4166100212706,37.21815841663782],[-80.41656582080208,37.21814151434697]]},"properties":{"id":"E6169","from":"N610","to":"N611","length":60.8,"steep":false,"has_stairs":false}},{"type":"Feature","geometry":{"type":"LineString","coordinates":[[-80.41609360128085,37.21812860438763],[-80.41614228081633,37.218178607591774],[-80.41623121589724,37.218201849797204],[-80.41613889246439,37.2184015458218],[-80.41619469023483,37.2184212297092]]},"properties":{"id":"E6170","from":"N612","to":"N613","length":44.4,"steep":false,"has_stairs":false}},{"type":"Feature","geometry":{"type":"LineString","coordinates":[[-80.41709911042922,37.219042719314594],[-80.41733112273353,37.21927020760983],[-80.41750400208626,37.219381977190714]]},"properties":{"id":"E6171-1","from":"N587","to":"N614","length":52.3,"steep":false,"has_stairs":false}},{"type":"Feature","geometry":{"type":"LineString","coordinates":[[-80.4239057527148,37.219385469379674],[-80.42388851469067,37.21939238110121],[-80.423862819951,37.21939279993],[-80.42386260014307,37.21941667668411],[-80.42373574973486,37.21941741849873]]},"properties":{"id":"E6172","from":"N615","to":"N616","length":17.9,"steep":false,"has_stairs":false}},{"type":"Feature","geometry":{"type":"LineString","coordinates":[[-80.42139234962858,37.21936538274749],[-80.42197097098685,37.219351853827824],[-80.42218219947854,37.21930370227629],[-80.42230431287304,37.219268924846034],[-80.42249447747339,37.21927178858435]]},"properties":{"id":"E6174","from":"N617","to":"N618","length":99,"steep":false,"has_stairs":false}},{"type":"Feature","geometry":{"type":"LineString","coordinates":[[-80.4227565528466,37.22283867951137],[-80.42271240345278,37.22281049548473]]},"properties":{"id":"E6175","from":"N619","to":"N437","length":5,"steep":false,"has_stairs":false}},{"type":"Feature","geometry":{"type":"LineString","coordinates":[[-80.42140063869216,37.221673902150286],[-80.42112143373505,37.22186774581724]]},"properties":{"id":"E6176","from":"N620","to":"N621","length":32.8,"steep":false,"has_stairs":false}},{"type":"Feature","geometry":{"type":"LineString","coordinates":[[-80.42112143373505,37.22186774581724],[-80.42031273189828,37.2224306135343],[-80.42027257088192,37.222483759355434]]},"properties":{"id":"E6176-1","from":"N621","to":"N622","length":102,"steep":false,"has_stairs":false}},{"type":"Feature","geometry":{"type":"LineString","coordinates":[[-80.42264864749855,37.21837054917633],[-80.42258342300597,37.21813058802363],[-80.42245036596705,37.21804285606826],[-80.42240632872968,37.217911824797234]]},"properties":{"id":"E6177","from":"N604","to":"N623","length":57.7,"steep":false,"has_stairs":false}},{"type":"Feature","geometry":{"type":"LineString","coordinates":[[-80.42003950503107,37.229320396731964],[-80.42009446443,37.229376814312175],[-80.42014180754369,37.22934695719073],[-80.42015477439917,37.229341365607546],[-80.42016836580981,37.22933753432833],[-80.42018234398392,37.22933553038414],[-80.42019646436309,37.229335388835445]]},"properties":{"id":"E6178","from":"N624","to":"N549","length":18.4,"steep":false,"has_stairs":false}},{"type":"Feature","geometry":{"type":"LineString","coordinates":[[-80.41750400208626,37.219381977190714],[-80.41747322961528,37.2194235863632],[-80.4174573338295,37.219478969669595],[-80.41741360240601,37.21960981611088],[-80.41738664117514,37.21968833660207],[-80.41737075310257,37.219775352935756],[-80.41735670418385,37.21993477806253],[-80.41735956777013,37.22004751697028],[-80.41736539678901,37.22014642441065],[-80.41737922670812,37.22024188426001],[-80.41739538733448,37.22031680299978],[-80.41741410774331,37.22038028795925],[-80.41742974894406,37.220434710986105],[-80.4174601591904,37.220509397325095],[-80.41749028140289,37.22057269794477],[-80.41752639314994,37.22064729074054],[-80.41755930776058,37.22070826753904],[-80.41758937230203,37.22076929153398],[-80.4176556822867,37.220882255109714]]},"properties":{"id":"E6182","from":"N614","to":"N588","length":173.2,"steep":false,"has_stairs":false}},{"type":"Feature","geometry":{"type":"LineString","coordinates":[[-80.41852325845538,37.21934458244536],[-80.41840611751331,37.219294515899854],[-80.41767361632141,37.21930641958556],[-80.41750400208626,37.219381977190714]]},"properties":{"id":"E6183","from":"N146","to":"N614","length":93.9,"steep":false,"has_stairs":false}},{"type":"Feature","geometry":{"type":"LineString","coordinates":[[-80.41857105436168,37.220842813154896],[-80.4176556822867,37.220882255109714]]},"properties":{"id":"E6184","from":"N198","to":"N588","length":81.2,"steep":false,"has_stairs":false}},{"type":"Feature","geometry":{"type":"LineString","coordinates":[[-80.41936321239717,37.21933162013611],[-80.41937975531,37.21936481480131],[-80.4195214208749,37.2196985520023],[-80.41955914543419,37.21985698043392],[-80.41957741141556,37.22000738486127],[-80.4195836192102,37.220125283293136],[-80.41957925092301,37.22026900510393],[-80.41955317197664,37.220488507353544],[-80.41949837097437,37.2207966860164],[-80.41949554377226,37.22080788744718],[-80.41949107434995,37.220818540586976],[-80.41948506308678,37.22082840617558],[-80.41947764499047,37.22083726264047]]},"properties":{"id":"E6185","from":"N147","to":"N155","length":171,"steep":false,"has_stairs":false}},{"type":"Feature","geometry":{"type":"LineString","coordinates":[[-80.41947764499047,37.22083726264047],[-80.41946898666498,37.220844911073186],[-80.41945485448004,37.220854217083335],[-80.41943950918773,37.220861347474624],[-80.41942328334102,37.22086614772195],[-80.41940652857565,37.22086851379754],[-80.41884454536711,37.220878255277185],[-80.41857105436168,37.220842813154896]]},"properties":{"id":"E6185-1","from":"N155","to":"N198","length":81.7,"steep":false,"has_stairs":false}},{"type":"Feature","geometry":{"type":"LineString","coordinates":[[-80.42172179075713,37.22200109625261],[-80.42173270697529,37.22193796398673],[-80.42172292624444,37.221677027293104]]},"properties":{"id":"E6186","from":"N625","to":"N194","length":36.1,"steep":false,"has_stairs":false}},{"type":"Feature","geometry":{"type":"LineString","coordinates":[[-80.4260500253562,37.227274624418605],[-80.42599555399043,37.22720922481608],[-80.42591916007326,37.22711977525657]]},"properties":{"id":"E6187","from":"N626","to":"N99","length":20.8,"steep":false,"has_stairs":false}},{"type":"Feature","geometry":{"type":"LineString","coordinates":[[-80.42588014037321,37.22838239860724],[-80.42589607286043,37.228401020520046],[-80.425924199964,37.22852924483907],[-80.42559568151518,37.22878091384018],[-80.42552403943117,37.228725566719476],[-80.4254649024053,37.228770583303316]]},"properties":{"id":"E6188","from":"N627","to":"N628","length":73.4,"steep":false,"has_stairs":false}},{"type":"Feature","geometry":{"type":"LineString","coordinates":[[-80.4254649024053,37.228770583303316],[-80.42556919177217,37.228857168088766],[-80.42559710210227,37.22889327870219],[-80.42561046118402,37.22894489439495],[-80.42561660725102,37.22895204494714]]},"properties":{"id":"E6188-1","from":"N628","to":"N448","length":24.9,"steep":false,"has_stairs":false}},{"type":"Feature","geometry":{"type":"LineString","coordinates":[[-80.42489438379161,37.22885043851974],[-80.42477224824894,37.22894983880433],[-80.4247015973898,37.22903451886815]]},"properties":{"id":"E6189","from":"N468","to":"N629","length":26.8,"steep":false,"has_stairs":false}},{"type":"Feature","geometry":{"type":"LineString","coordinates":[[-80.42018621741673,37.22545176940795],[-80.42021865939381,37.22543659726309],[-80.42025307627442,37.225426689983635],[-80.42028861965315,37.22542229179246]]},"properties":{"id":"E6190","from":"N598","to":"N630","length":9.8,"steep":false,"has_stairs":false}},{"type":"Feature","geometry":{"type":"LineString","coordinates":[[-80.42028861965315,37.22542229179246],[-80.42043880492795,37.22542389877047]]},"properties":{"id":"E6190-1","from":"N630","to":"N631","length":13.3,"steep":false,"has_stairs":false}},{"type":"Feature","geometry":{"type":"LineString","coordinates":[[-80.42043880492795,37.22542389877047],[-80.42048636239565,37.225424407536515]]},"properties":{"id":"E6190-2","from":"N631","to":"N632","length":4.2,"steep":false,"has_stairs":false}},{"type":"Feature","geometry":{"type":"LineString","coordinates":[[-80.42159366579395,37.22154078861299],[-80.42151149320523,37.22159818611324],[-80.42140063869216,37.221673902150286]]},"properties":{"id":"E6191","from":"N173","to":"N620","length":22.6,"steep":false,"has_stairs":false}},{"type":"Feature","geometry":{"type":"LineString","coordinates":[[-80.42112143373505,37.22186774581724],[-80.42117893620822,37.22191710229675],[-80.42124954887387,37.22198078392597],[-80.42126560006594,37.221996817827346]]},"properties":{"id":"E6192","from":"N621","to":"N633","length":19.2,"steep":false,"has_stairs":false}},{"type":"Feature","geometry":{"type":"LineString","coordinates":[[-80.42257595275315,37.223572183269596],[-80.42256139584973,37.22352483810418]]},"properties":{"id":"E6193","from":"N634","to":"N635","length":5.4,"steep":false,"has_stairs":false}},{"type":"Feature","geometry":{"type":"LineString","coordinates":[[-80.4219813464483,37.222225899284325],[-80.42192976197336,37.222185159513515]]},"properties":{"id":"E6194","from":"N601","to":"N636","length":6.4,"steep":false,"has_stairs":false}},{"type":"Feature","geometry":{"type":"LineString","coordinates":[[-80.41638964098996,37.22839128961387],[-80.41631523864805,37.22830666949962],[-80.41631310708176,37.22830484581191],[-80.41631130345348,37.228302697245695],[-80.41630987660223,37.228300281980246],[-80.41630886516452,37.22829766541656],[-80.41630829652829,37.228294918406455],[-80.41630818609114,37.22829211533397],[-80.41630853684352,37.228289332101234],[-80.4163093392877,37.22828664407313],[-80.41631057169494,37.2282841240366],[-80.41631220069388,37.228281840229656],[-80.41631418217419,37.22827985449365],[-80.41631646248098,37.22827822059871],[-80.41631897986767,37.228276982787754],[-80.41638055427845,37.22826495419595],[-80.41643857639738,37.22825179778979],[-80.416494920777,37.22823269364903],[-80.41651517357454,37.228222825680355],[-80.41652520004925,37.228217922757715],[-80.41653587225484,37.22821465582138],[-80.41654692516833,37.22821310599922],[-80.4165580843126,37.22821331177798],[-80.41656907257246,37.22821526804756],[-80.41657961707634,37.228218926227896],[-80.41658945597244,37.22822419547535]]},"properties":{"id":"E6196","from":"N112","to":"N637","length":40.9,"steep":false,"has_stairs":false}},{"type":"Feature","geometry":{"type":"LineString","coordinates":[[-80.4220359473519,37.22370312037203],[-80.42196180230775,37.22366643241169]]},"properties":{"id":"E6197-1","from":"N114","to":"N189","length":7.7,"steep":false,"has_stairs":false}},{"type":"Feature","geometry":{"type":"LineString","coordinates":[[-80.42196180230775,37.22366643241169],[-80.42182538782109,37.223598931327025]]},"properties":{"id":"E6197-2","from":"N189","to":"N638","length":14.2,"steep":false,"has_stairs":false}},{"type":"Feature","geometry":{"type":"LineString","coordinates":[[-80.42182538782109,37.223598931327025],[-80.4217231912479,37.22354836145886]]},"properties":{"id":"E6197-3","from":"N638","to":"N455","length":10.7,"steep":false,"has_stairs":false}},{"type":"Feature","geometry":{"type":"LineString","coordinates":[[-80.42457075962997,37.22246408515327],[-80.4244014631263,37.22251441425566],[-80.42448400626041,37.22270022511949]]},"properties":{"id":"E6198","from":"N639","to":"N640","length":37.9,"steep":false,"has_stairs":false}},{"type":"Feature","geometry":{"type":"LineString","coordinates":[[-80.41992931427438,37.218410367040235],[-80.4199445616398,37.21840688971827],[-80.41996028826826,37.21840346858905],[-80.41997646095668,37.218400171788666],[-80.419993048778,37.21839706831746],[-80.42001001742564,37.218394227230704],[-80.42002733705338,37.21839171570874],[-80.42004497340056,37.21838960460869],[-80.42006287928811,37.21838794426839],[-80.42008095071147,37.21838672195926],[-80.42009906635587,37.21838590901118],[-80.42011710709087,37.218385474014816],[-80.42013495157879,37.218385387399394],[-80.42015248073503,37.21838561955741],[-80.42016957319885,37.218386140017394],[-80.420186108782,37.21838692009118],[-80.42020200807929,37.21838793944019],[-80.4202173448408,37.218389217594236],[-80.42025106465358,37.21839580894403],[-80.42036758403488,37.21842051719441]]},"properties":{"id":"E6199","from":"N641","to":"N500","length":39.6,"steep":false,"has_stairs":false}},{"type":"Feature","geometry":{"type":"LineString","coordinates":[[-80.43005171892959,37.22988543643621],[-80.43013513724597,37.229997282598376],[-80.43018071634589,37.230047423742185],[-80.43021563817241,37.23007419943528],[-80.43023699685187,37.23008884662559]]},"properties":{"id":"E6200","from":"N642","to":"N314","length":28.1,"steep":false,"has_stairs":false}},{"type":"Feature","geometry":{"type":"LineString","coordinates":[[-80.43023699685187,37.23008884662559],[-80.4302520475319,37.230115947234665],[-80.43026332422698,37.23014889759048],[-80.43027031557976,37.23017110199531],[-80.4302737906166,37.23019412022127],[-80.43027366580299,37.23021739894609],[-80.4302699441393,37.230240378585485],[-80.43026271508849,37.23026250674474],[-80.4302521524257,37.230283251497376],[-80.43022534703515,37.230330825985945],[-80.43021392994416,37.2303535609589]]},"properties":{"id":"E6200-1","from":"N314","to":"N643","length":30.9,"steep":false,"has_stairs":false}},{"type":"Feature","geometry":{"type":"LineString","coordinates":[[-80.42991901227505,37.23006726419224],[-80.4299230874296,37.23012599994013],[-80.42996932436444,37.2301982992538],[-80.42998246788154,37.230234173516735]]},"properties":{"id":"E6201","from":"N644","to":"N645","length":19.7,"steep":false,"has_stairs":false}},{"type":"Feature","geometry":{"type":"LineString","coordinates":[[-80.4176544375026,37.22764451907835],[-80.41777645781474,37.22777000029411],[-80.41784208681109,37.22783945290522]]},"properties":{"id":"E6202","from":"N646","to":"N647","length":27.3,"steep":false,"has_stairs":false}},{"type":"Feature","geometry":{"type":"LineString","coordinates":[[-80.42026455496504,37.21803662418233],[-80.42025958255452,37.21807817036206],[-80.42031375150334,37.2182031981213],[-80.42036655626208,37.218274593836796],[-80.42042616874379,37.218332285625614],[-80.42050995983247,37.218391016093726],[-80.42056143379548,37.21844526305705]]},"properties":{"id":"E6203","from":"N648","to":"N649","length":54.3,"steep":false,"has_stairs":false}},{"type":"Feature","geometry":{"type":"LineString","coordinates":[[-80.4359623865742,37.2242662875913],[-80.43594884399796,37.224569109606975],[-80.43586810950886,37.22456939725793]]},"properties":{"id":"E6204","from":"N178","to":"N650","length":40.8,"steep":false,"has_stairs":false}},{"type":"Feature","geometry":{"type":"LineString","coordinates":[[-80.4163109723005,37.23161172836053],[-80.41627759635206,37.23158866564725],[-80.41620762622438,37.23151531610612],[-80.41613620646606,37.23144133572639],[-80.41605401541284,37.23131934862927],[-80.41605215355492,37.231296935183934]]},"properties":{"id":"E6205","from":"N651","to":"N652","length":42.4,"steep":false,"has_stairs":false}},{"type":"Feature","geometry":{"type":"LineString","coordinates":[[-80.43840336042301,37.22773086730223],[-80.43838913422492,37.2277302618206],[-80.43837861334684,37.22772924302364],[-80.43836807027209,37.22772999827048],[-80.43835780203491,37.22773250628326],[-80.43834809792642,37.22773669640274],[-80.4383392313443,37.227742450579],[-80.43833145209031,37.22774960669737],[-80.43832497933244,37.227757963145685],[-80.43831999543026,37.227767284494405],[-80.43830637424897,37.22778808809136],[-80.4382960476675,37.22785418841487]]},"properties":{"id":"E6206","from":"N383","to":"N653","length":19.4,"steep":false,"has_stairs":false}},{"type":"Feature","geometry":{"type":"LineString","coordinates":[[-80.43846649159885,37.2243913912524],[-80.43863404461548,37.22433321584457]]},"properties":{"id":"E6207","from":"N654","to":"N655","length":16.2,"steep":false,"has_stairs":false}},{"type":"Feature","geometry":{"type":"LineString","coordinates":[[-80.43873852373554,37.22485988165486],[-80.43888892246198,37.22478828001832]]},"properties":{"id":"E6208","from":"N656","to":"N657","length":15.5,"steep":false,"has_stairs":false}},{"type":"Feature","geometry":{"type":"LineString","coordinates":[[-80.43810151825222,37.22549623262001],[-80.4382847283701,37.2254066901359]]},"properties":{"id":"E6209","from":"N658","to":"N659","length":19,"steep":false,"has_stairs":false}},{"type":"Feature","geometry":{"type":"LineString","coordinates":[[-80.42056143379548,37.21844526305705],[-80.42036758403488,37.21842051719441]]},"properties":{"id":"E6210","from":"N649","to":"N500","length":17.4,"steep":false,"has_stairs":false}},{"type":"Feature","geometry":{"type":"LineString","coordinates":[[-80.43763829101452,37.22460971646728],[-80.43759409185962,37.22446477820058]]},"properties":{"id":"E6211","from":"N8","to":"N660","length":16.6,"steep":false,"has_stairs":false}},{"type":"Feature","geometry":{"type":"LineString","coordinates":[[-80.41999355429874,37.218032876414746],[-80.42007063910256,37.21801774086263]]},"properties":{"id":"E6212","from":"N661","to":"N662","length":7,"steep":false,"has_stairs":false}},{"type":"Feature","geometry":{"type":"LineString","coordinates":[[-80.4385858740908,37.227434614586286],[-80.4386378907979,37.22731975412042],[-80.43884534003023,37.22737128919189],[-80.43883090992757,37.22741136028223],[-80.43879460625078,37.227402340765735]]},"properties":{"id":"E6213","from":"N384","to":"N663","length":40.8,"steep":false,"has_stairs":false}},{"type":"Feature","geometry":{"type":"LineString","coordinates":[[-80.43848806805433,37.227171123315024],[-80.43815707675198,37.227191667623835]]},"properties":{"id":"E6214","from":"N664","to":"N665","length":29.4,"steep":false,"has_stairs":false}},{"type":"Feature","geometry":{"type":"LineString","coordinates":[[-80.43815707675198,37.227191667623835],[-80.43814887963842,37.22720691134806]]},"properties":{"id":"E6215","from":"N665","to":"N666","length":1.8,"steep":false,"has_stairs":false}},{"type":"Feature","geometry":{"type":"LineString","coordinates":[[-80.43823959100538,37.22759551310212],[-80.43829552271089,37.22759414944966]]},"properties":{"id":"E6216","from":"N667","to":"N668","length":5,"steep":false,"has_stairs":false}},{"type":"Feature","geometry":{"type":"LineString","coordinates":[[-80.43829552271089,37.22759414944966],[-80.43831104079442,37.22754810938455],[-80.43827847944377,37.22751412847328],[-80.4383294067223,37.227414101355514],[-80.43838298715588,37.22742695798006]]},"properties":{"id":"E6216-1","from":"N668","to":"N669","length":27,"steep":false,"has_stairs":false}},{"type":"Feature","geometry":{"type":"LineString","coordinates":[[-80.43804295569369,37.22715732146284],[-80.43806756108613,37.22705028741754],[-80.43848806805433,37.227171123315024]]},"properties":{"id":"E6217","from":"N670","to":"N664","length":51.7,"steep":false,"has_stairs":false}},{"type":"Feature","geometry":{"type":"LineString","coordinates":[[-80.43878895895692,37.225730001669454],[-80.43871007653426,37.2255958107757]]},"properties":{"id":"E6218","from":"N671","to":"N672","length":16.5,"steep":false,"has_stairs":false}},{"type":"Feature","geometry":{"type":"LineString","coordinates":[[-80.4386521711159,37.22561773382482],[-80.43871007653426,37.2255958107757]]},"properties":{"id":"E6219","from":"N673","to":"N672","length":5.7,"steep":false,"has_stairs":false}},{"type":"Feature","geometry":{"type":"LineString","coordinates":[[-80.43871007653426,37.2255958107757],[-80.43888959609743,37.225527854247]]},"properties":{"id":"E6219-1","from":"N672","to":"N674","length":17.6,"steep":false,"has_stairs":false}},{"type":"Feature","geometry":{"type":"LineString","coordinates":[[-80.43812316535069,37.225215764232516],[-80.43802934928956,37.22535059380105]]},"properties":{"id":"E6220","from":"N675","to":"N676","length":17.1,"steep":false,"has_stairs":false}},{"type":"Feature","geometry":{"type":"LineString","coordinates":[[-80.4378494863069,37.22633670851179],[-80.43795527045138,37.22611457439098],[-80.4379630022943,37.22610682610173],[-80.43797183965951,37.22610036712681],[-80.4379815697943,37.22609535296107],[-80.43799195845317,37.22609190431668],[-80.43800275553716,37.22609010421709],[-80.43801370111478,37.226089995998315],[-80.43806559183228,37.226103936800804]]},"properties":{"id":"E6221","from":"N677","to":"N678","length":37.4,"steep":false,"has_stairs":false}},{"type":"Feature","geometry":{"type":"LineString","coordinates":[[-80.43720978949808,37.22458886678838],[-80.4372090246712,37.22460557203165],[-80.43720498126964,37.22461267735877],[-80.43719988878432,37.22461907277612],[-80.43719386947409,37.224624604744484],[-80.43718706784867,37.22462914045407],[-80.4371796471994,37.22463257101296],[-80.43717178567896,37.224634814061346],[-80.4371636720243,37.22463581574882],[-80.43715550102554,37.22463555202718],[-80.43689785270111,37.22463279790905]]},"properties":{"id":"E6222","from":"N679","to":"N137","length":30.9,"steep":false,"has_stairs":false}},{"type":"Feature","geometry":{"type":"LineString","coordinates":[[-80.43638551091959,37.224221108146786],[-80.4363864661088,37.22406507834028]]},"properties":{"id":"E6223","from":"N680","to":"N681","length":17.3,"steep":false,"has_stairs":false}},{"type":"Feature","geometry":{"type":"LineString","coordinates":[[-80.4363864661088,37.22406507834028],[-80.4363870847677,37.223964115321046],[-80.43639280178397,37.223954230072955],[-80.43639991065812,37.22394529327749],[-80.43640825674062,37.22393749934961],[-80.43641765846714,37.22393101784182],[-80.43642791130841,37.223925989755664],[-80.43643879221969,37.22392252447432],[-80.43647387866704,37.22391725496343]]},"properties":{"id":"E6223-1","from":"N681","to":"N682","length":21.1,"steep":false,"has_stairs":false}},{"type":"Feature","geometry":{"type":"LineString","coordinates":[[-80.42261489753189,37.23175476434972],[-80.42265809698827,37.23178979023855]]},"properties":{"id":"E6224","from":"N683","to":"N290","length":5.5,"steep":false,"has_stairs":false}},{"type":"Feature","geometry":{"type":"LineString","coordinates":[[-80.42024100446153,37.21798428955882],[-80.42026455496504,37.21803662418233]]},"properties":{"id":"E6225","from":"N684","to":"N648","length":6.2,"steep":false,"has_stairs":false}},{"type":"Feature","geometry":{"type":"LineString","coordinates":[[-80.41997816072161,37.2251303618417],[-80.42004428613703,37.22504556532843],[-80.42010866888674,37.224940828337516]]},"properties":{"id":"E6226","from":"N593","to":"N685","length":24.1,"steep":false,"has_stairs":false}},{"type":"Feature","geometry":{"type":"LineString","coordinates":[[-80.4173113708699,37.22843746568248],[-80.41735939117385,37.22840008290642]]},"properties":{"id":"E6227","from":"N48","to":"N686","length":5.9,"steep":false,"has_stairs":false}},{"type":"Feature","geometry":{"type":"LineString","coordinates":[[-80.41908669145465,37.22826110664801],[-80.41893973920847,37.228107231632606],[-80.4187840681274,37.228086362242486]]},"properties":{"id":"E6228","from":"N41","to":"N687","length":35.5,"steep":false,"has_stairs":false}},{"type":"Feature","geometry":{"type":"LineString","coordinates":[[-80.41941464978935,37.22644257774302],[-80.41948474934307,37.22644184714285],[-80.41955463364387,37.22644738480594],[-80.41962374331005,37.226459146406626],[-80.41969152516042,37.2264770378004],[-80.41975743664213,37.22650091577744]]},"properties":{"id":"E6229","from":"N457","to":"N688","length":31.4,"steep":false,"has_stairs":false}},{"type":"Feature","geometry":{"type":"LineString","coordinates":[[-80.41684688902474,37.23038276208619],[-80.4166548116934,37.23018613116609]]},"properties":{"id":"E6231","from":"N689","to":"N690","length":27.7,"steep":false,"has_stairs":false}},{"type":"Feature","geometry":{"type":"LineString","coordinates":[[-80.4209148163395,37.22577125893979],[-80.42088144113292,37.22579911179506],[-80.42083975047052,37.2258197915108],[-80.42079992508032,37.225843868476325],[-80.42076224116953,37.22587117570691],[-80.42077081228,37.225878115797876]]},"properties":{"id":"E6232","from":"N691","to":"N692","length":18.7,"steep":false,"has_stairs":false}},{"type":"Feature","geometry":{"type":"LineString","coordinates":[[-80.42024100446153,37.21798428955882],[-80.42023469909036,37.21793254319583],[-80.4203397132639,37.21796538525171]]},"properties":{"id":"E6233","from":"N684","to":"N693","length":15.8,"steep":false,"has_stairs":false}},{"type":"Feature","geometry":{"type":"LineString","coordinates":[[-80.4219814458571,37.23177878712799],[-80.42204699915051,37.231731622903126],[-80.42211187332028,37.23168997201729]]},"properties":{"id":"E6234","from":"N694","to":"N695","length":15.2,"steep":false,"has_stairs":false}},{"type":"Feature","geometry":{"type":"LineString","coordinates":[[-80.42211187332028,37.23168997201729],[-80.42212333514789,37.231715628713914],[-80.42273910873791,37.23219922680877]]},"properties":{"id":"E6234-1","from":"N695","to":"N696","length":79.6,"steep":false,"has_stairs":false}},{"type":"Feature","geometry":{"type":"LineString","coordinates":[[-80.42255547786856,37.23252427226298],[-80.42275142810327,37.232379896992974]]},"properties":{"id":"E6235","from":"N697","to":"N698","length":23.6,"steep":false,"has_stairs":false}},{"type":"Feature","geometry":{"type":"LineString","coordinates":[[-80.42007063910256,37.21801774086263],[-80.42024100446153,37.21798428955882]]},"properties":{"id":"E6236","from":"N662","to":"N684","length":15.5,"steep":false,"has_stairs":false}},{"type":"Feature","geometry":{"type":"LineString","coordinates":[[-80.42545563441422,37.228772232408986],[-80.42534106072563,37.22871341341829],[-80.42521825007536,37.22861115258974]]},"properties":{"id":"E6237-1","from":"N628","to":"N699","length":27.8,"steep":false,"has_stairs":false}},{"type":"Feature","geometry":{"type":"LineString","coordinates":[[-80.41850778574513,37.227731853972685],[-80.4184499199067,37.22772958949104]]},"properties":{"id":"E6240","from":"N464","to":"N700","length":5.1,"steep":false,"has_stairs":false}},{"type":"Feature","geometry":{"type":"LineString","coordinates":[[-80.4184499199067,37.22772958949104],[-80.41830839584475,37.22773789218778],[-80.41816664434282,37.227740015060924],[-80.41802493512206,37.227735954071115]]},"properties":{"id":"E6240-1","from":"N700","to":"N701","length":37.7,"steep":false,"has_stairs":false}},{"type":"Feature","geometry":{"type":"LineString","coordinates":[[-80.4181554517327,37.224997885089934],[-80.41814396564799,37.2249663015965]]},"properties":{"id":"E6241","from":"N702","to":"N703","length":3.7,"steep":false,"has_stairs":false}},{"type":"Feature","geometry":{"type":"LineString","coordinates":[[-80.42036505496074,37.2247303442294],[-80.4204191247559,37.224767821268365],[-80.42053287002786,37.224843021145176],[-80.42059800292682,37.22488757161148],[-80.42070679609938,37.22496236791382],[-80.42077805149452,37.22500789478726]]},"properties":{"id":"E6242","from":"N704","to":"N705","length":47.9,"steep":false,"has_stairs":false}},{"type":"Feature","geometry":{"type":"LineString","coordinates":[[-80.42319851809235,37.23217358506034],[-80.42310322502334,37.2321449013314],[-80.42297535742127,37.23209483532051],[-80.42292775596464,37.23206962860267],[-80.42274717708845,37.231955304329794],[-80.42273839107561,37.23195168018799],[-80.42273035757393,37.23194660167678],[-80.42272331506358,37.231940219555376],[-80.42271747260651,37.231932723281574],[-80.42271300364018,37.23192433538759],[-80.42271004082906,37.231915304874],[-80.42270867212626,37.23190589981801],[-80.42270893816271,37.23189639941538]]},"properties":{"id":"E6243","from":"N706","to":"N707","length":55,"steep":false,"has_stairs":false}},{"type":"Feature","geometry":{"type":"LineString","coordinates":[[-80.42270893816271,37.23189639941538],[-80.42271083104094,37.23188708569231],[-80.42271429456952,37.23187823513326],[-80.42271922593112,37.23187011047337],[-80.42272547873478,37.231862952898936],[-80.4229471569963,37.23171725692334],[-80.42295576441984,37.231712695613126],[-80.4229649915753,37.2317095726509],[-80.42297459994838,37.23170796876263],[-80.42298434117065,37.231707925407484],[-80.42299396343961,37.23170944370617],[-80.42300321802763,37.23171248441192],[-80.42304582900542,37.23173250350607]]},"properties":{"id":"E6243-1","from":"N707","to":"N569","length":39.2,"steep":false,"has_stairs":false}},{"type":"Feature","geometry":{"type":"LineString","coordinates":[[-80.43756584145878,37.22600430604671],[-80.43755051781753,37.225979156680005],[-80.43746191530359,37.22582591636582]]},"properties":{"id":"E6244","from":"N708","to":"N133","length":21.9,"steep":false,"has_stairs":false}},{"type":"Feature","geometry":{"type":"LineString","coordinates":[[-80.43869375294184,37.22396891011197],[-80.43857171156026,37.22394050880201],[-80.43838860501313,37.22401049673681],[-80.43838548330464,37.22401207606155],[-80.43838265172643,37.22401413068935],[-80.43838018201771,37.224016608565336],[-80.4383781367496,37.2240194469115],[-80.43837656773984,37.224022573817145],[-80.43837551473992,37.2240259100608],[-80.43837500442805,37.22402937111734],[-80.4383750497332,37.224032869299435],[-80.43837564950753,37.22403631597919],[-80.43837678855553,37.22403962383351],[-80.43842881720867,37.22412828591552],[-80.43852930419321,37.22409504379131]]},"properties":{"id":"E6245","from":"N709","to":"N710","length":53.4,"steep":false,"has_stairs":false}},{"type":"Feature","geometry":{"type":"LineString","coordinates":[[-80.43865449535497,37.22398356988163],[-80.43869375294184,37.22396891011197]]},"properties":{"id":"E6246","from":"N711","to":"N709","length":3.8,"steep":false,"has_stairs":false}},{"type":"Feature","geometry":{"type":"LineString","coordinates":[[-80.43869375294184,37.22396891011197],[-80.43880684917796,37.22392671907833]]},"properties":{"id":"E6246-1","from":"N709","to":"N712","length":11.1,"steep":false,"has_stairs":false}},{"type":"Feature","geometry":{"type":"LineString","coordinates":[[-80.42026455496504,37.21803662418233],[-80.4203397132639,37.21796538525171]]},"properties":{"id":"E6247","from":"N648","to":"N693","length":10.3,"steep":false,"has_stairs":false}},{"type":"Feature","geometry":{"type":"LineString","coordinates":[[-80.4203397132639,37.21796538525171],[-80.42047902266181,37.2179265733497]]},"properties":{"id":"E6248","from":"N693","to":"N713","length":13.1,"steep":false,"has_stairs":false}},{"type":"Feature","geometry":{"type":"LineString","coordinates":[[-80.42426452258765,37.22353799604248],[-80.42410867233441,37.22358256889068],[-80.4240067843635,37.22360810380754],[-80.42399550880349,37.22361148625283]]},"properties":{"id":"E6249","from":"N86","to":"N714","length":25.2,"steep":false,"has_stairs":false}},{"type":"Feature","geometry":{"type":"LineString","coordinates":[[-80.42227809429116,37.22419233950419],[-80.42226860139235,37.224172878607106]]},"properties":{"id":"E6250","from":"N715","to":"N716","length":2.3,"steep":false,"has_stairs":false}},{"type":"Feature","geometry":{"type":"LineString","coordinates":[[-80.42241455198467,37.224127348268446],[-80.42243982939135,37.2241800004401],[-80.4225433077286,37.224172782979366],[-80.42266978699455,37.22414671539512],[-80.42271856569754,37.224154933650134],[-80.42313936697143,37.22403178412829],[-80.42310675643087,37.22395931071383]]},"properties":{"id":"E6251","from":"N717","to":"N718","length":79.7,"steep":false,"has_stairs":false}},{"type":"Feature","geometry":{"type":"LineString","coordinates":[[-80.42478566845351,37.223246780153914],[-80.4247779731289,37.22318499566179],[-80.42476360747901,37.22317158901444],[-80.4246920572965,37.22302078063694]]},"properties":{"id":"E6252","from":"N719","to":"N720","length":26.8,"steep":false,"has_stairs":false}},{"type":"Feature","geometry":{"type":"LineString","coordinates":[[-80.41681856686134,37.226889134789914],[-80.41723419393645,37.22732981010775],[-80.41724573014328,37.2273469056858],[-80.41732965581177,37.22742850554672],[-80.41741717176099,37.22750624237046],[-80.4174838741821,37.2275530451639],[-80.41755388188959,37.22759474211041],[-80.41762680482053,37.227631100886526]]},"properties":{"id":"E6253","from":"N721","to":"N722","length":110,"steep":false,"has_stairs":false}},{"type":"Feature","geometry":{"type":"LineString","coordinates":[[-80.41762680482053,37.227631100886526],[-80.4176544375026,37.22764451907835]]},"properties":{"id":"E6253-1","from":"N722","to":"N646","length":2.9,"steep":false,"has_stairs":false}},{"type":"Feature","geometry":{"type":"LineString","coordinates":[[-80.41658945597244,37.22822419547535],[-80.41643368676077,37.22805508293952],[-80.41641830862831,37.228040441656375],[-80.41629672688836,37.227911118806716],[-80.416292019902,37.2279030323266],[-80.41628530937048,37.22789586397758],[-80.41627747273189,37.22788994759721],[-80.41626874045645,37.22788545718224],[-80.41625936935444,37.22788252479271],[-80.41624963502363,37.22788123666821],[-80.41623982374406,37.22788163069161],[-80.41623022405882,37.227883695274954],[-80.41622111828814,37.227887369700234],[-80.41621277422652,37.22789254590511],[-80.41620543726718,37.2278990716609],[-80.4153429838391,37.22847747207692],[-80.41488552054838,37.2287851039072]]},"properties":{"id":"E6254","from":"N637","to":"N723","length":206.4,"steep":false,"has_stairs":false}},{"type":"Feature","geometry":{"type":"LineString","coordinates":[[-80.41941730477893,37.224588708691456],[-80.41942874922904,37.22456988229463],[-80.41945752188468,37.22455937022374],[-80.41948752468915,37.22455318952221],[-80.41951810941403,37.22455147372778],[-80.41954861525821,37.224554259911194],[-80.4195783831248,37.224561487875306],[-80.41962006413864,37.22457522691748],[-80.4196410621437,37.22452970240064]]},"properties":{"id":"E6255","from":"N724","to":"N725","length":25.4,"steep":false,"has_stairs":false}},{"type":"Feature","geometry":{"type":"LineString","coordinates":[[-80.42087118061494,37.23092789525036],[-80.42094261278832,37.23088616622829]]},"properties":{"id":"E6256","from":"N726","to":"N499","length":7.8,"steep":false,"has_stairs":false}},{"type":"Feature","geometry":{"type":"LineString","coordinates":[[-80.41851202884709,37.22372923230737],[-80.41862590471227,37.22364884190928],[-80.4187934237587,37.223526839668075],[-80.4189415349022,37.223429322359166],[-80.41897045929252,37.22341491110163]]},"properties":{"id":"E6257","from":"N727","to":"N728","length":53.6,"steep":false,"has_stairs":false}},{"type":"Feature","geometry":{"type":"LineString","coordinates":[[-80.41540993725081,37.21877390934076],[-80.415424718433,37.2187825173375],[-80.41547647132951,37.21874991720485],[-80.41549256198891,37.21873938056203],[-80.41554778423678,37.218748150570676]]},"properties":{"id":"E6258","from":"N595","to":"N729","length":14.3,"steep":false,"has_stairs":false}},{"type":"Feature","geometry":{"type":"LineString","coordinates":[[-80.42614170388336,37.221006368481476],[-80.42611758734654,37.22102449117087]]},"properties":{"id":"E6260","from":"N187","to":"N15","length":2.9,"steep":false,"has_stairs":false}},{"type":"Feature","geometry":{"type":"LineString","coordinates":[[-80.42611758734654,37.22102449117087],[-80.42610265785791,37.22103571062313],[-80.4260599334649,37.221076103919344],[-80.42603736622895,37.221105478159224],[-80.42603322895552,37.22112000945719]]},"properties":{"id":"E6260-1","from":"N15","to":"N185","length":13.2,"steep":false,"has_stairs":false}},{"type":"Feature","geometry":{"type":"LineString","coordinates":[[-80.42603322895552,37.22112000945719],[-80.42602939939349,37.221144568813195]]},"properties":{"id":"E6260-2","from":"N185","to":"N730","length":2.8,"steep":false,"has_stairs":false}},{"type":"Feature","geometry":{"type":"LineString","coordinates":[[-80.42163796185802,37.223287436439854],[-80.42159241242715,37.223280167661976],[-80.42154824443729,37.22326687200635],[-80.42150625156481,37.22324778838914],[-80.42146718840024,37.223223259733246],[-80.42143175688881,37.223193726806144],[-80.42140059371674,37.22315972029952],[-80.42137425887042,37.223121851293],[-80.42135322557361,37.223080800273394],[-80.42133787178399,37.223037304906626]]},"properties":{"id":"E6261","from":"N453","to":"N93","length":41,"steep":false,"has_stairs":false}},{"type":"Feature","geometry":{"type":"LineString","coordinates":[[-80.41992931427438,37.218410367040235],[-80.41997986136482,37.21839411483705],[-80.41998163499552,37.21839344156816],[-80.41998339143076,37.218392756862286],[-80.41998512956697,37.21839206163874],[-80.41998685161128,37.21839135405897],[-80.4199885553336,37.218390635060544],[-80.4199902407111,37.218389903742604],[-80.41999190659423,37.21838915922257],[-80.419993553006,37.21838840240126],[-80.41999517992343,37.218387632377826],[-80.4199967862201,37.218386849170585],[-80.41999837187299,37.218386051878646],[-80.41999993688219,37.218385240501995],[-80.42000148012116,37.21838441505895],[-80.42000300044045,37.21838357466696],[-80.42000449896659,37.218382719307684],[-80.4200059734466,37.21838184901772],[-80.42000742611059,37.218380962859584],[-80.42000885357899,37.218380060888265],[-80.4200102569783,37.21837914308534],[-80.42001163515916,37.21837820856836],[-80.42001298924802,37.2183772573189],[-80.42001431699191,37.21837628937361],[-80.42001561834493,37.21837530293074],[-80.42001689335302,37.218374299792046],[-80.4200181408667,37.21837327907495],[-80.42001936086307,37.21837223987861],[-80.42002055331919,37.218371181302075],[-80.4200217171315,37.21837010426456],[-80.42002237726827,37.21836947344363],[-80.42002302708315,37.21836883558046],[-80.42002366772562,37.218368191557474],[-80.4200242991727,37.21836754047384],[-80.42002492147029,37.21836688413134],[-80.42002553459544,37.21836622162907],[-80.42002613854814,37.218365552967036],[-80.42002673332841,37.218364878145245],[-80.42002731783266,37.21836419808294],[-80.42002789426803,37.21836351094164],[-80.42002846268042,37.21836281852316],[-80.42002902081676,37.21836212086416],[-80.42002957090716,37.21836141702705],[-80.42003011295164,37.21836070701187],[-80.42003064472006,37.218359991756145],[-80.42003116959201,37.218359271204946],[-80.42003168531441,37.218358545394906],[-80.42003219299089,37.21835781340674],[-80.42003269151786,37.21835707615971],[-80.42003318317117,37.21835633451813],[-80.42003366565211,37.21835558671679],[-80.42003414011,37.218354833638266],[-80.42003460656777,37.21835407618348],[-80.42003506610617,37.21835331253226],[-80.4200355165179,37.218352544523114],[-80.42003596005605,37.21835177211941],[-80.42003639554825,37.21835099353756],[-80.4200368230633,37.21835021148035],[-80.42003724365888,37.21834942322677],[-80.42003765740384,37.21834863147949],[-80.4200380631028,37.21834783355415],[-80.4200384608246,37.21834703215344],[-80.42003885167281,37.21834622635814],[-80.42003923562446,37.2183454152673],[-80.42003961270257,37.21834459978192],[-80.42003998290704,37.218343779901915],[-80.42004034623791,37.21834295562733],[-80.42004070159165,37.21834212787737],[-80.4200410511753,37.2183412948136],[-80.42004139390833,37.21834045825618],[-80.42004172976773,37.218339617304125],[-80.42004205988005,37.21833877193917],[-80.42004238314163,37.218337923080526],[-80.42004269955262,37.21833707072818],[-80.42004301019357,37.21833621306206],[-80.4200433140067,37.21833535280311],[-80.42004361207276,37.21833448813128],[-80.42004390441465,37.218333619947444],[-80.42004418990588,37.21833274826989],[-80.4200444696729,37.218331873080345],[-80.42004474481934,37.218330993459574],[-80.42004501313804,37.21833011124602],[-80.42004527570963,37.21832922461954],[-80.42004553257992,37.21832833538198],[-80.42004578372607,37.218327442632386],[-80.42004603029747,37.218326547253405],[-80.42004627112175,37.21832564746146],[-80.42004650624473,37.21832474505844],[-80.42004673679301,37.218323840026],[-80.4200469616171,37.21832293148155],[-80.42004718184346,37.21832201940676],[-80.42004739636866,37.21832110472091],[-80.42004760631905,37.21832018740558],[-80.42004781169464,37.21831926746087],[-80.42004801136902,37.218318344905],[-80.42004820757218,37.21831741880054],[-80.42004839809702,37.218316490985856],[-80.4200485851507,37.21831555962254],[-80.42004876652605,37.21831462654899],[-80.42004894445314,37.218313690827735],[-80.42004911780543,37.21831275247704],[-80.42004928658298,37.218311811496925],[-80.4200494519352,37.21831086876994],[-80.42004961271266,37.218309923413536],[-80.42004976893827,37.21830897632865],[-80.42004992171563,37.21830802659599],[-80.42005007104471,37.218307074215595],[-80.42005021584488,37.21830612100759],[-80.4200503571968,37.218305165151854],[-80.42005049512338,37.218304207549224],[-80.42005062962464,37.21830324819976],[-80.42005076070053,37.21830228710353],[-80.42005088722458,37.21830132427872],[-80.42005101144983,37.21830035968877],[-80.42005113224967,37.21829939335195],[-80.42005124962421,37.21829842526833],[-80.42005136472282,37.21829745632043],[-80.42005147639614,37.218296485625686],[-80.42005158464406,37.218295513184096],[-80.42005169061608,37.218294539878265],[-80.42005179316277,37.21829356482557],[-80.42005189343351,37.21829258890865],[-80.4200519902789,37.21829161124486],[-80.4200520859749,37.21829063269849],[-80.42005217826852,37.218289653306215],[-80.42005226828614,37.21828867304964],[-80.4200523560279,37.21828769192884],[-80.42005244149375,37.218286709943754],[-80.42005252466066,37.21828572619354],[-80.42005260557467,37.21828474248],[-80.42005268533919,37.21828375788379],[-80.42005276172424,37.21828277334262],[-80.42005283693695,37.21828178701796],[-80.42005291102313,37.21828080071159],[-80.42005298283343,37.21827981354098],[-80.4200530523907,37.21827882640701],[-80.42005312082148,37.21827783929139],[-80.42005318810286,37.2182768512932],[-80.42005325423477,37.21827586241238],[-80.42005331813664,37.21827487446915],[-80.42005338088906,37.218273885643306],[-80.42005344251497,37.218272896835835],[-80.4200535030144,37.218271908046646],[-80.42005356351382,37.21827091925751],[-80.42005362176023,37.21826993050498],[-80.42005367890307,37.218268942671706],[-80.420053736023,37.21826795393748],[-80.4200537931658,37.218266966104224],[-80.4200538480556,37.218265978307606],[-80.42005390294541,37.21826499051094],[-80.42005395785819,37.218264003615204],[-80.42005401166735,37.218263017638755],[-80.42005406547648,37.21826203166225],[-80.42005411928562,37.21826104568577],[-80.42005417201406,37.21826006152941],[-80.42005422474254,37.21825907737307],[-80.42005427862041,37.218258094099305],[-80.42005433139472,37.2182571117448],[-80.42005438660897,37.218256092398],[-80.42005444186913,37.21825507485305],[-80.42005449715211,37.218254058209],[-80.42005455243515,37.21825304156495],[-80.42005460776403,37.21825202672274],[-80.42005466424224,37.218251012763076],[-80.42005471961696,37.21824999972266],[-80.42005477611814,37.21824898666393],[-80.42005483153862,37.21824797542535],[-80.42005488810854,37.21824696506932],[-80.42005494470139,37.21824595561421],[-80.42005500019066,37.218244947078304],[-80.42005505682931,37.21824393942505],[-80.4200551134909,37.21824293267269],[-80.42005517015244,37.218241925920296],[-80.42005522685984,37.218240920969706],[-80.42005528359016,37.218239916920105],[-80.42005534146988,37.21823891375301],[-80.42005539822311,37.218237910604266],[-80.42005545502218,37.21823690925733],[-80.42005551297066,37.21823590879303],[-80.42005556979261,37.218234908346986],[-80.42005562778691,37.21823390968446],[-80.42005568580414,37.21823291192289],[-80.42005574269486,37.21823191417957],[-80.4200558007579,37.218230918219774],[-80.42005585882092,37.21822992225998],[-80.42005591690685,37.218228927201054],[-80.42005597501571,37.21822793304311],[-80.42005603317038,37.21822694068694],[-80.42005609132511,37.218225948330776],[-80.42005614950271,37.21822495687557],[-80.4200562088297,37.21822396630289],[-80.42005626705314,37.21822297664944],[-80.42005632640307,37.218221986977674],[-80.42005638467232,37.21822099912606],[-80.42005644409103,37.21822001215701],[-80.42005650238318,37.218219025206324],[-80.42005656182475,37.21821803913819],[-80.42005662131218,37.218217054871886],[-80.42005667967307,37.2182160706239],[-80.42005673918338,37.2182150872585],[-80.42005679871664,37.21821410479404],[-80.42005685824986,37.21821312232954],[-80.42005691782894,37.21821214166686],[-80.42005697853452,37.21821116098585],[-80.42005703815938,37.21821018212501],[-80.4200570977843,37.21820920326417],[-80.42005715743207,37.21820822530423],[-80.4200572182293,37.218207248226854],[-80.4200572779229,37.21820627206876],[-80.42005733874304,37.218205295892254],[-80.42005739848251,37.218204321535985],[-80.42005745934843,37.218203347161335],[-80.42005752023731,37.2182023736876],[-80.42005758002261,37.21820140113313],[-80.42005764093439,37.21820042856032],[-80.42005770189198,37.2181994577893],[-80.42005776284958,37.21819848701833],[-80.42005782383012,37.21819751714825],[-80.42005788483357,37.21819654817907],[-80.42005794585987,37.21819558011077],[-80.42005800801276,37.21819461202418],[-80.42005806908487,37.21819364575773],[-80.42005813015707,37.218192679491274],[-80.42005819125214,37.21819171412574],[-80.42005825347374,37.21819074874191],[-80.42005831461466,37.218189785178126],[-80.42005837688208,37.21818882159608],[-80.42005843917238,37.21818785891492],[-80.42005850035913,37.21818689715305],[-80.42005856267235,37.218185935372794],[-80.42005862500851,37.21818497449349],[-80.42005868624108,37.21818401453341],[-80.42005874862305,37.21818305545586],[-80.42005881100503,37.21818209637836],[-80.42005887343281,37.21818113910269],[-80.42005893586061,37.21818018182699],[-80.42005899828841,37.218179224551314],[-80.42005906188851,37.21817826905914],[-80.42005912436218,37.21817731358523],[-80.42005918685872,37.21817635901228],[-80.42005924935526,37.21817540443933],[-80.42005931300119,37.21817445074897],[-80.42005937554354,37.218173497977766],[-80.42005943923536,37.21817254608925],[-80.42005950180062,37.21817159421901],[-80.4200595655153,37.21817064323134],[-80.42005962812638,37.218169693162935],[-80.42005969186401,37.21816874307616],[-80.42005975562452,37.21816779389033],[-80.42005981828143,37.21816684562374],[-80.42005988208776,37.218165898239725],[-80.42005994589412,37.21816495085567],[-80.42006000970044,37.218164003471685],[-80.42006007355262,37.21816305788947],[-80.42006013740479,37.21816211230729],[-80.42006020125693,37.21816116672509],[-80.42006026515494,37.218160222944725],[-80.42006032905293,37.21815927916433],[-80.42006039295089,37.21815833538393],[-80.42006045802123,37.218157393387045],[-80.42006052196507,37.21815645140849],[-80.42006058590886,37.21815550942993],[-80.4200606510021,37.21815456833396],[-80.42006071499172,37.21815362815718],[-80.42006078010787,37.21815268796214],[-80.4200608441204,37.218151748686296],[-80.42006090928238,37.218150810293025],[-80.42006097331783,37.2181498719181],[-80.42006103850272,37.21814893442579],[-80.42006110368756,37.218147996933396],[-80.42006116889536,37.218147060341984],[-80.4200612329996,37.21814612466978],[-80.42006129823027,37.21814518897924],[-80.42006136348388,37.218144254189674],[-80.42006142873753,37.2181433194],[-80.42006149401402,37.21814238551132],[-80.42006155929055,37.21814145162261],[-80.42006162459,37.21814051863482],[-80.42006168991232,37.2181395865479],[-80.42006175523467,37.218138654461],[-80.42006182055705,37.2181377223741],[-80.42006188705172,37.218136792070716],[-80.42006195239694,37.21813586088475],[-80.42006201778804,37.218134931500586],[-80.4200620842827,37.218134001197186],[-80.42006214969672,37.218133072713925],[-80.42006221508778,37.21813214332975],[-80.42006228165118,37.21813121572909],[-80.4200623470881,37.2181302881467],[-80.42006241365152,37.21812936054603],[-80.42006247911135,37.21812843386461],[-80.42006254569766,37.21812750716484],[-80.42006261230691,37.218126581365986],[-80.42006267781251,37.21812565648639],[-80.42006274442174,37.21812473068752],[-80.4200628110768,37.21812380669047],[-80.42006287660537,37.21812288271178],[-80.42006294326042,37.21812195871471],[-80.42006300993839,37.21812103561857],[-80.42006307661636,37.218120112522485],[-80.42006314331724,37.21811919032724],[-80.42006321001811,37.21811826813202],[-80.42006327674191,37.2181173468377],[-80.42006334346569,37.2181164255434],[-80.42006341018947,37.21811550424912],[-80.42006347693618,37.21811458385571],[-80.4200635437058,37.21811366436317],[-80.4200636104754,37.218112744870695],[-80.4200636783715,37.21811182535987],[-80.42006374516401,37.21811090676828],[-80.42006381195652,37.21810998817671],[-80.42006387874906,37.21810906958513],[-80.42006394669099,37.21810815187611],[-80.42006401352933,37.21810723508632],[-80.42006408036768,37.218106318296606],[-80.42006414833256,37.21810540148848],[-80.4200642151709,37.21810448469869],[-80.42006428315864,37.218103568791484],[-80.4200643500428,37.21810265380357],[-80.42006441805346,37.21810173879731],[-80.42006448493763,37.21810082380935],[-80.42006455294826,37.218099908803076],[-80.42006461985534,37.21809899471602],[-80.42006468791188,37.21809808151156],[-80.42006475594545,37.21809716740618],[-80.42006482287543,37.21809625422008],[-80.42006489095479,37.21809534191653],[-80.42006495903424,37.21809442961299],[-80.42006502711362,37.218093517309434],[-80.42006509406652,37.21809260502422],[-80.42006516216881,37.21809169362157],[-80.4200652302711,37.218090782218916],[-80.42006529839637,37.2180898717172],[-80.42006536649865,37.218088960314546],[-80.42006543464676,37.21808805071375],[-80.420065502772,37.21808714021198],[-80.42006557092013,37.218086230611156],[-80.42006563906824,37.21808532101036],[-80.42006570721635,37.2180844114095],[-80.42006577538743,37.21808350270961],[-80.42006584355845,37.218082594009694],[-80.42006591172947,37.21808168530978],[-80.4200659799234,37.218080777510764],[-80.42006604811738,37.218079869711765],[-80.42006611631133,37.218078961912745],[-80.42006618565469,37.2180780549963],[-80.42006625384862,37.2180771471973],[-80.42006632206545,37.218076240299226],[-80.42006639030522,37.21807533430204],[-80.4200664585221,37.218074427403906],[-80.42006652788832,37.21807352138838],[-80.42006659612814,37.21807261539119],[-80.4200666643908,37.218071710294936],[-80.42006673375707,37.218070804279435],[-80.42006680201973,37.218069899183156],[-80.4200668702824,37.21806899408684],[-80.42006693967159,37.21806808897229],[-80.42006700795713,37.218067184776864],[-80.42006707624272,37.21806628058154],[-80.42006714565481,37.21806537636783],[-80.42006721394038,37.21806447217243],[-80.42006728335247,37.21806356795876],[-80.42006742109596,37.21806176135152],[-80.42006755883938,37.21805995474421],[-80.42006769660578,37.21805814903787],[-80.42006783439507,37.21805634423245],[-80.42006797220726,37.21805454032795],[-80.42006811114594,37.218052736405056],[-80.42006824898105,37.218050933401436],[-80.42006838681614,37.2180491303978],[-80.42006852580064,37.21804732827682],[-80.42006866368156,37.21804552707498],[-80.42006880268895,37.218043725854855],[-80.42006894059276,37.218041925553976],[-80.42006907962306,37.21804012523476],[-80.42006921754978,37.21803832583476],[-80.42006949452967,37.21803472701644],[-80.42006977268186,37.21803112998161],[-80.42007032790555,37.218023937732134]]},"properties":{"id":"E6262","from":"N641","to":"N662","length":48.5,"steep":false,"has_stairs":false}},{"type":"Feature","geometry":{"type":"LineString","coordinates":[[-80.42240642683637,37.221966598852504],[-80.42246530735932,37.22202493427936]]},"properties":{"id":"E6263","from":"N731","to":"N732","length":8.3,"steep":false,"has_stairs":false}},{"type":"Feature","geometry":{"type":"LineString","coordinates":[[-80.42246530735932,37.22202493427936],[-80.42244671009753,37.22205267130459]]},"properties":{"id":"E6263-1","from":"N732","to":"N733","length":3.5,"steep":false,"has_stairs":false}},{"type":"Feature","geometry":{"type":"LineString","coordinates":[[-80.42240642683637,37.221966598852504],[-80.42237643790294,37.22196363537359],[-80.42235390114371,37.22196400242564],[-80.42221862729525,37.22205727374248],[-80.42220628545572,37.222066045025024]]},"properties":{"id":"E6264","from":"N731","to":"N734","length":22,"steep":false,"has_stairs":false}},{"type":"Feature","geometry":{"type":"LineString","coordinates":[[-80.41982506186476,37.22207032265906],[-80.41988634945866,37.22215518789749],[-80.41995252293417,37.22223630108386],[-80.42002335312513,37.2223133813142],[-80.42009859473876,37.22238616165111],[-80.42012317440599,37.22240713205011],[-80.42014910304208,37.222426409589]]},"properties":{"id":"E6265","from":"N735","to":"N736","length":49.1,"steep":false,"has_stairs":false}},{"type":"Feature","geometry":{"type":"LineString","coordinates":[[-80.41927637959134,37.221665612686756],[-80.41948426786374,37.22166036644133]]},"properties":{"id":"E6266","from":"N737","to":"N153","length":18.4,"steep":false,"has_stairs":false}},{"type":"Feature","geometry":{"type":"LineString","coordinates":[[-80.41915668455006,37.226254392900636],[-80.41900055460147,37.22614049570068],[-80.41873127183479,37.22594121351829],[-80.41871357394731,37.22592811627809]]},"properties":{"id":"E6268","from":"N458","to":"N565","length":53.4,"steep":false,"has_stairs":false}},{"type":"Feature","geometry":{"type":"LineString","coordinates":[[-80.42301043382496,37.22113171979442],[-80.42297880679735,37.22114106583488]]},"properties":{"id":"E6270","from":"N738","to":"N739","length":3,"steep":false,"has_stairs":false}},{"type":"Feature","geometry":{"type":"LineString","coordinates":[[-80.41822815278213,37.22554864166695],[-80.41827131340196,37.22565110084891],[-80.41829092233675,37.22569487373046],[-80.41826453478369,37.22569982519085],[-80.41824150473435,37.22570779004193],[-80.41822158200526,37.22572009993769],[-80.4182035509874,37.22573797243631],[-80.41817957922325,37.22572857318289],[-80.41816677951621,37.225765538114594],[-80.41816901878451,37.22579466716856],[-80.41817586406192,37.22582103195114]]},"properties":{"id":"E6271","from":"N740","to":"N741","length":39.5,"steep":false,"has_stairs":false}},{"type":"Feature","geometry":{"type":"LineString","coordinates":[[-80.41817586406192,37.22582103195114],[-80.41802838515395,37.22586022234258],[-80.41732130758474,37.225936000722264],[-80.41698033931401,37.22597260668602],[-80.41690884697643,37.22598093470402],[-80.41685034068934,37.22588522609495],[-80.4168729770731,37.225837165439],[-80.41738776289179,37.225206412574686],[-80.41741577850556,37.22519403444655]]},"properties":{"id":"E6272","from":"N741","to":"N742","length":217.8,"steep":false,"has_stairs":false}},{"type":"Feature","geometry":{"type":"LineString","coordinates":[[-80.41871357394731,37.22592811627809],[-80.4186472702115,37.22593383368631],[-80.41858196262653,37.225946631869256],[-80.41851840514394,37.2259663630767],[-80.41845733151098,37.22599279951928],[-80.4183895155779,37.226031990035665],[-80.41832508095798,37.22607652178962],[-80.4182644473718,37.22612610470584],[-80.41820800978037,37.22618041580625],[-80.41815613581241,37.22623910131386],[-80.41810916336969,37.22630177895723],[-80.41806739842592,37.22636804046058],[-80.41783607662681,37.22675624750452]]},"properties":{"id":"E6273","from":"N565","to":"N107","length":126.7,"steep":false,"has_stairs":false}},{"type":"Feature","geometry":{"type":"LineString","coordinates":[[-80.42051332299172,37.22338906047118],[-80.42034967389652,37.22324774245797]]},"properties":{"id":"E6274","from":"N580","to":"N743","length":21.4,"steep":false,"has_stairs":false}},{"type":"Feature","geometry":{"type":"LineString","coordinates":[[-80.42034962773333,37.223247699947514],[-80.41996493336471,37.22289548875561]]},"properties":{"id":"E6274-2","from":"N743","to":"N744","length":51.9,"steep":false,"has_stairs":false}},{"type":"Feature","geometry":{"type":"LineString","coordinates":[[-80.41822815278213,37.22554864166695],[-80.41812178741006,37.225646311490614]]},"properties":{"id":"E6275","from":"N740","to":"N745","length":14.4,"steep":false,"has_stairs":false}},{"type":"Feature","geometry":{"type":"LineString","coordinates":[[-80.41812178741006,37.225646311490614],[-80.41808762714298,37.22560667307823],[-80.4180686946051,37.225577049194506],[-80.41806265485052,37.22554978175242],[-80.41806217695222,37.225530975283526]]},"properties":{"id":"E6277","from":"N745","to":"N746","length":14.2,"steep":false,"has_stairs":false}},{"type":"Feature","geometry":{"type":"LineString","coordinates":[[-80.41817254577204,37.22541663615787],[-80.41822815278213,37.22554864166695]]},"properties":{"id":"E6278","from":"N747","to":"N740","length":15.5,"steep":false,"has_stairs":false}},{"type":"Feature","geometry":{"type":"LineString","coordinates":[[-80.41812215769852,37.22529702044186],[-80.4181526736058,37.22536946249642]]},"properties":{"id":"E6279","from":"N748","to":"N749","length":8.5,"steep":false,"has_stairs":false}},{"type":"Feature","geometry":{"type":"LineString","coordinates":[[-80.4223534058204,37.223599837934046],[-80.42241656725159,37.22356945720424],[-80.42256139584973,37.22352483810418]]},"properties":{"id":"E6280","from":"N116","to":"N635","length":20.3,"steep":false,"has_stairs":false}},{"type":"Feature","geometry":{"type":"LineString","coordinates":[[-80.42207567205661,37.222925401016],[-80.42196663247509,37.222949311161244],[-80.42190485300297,37.22301173380769],[-80.42184752526524,37.2230782681631],[-80.42179492220755,37.22314859744779],[-80.42174729428066,37.22322238681386],[-80.42170486824803,37.22329928493944],[-80.42166784610615,37.22337892570146]]},"properties":{"id":"E6281","from":"N750","to":"N454","length":64.9,"steep":false,"has_stairs":false}},{"type":"Feature","geometry":{"type":"LineString","coordinates":[[-80.42144880400275,37.22270138949781],[-80.421538578909,37.222720863900264],[-80.4216751694043,37.222756438128805],[-80.42178001098854,37.222788851901555],[-80.4218744549657,37.22282207569302],[-80.42195273870112,37.22285800953043]]},"properties":{"id":"E6282","from":"N451","to":"N751","length":48.1,"steep":false,"has_stairs":false}},{"type":"Feature","geometry":{"type":"LineString","coordinates":[[-80.42195273870112,37.22285800953043],[-80.42204799262133,37.22283964685151]]},"properties":{"id":"E6282-1","from":"N751","to":"N752","length":8.7,"steep":false,"has_stairs":false}},{"type":"Feature","geometry":{"type":"LineString","coordinates":[[-80.4385858740908,37.227434614586286],[-80.43860174538159,37.22744415539852],[-80.43863099004749,37.22745230039616]]},"properties":{"id":"E6283","from":"N384","to":"N753","length":4.5,"steep":false,"has_stairs":false}},{"type":"Feature","geometry":{"type":"LineString","coordinates":[[-80.41783607662681,37.22675624750452],[-80.41810488971035,37.226939999470154]]},"properties":{"id":"E6284","from":"N107","to":"N754","length":31.4,"steep":false,"has_stairs":false}},{"type":"Feature","geometry":{"type":"LineString","coordinates":[[-80.41810488971035,37.226939999470154],[-80.41811102545242,37.226996142376045],[-80.41812025121978,37.227077546631726],[-80.41815198543911,37.22712937822961],[-80.41814749458186,37.227187306447135],[-80.41813689080148,37.22724443267601],[-80.41812029349337,37.22730011369205],[-80.41809788953825,37.22735372254373],[-80.4180699311979,37.227404655611466],[-80.41803673327486,37.2274523394042]]},"properties":{"id":"E6284-1","from":"N754","to":"N755","length":59.5,"steep":false,"has_stairs":false}},{"type":"Feature","geometry":{"type":"LineString","coordinates":[[-80.42521825007536,37.22861115258974],[-80.4252845065392,37.22862099188807],[-80.42538496549844,37.228610988553136],[-80.4254091930428,37.228608207332975],[-80.42543267766187,37.228601636050165],[-80.4254548303137,37.22859143952583]]},"properties":{"id":"E6285","from":"N699","to":"N756","length":21.6,"steep":false,"has_stairs":false}},{"type":"Feature","geometry":{"type":"LineString","coordinates":[[-80.4254548303137,37.22859143952583],[-80.42547509536472,37.22857787350953],[-80.42564059258407,37.22845066266453]]},"properties":{"id":"E6285-1","from":"N756","to":"N757","length":22.7,"steep":false,"has_stairs":false}},{"type":"Feature","geometry":{"type":"LineString","coordinates":[[-80.42292658990891,37.220477530988795],[-80.42291802036468,37.22047767060258],[-80.42293922185699,37.22050325507895],[-80.4229401541755,37.220529678101954],[-80.42294083109655,37.22054886258198],[-80.42296399227375,37.22054935497507],[-80.422969759114,37.22075905157686],[-80.42296104309996,37.220783128029275]]},"properties":{"id":"E6286","from":"N758","to":"N541","length":37.4,"steep":false,"has_stairs":false}},{"type":"Feature","geometry":{"type":"LineString","coordinates":[[-80.42168859146986,37.223813159812174],[-80.42170805590482,37.223821807643496],[-80.42172860229807,37.22382741967865],[-80.42174976022216,37.22382986742521],[-80.42177104524804,37.22382909483991],[-80.42179197003658,37.223825119611746],[-80.42181205549662,37.22381803275702]]},"properties":{"id":"E6287","from":"N759","to":"N760","length":11.5,"steep":false,"has_stairs":false}},{"type":"Feature","geometry":{"type":"LineString","coordinates":[[-80.42181205549662,37.22381803275702],[-80.42182568051686,37.223811653537524],[-80.42183811001021,37.223803177494055],[-80.42184902403733,37.22379282280284],[-80.42185814166744,37.22378085599713],[-80.4218652282097,37.22376758510655],[-80.42187010125409,37.2237533517283],[-80.42187263536681,37.223738522234356]]},"properties":{"id":"E6287-1","from":"N760","to":"N761","length":10.8,"steep":false,"has_stairs":false}},{"type":"Feature","geometry":{"type":"LineString","coordinates":[[-80.41806217695222,37.225530975283526],[-80.41807856318577,37.22550248811181],[-80.41812545181361,37.225453835723464],[-80.41817254577204,37.22541663615787]]},"properties":{"id":"E6288","from":"N746","to":"N747","length":16.2,"steep":false,"has_stairs":false}},{"type":"Feature","geometry":{"type":"LineString","coordinates":[[-80.4195975710993,37.22462635917971],[-80.41965389053563,37.22464683786644],[-80.41968344084438,37.2246647353016],[-80.41971270877161,37.22468380448119],[-80.4197396582163,37.2247177140025],[-80.41977048107537,37.22475333874754],[-80.41983699314208,37.22481628577556],[-80.41990881283682,37.22486226814533]]},"properties":{"id":"E6289","from":"N564","to":"N762","length":38.7,"steep":false,"has_stairs":false}},{"type":"Feature","geometry":{"type":"LineString","coordinates":[[-80.41990881283682,37.22486226814533],[-80.42009020548196,37.22493357053733]]},"properties":{"id":"E6289-1","from":"N762","to":"N763","length":17.9,"steep":false,"has_stairs":false}},{"type":"Feature","geometry":{"type":"LineString","coordinates":[[-80.42009020548196,37.22493357053733],[-80.42010866888674,37.224940828337516]]},"properties":{"id":"E6289-2","from":"N763","to":"N685","length":1.8,"steep":false,"has_stairs":false}},{"type":"Feature","geometry":{"type":"LineString","coordinates":[[-80.42030073647238,37.22479199998559],[-80.42036505496074,37.2247303442294]]},"properties":{"id":"E6290","from":"N764","to":"N704","length":8.9,"steep":false,"has_stairs":false}},{"type":"Feature","geometry":{"type":"LineString","coordinates":[[-80.41703378520334,37.218531810248564],[-80.41710497564186,37.218571571207946],[-80.41717898870833,37.21860579223102],[-80.41725539408226,37.21863427435281],[-80.41733374753403,37.218656851975005],[-80.41741359350765,37.21867339382871],[-80.41749446776946,37.21868380373767],[-80.4175759001072,37.2186880211775],[-80.41773514741654,37.21869118306259],[-80.41801647996967,37.218689649774234],[-80.41811461984268,37.21869065509143]]},"properties":{"id":"E6291","from":"N610","to":"N532","length":99.6,"steep":false,"has_stairs":false}},{"type":"Feature","geometry":{"type":"LineString","coordinates":[[-80.41769612763525,37.225370966453156],[-80.41783475258921,37.22546112521072]]},"properties":{"id":"E6292","from":"N765","to":"N766","length":15.8,"steep":false,"has_stairs":false}},{"type":"Feature","geometry":{"type":"LineString","coordinates":[[-80.42030073647238,37.22479199998559],[-80.42039681931415,37.22489023206815]]},"properties":{"id":"E6293","from":"N764","to":"N767","length":13.8,"steep":false,"has_stairs":false}},{"type":"Feature","geometry":{"type":"LineString","coordinates":[[-80.4215470328012,37.230291198644984],[-80.42147753885023,37.230310958424994],[-80.42144263411147,37.230368989540914]]},"properties":{"id":"E6294-1","from":"N413","to":"N768","length":13.7,"steep":false,"has_stairs":false}},{"type":"Feature","geometry":{"type":"LineString","coordinates":[[-80.42535329986173,37.228211677519745],[-80.42550035804793,37.228334008088396]]},"properties":{"id":"E6296","from":"N606","to":"N769","length":18.8,"steep":false,"has_stairs":false}},{"type":"Feature","geometry":{"type":"LineString","coordinates":[[-80.4223534058204,37.223599837934046],[-80.42228649996757,37.22362909983228],[-80.42203701055746,37.22370291469127]]},"properties":{"id":"E6297","from":"N116","to":"N114","length":30.3,"steep":false,"has_stairs":false}},{"type":"Feature","geometry":{"type":"LineString","coordinates":[[-80.4181526736058,37.22536946249642],[-80.41817254577204,37.22541663615787]]},"properties":{"id":"E6298","from":"N749","to":"N747","length":5.5,"steep":false,"has_stairs":false}},{"type":"Feature","geometry":{"type":"LineString","coordinates":[[-80.42564059258407,37.22845066266453],[-80.42568215129435,37.228415124022916]]},"properties":{"id":"E6299","from":"N757","to":"N770","length":5.4,"steep":false,"has_stairs":false}},{"type":"Feature","geometry":{"type":"LineString","coordinates":[[-80.42568215129435,37.228415124022916],[-80.42581146654435,37.22830285879284]]},"properties":{"id":"E6299-1","from":"N770","to":"N771","length":16.9,"steep":false,"has_stairs":false}},{"type":"Feature","geometry":{"type":"LineString","coordinates":[[-80.42581182378649,37.228302547430005],[-80.4260037506043,37.22820779624219]]},"properties":{"id":"E6300","from":"N771","to":"N772","length":20,"steep":false,"has_stairs":false}},{"type":"Feature","geometry":{"type":"LineString","coordinates":[[-80.42492034347536,37.228515426997596],[-80.42502484862325,37.22846233259969]]},"properties":{"id":"E6301","from":"N773","to":"N774","length":11,"steep":false,"has_stairs":false}},{"type":"Feature","geometry":{"type":"LineString","coordinates":[[-80.42502484862325,37.22846233259969],[-80.42521825007536,37.22861115258974]]},"properties":{"id":"E6302","from":"N774","to":"N699","length":23.8,"steep":false,"has_stairs":false}},{"type":"Feature","geometry":{"type":"LineString","coordinates":[[-80.42521825007536,37.22861115258974],[-80.4251784561727,37.228630961951666],[-80.42509458427763,37.2287000629282],[-80.42490175659515,37.22884443833161],[-80.42489438379161,37.22885043851974]]},"properties":{"id":"E6303","from":"N699","to":"N468","length":39.2,"steep":false,"has_stairs":false}},{"type":"Feature","geometry":{"type":"LineString","coordinates":[[-80.41806217695222,37.225530975283526],[-80.41801612323457,37.22552830326768],[-80.4179517452204,37.22551994177264],[-80.41790006450825,37.22550624384556],[-80.41787829386749,37.225491204604964],[-80.41785014816493,37.22547176073542]]},"properties":{"id":"E6304","from":"N746","to":"N775","length":20.5,"steep":false,"has_stairs":false}},{"type":"Feature","geometry":{"type":"LineString","coordinates":[[-80.4192153220704,37.22566519241971],[-80.41910643493456,37.225753269456725]]},"properties":{"id":"E6305","from":"N776","to":"N777","length":13.7,"steep":false,"has_stairs":false}},{"type":"Feature","geometry":{"type":"LineString","coordinates":[[-80.41811461984268,37.21869065509143],[-80.41826059306449,37.218692151016796],[-80.4185737590321,37.21869238196178],[-80.4190329850563,37.21869858590582],[-80.41912704062105,37.21869705659195],[-80.4191397265607,37.218700287820866],[-80.41915167053028,37.218705646505015],[-80.41916251871524,37.21871297390484],[-80.41917194976132,37.218722052961795]]},"properties":{"id":"E6306","from":"N532","to":"N778","length":94.6,"steep":false,"has_stairs":false}},{"type":"Feature","geometry":{"type":"LineString","coordinates":[[-80.41917194976132,37.218722052961795],[-80.41917968429394,37.21873261472824],[-80.4191854931941,37.21874434633443],[-80.41919703586639,37.21880472747606],[-80.419204650386,37.218914906114605],[-80.41923867776501,37.21905415600726],[-80.4193087408899,37.219222320650324],[-80.41936321239717,37.21933162013611]]},"properties":{"id":"E6306-1","from":"N778","to":"N147","length":70.4,"steep":false,"has_stairs":false}},{"type":"Feature","geometry":{"type":"LineString","coordinates":[[-80.42354682450748,37.22229982777067],[-80.42357422223127,37.22228897867504],[-80.42363343302065,37.22223485067374],[-80.4239135347132,37.22196610334051]]},"properties":{"id":"E6307","from":"N441","to":"N779","length":49.5,"steep":false,"has_stairs":false}},{"type":"Feature","geometry":{"type":"LineString","coordinates":[[-80.4203834434953,37.225259167428256],[-80.42037428135427,37.225271343185575],[-80.42028861965315,37.22542229179246]]},"properties":{"id":"E6308","from":"N780","to":"N630","length":20,"steep":false,"has_stairs":false}},{"type":"Feature","geometry":{"type":"LineString","coordinates":[[-80.42028394270082,37.22466164420146],[-80.42030458456809,37.224667129903835],[-80.42032408842444,37.224675835028904],[-80.42034195575984,37.22468753707747],[-80.42035772989303,37.2247019369503],[-80.42036505496074,37.2247303442294]]},"properties":{"id":"E6309","from":"N781","to":"N704","length":11.3,"steep":false,"has_stairs":false}},{"type":"Feature","geometry":{"type":"LineString","coordinates":[[-80.4239135347132,37.22196610334051],[-80.4238748365666,37.221867999544074]]},"properties":{"id":"E6310","from":"N779","to":"N782","length":11.4,"steep":false,"has_stairs":false}},{"type":"Feature","geometry":{"type":"LineString","coordinates":[[-80.42245264314482,37.23082208998336],[-80.42247104542209,37.23088148843503],[-80.42259184338202,37.230965715990976]]},"properties":{"id":"E6311","from":"N783","to":"N784","length":21,"steep":false,"has_stairs":false}},{"type":"Feature","geometry":{"type":"LineString","coordinates":[[-80.42402801815258,37.2216200402141],[-80.42403535820667,37.221637275655695],[-80.42415413431341,37.22189223371979]]},"properties":{"id":"E6312","from":"N785","to":"N786","length":32.3,"steep":false,"has_stairs":false}},{"type":"Feature","geometry":{"type":"LineString","coordinates":[[-80.41609446322934,37.218113901314176],[-80.41612939517961,37.2181048216054],[-80.41621319381916,37.218051228271506],[-80.41628690480916,37.21799097235721],[-80.41629843181806,37.21798432223883],[-80.41631092047244,37.217979725553036],[-80.41632400820903,37.2179773157481],[-80.41633731507231,37.217977162784074],[-80.41635045474527,37.21797927110171],[-80.41636304576463,37.21798357949358],[-80.41637472259528,37.217989962880964],[-80.41638514624235,37.21799823594511],[-80.41643675775217,37.21803783209753],[-80.41649796087438,37.21808972277935],[-80.41651525804708,37.21810945215367],[-80.41656582080208,37.21814151434697]]},"properties":{"id":"E6313","from":"N787","to":"N611","length":54.6,"steep":false,"has_stairs":false}},{"type":"Feature","geometry":{"type":"LineString","coordinates":[[-80.42182538782109,37.223598931327025],[-80.42190660694882,37.22348962453942]]},"properties":{"id":"E6314","from":"N638","to":"N788","length":14.1,"steep":false,"has_stairs":false}},{"type":"Feature","geometry":{"type":"LineString","coordinates":[[-80.41743018355689,37.2289513213386],[-80.4175353263216,37.229068618444806]]},"properties":{"id":"E6315","from":"N789","to":"N790","length":16,"steep":false,"has_stairs":false}},{"type":"Feature","geometry":{"type":"LineString","coordinates":[[-80.4175353263216,37.229068618444806],[-80.4177021116063,37.22908239793148]]},"properties":{"id":"E6315-1","from":"N790","to":"N36","length":14.8,"steep":false,"has_stairs":false}},{"type":"Feature","geometry":{"type":"LineString","coordinates":[[-80.41678030410849,37.22983668435865],[-80.41648009737098,37.230024282347784],[-80.41614022080142,37.23023702477393]]},"properties":{"id":"E6316","from":"N76","to":"N276","length":72.1,"steep":false,"has_stairs":false}},{"type":"Feature","geometry":{"type":"LineString","coordinates":[[-80.42174124856004,37.22557398158494],[-80.42190408126504,37.22557891291599],[-80.42207113045575,37.22560376398392],[-80.42220377451359,37.22563193211779],[-80.42229088074413,37.225658086496296],[-80.42237394762836,37.225690836381155]]},"properties":{"id":"E6317","from":"N791","to":"N514","length":58.1,"steep":false,"has_stairs":false}},{"type":"Feature","geometry":{"type":"LineString","coordinates":[[-80.43074829948665,37.22430734467257],[-80.43075786540652,37.22430388994551],[-80.4307668557311,37.224299134314535],[-80.43077509458041,37.22429317081523],[-80.4307924702385,37.22428042815103],[-80.43146289936823,37.22352397282476],[-80.43149345373706,37.22348600185258],[-80.43152906829776,37.22345273073523],[-80.43156902795698,37.22342482751286],[-80.43161253037749,37.22340285244531],[-80.4316587020881,37.223387246762954],[-80.43170661602184,37.22337832380729],[-80.43175531013013,37.22337626273948],[-80.43180380669958,37.22338110494306],[-80.43184156172315,37.22338168031914],[-80.43195835232098,37.22340230176368],[-80.43210870774578,37.22346026724396],[-80.4334941888116,37.22447248470565],[-80.43361855558949,37.224561481614394],[-80.4337477036635,37.22464119525355],[-80.4338983337069,37.22470400832434],[-80.43407439572783,37.2247586615653],[-80.43425391014264,37.22480073283056],[-80.434508910314,37.2248565712822],[-80.43463255307064,37.22486571083191],[-80.43485202284525,37.224880042730604],[-80.43484517640508,37.22487896345971],[-80.43521222808221,37.22488185899806],[-80.43543197515226,37.22489042697035],[-80.43561047804114,37.22489872273015],[-80.43577644917856,37.22490311117997],[-80.43591980714218,37.224908040621195],[-80.43595729122913,37.2249110273691]]},"properties":{"id":"E6318","from":"N792","to":"N190","length":570.4,"steep":false,"has_stairs":false}},{"type":"Feature","geometry":{"type":"LineString","coordinates":[[-80.43595729122913,37.2249110273691],[-80.43595370258285,37.22500436103577],[-80.43589409735274,37.22500251490086]]},"properties":{"id":"E6318-1","from":"N190","to":"N793","length":15.7,"steep":false,"has_stairs":false}},{"type":"Feature","geometry":{"type":"LineString","coordinates":[[-80.43589409735274,37.22500251490086],[-80.43582675765987,37.22500042966176],[-80.43582591999885,37.22502054744535],[-80.43576026161251,37.22501805605489],[-80.43575904316923,37.22503378632189],[-80.43566820411388,37.225032057529816]]},"properties":{"id":"E6319","from":"N793","to":"N794","length":23.8,"steep":false,"has_stairs":false}},{"type":"Feature","geometry":{"type":"LineString","coordinates":[[-80.43589409735274,37.22500251490086],[-80.43588881815357,37.225102445750196],[-80.43593096168088,37.22510393927079],[-80.4359291162176,37.225138505848584],[-80.43584924685915,37.225135898783215]]},"properties":{"id":"E6320","from":"N793","to":"N795","length":25.8,"steep":false,"has_stairs":false}},{"type":"Feature","geometry":{"type":"LineString","coordinates":[[-80.41768127969523,37.229220306869244],[-80.4177021116063,37.22908239793148]]},"properties":{"id":"E6321-1","from":"N420","to":"N36","length":15.4,"steep":false,"has_stairs":false}},{"type":"Feature","geometry":{"type":"LineString","coordinates":[[-80.42168859146986,37.223813159812174],[-80.42169849295355,37.2237941977213],[-80.42171130038288,37.22377706383606],[-80.42172668386442,37.22376219949063],[-80.42174424715085,37.22374998756043],[-80.42176353784751,37.22374074260005],[-80.4217840590651,37.22373470274094]]},"properties":{"id":"E6322","from":"N759","to":"N456","length":12.6,"steep":false,"has_stairs":false}},{"type":"Feature","geometry":{"type":"LineString","coordinates":[[-80.4217840590651,37.22373470274094],[-80.42180619809464,37.22373123192345],[-80.42182860155712,37.22373071416623],[-80.42185087729005,37.22373315853237],[-80.42187263536681,37.223738522234356]]},"properties":{"id":"E6322-1","from":"N456","to":"N761","length":8,"steep":false,"has_stairs":false}},{"type":"Feature","geometry":{"type":"LineString","coordinates":[[-80.42241455198467,37.224127348268446],[-80.42237561656734,37.22408428375095]]},"properties":{"id":"E6323","from":"N717","to":"N796","length":5.9,"steep":false,"has_stairs":false}},{"type":"Feature","geometry":{"type":"LineString","coordinates":[[-80.4181526736058,37.22536946249642],[-80.41783475258921,37.22546112521072]]},"properties":{"id":"E6324","from":"N749","to":"N766","length":29.9,"steep":false,"has_stairs":false}},{"type":"Feature","geometry":{"type":"LineString","coordinates":[[-80.42668229350808,37.22859635685462],[-80.42669293529457,37.228588300546804]]},"properties":{"id":"E6325","from":"N797","to":"N798","length":1.3,"steep":false,"has_stairs":false}},{"type":"Feature","geometry":{"type":"LineString","coordinates":[[-80.41916493386049,37.227521329733605],[-80.41906788039614,37.22745622818853]]},"properties":{"id":"E6326","from":"N799","to":"N485","length":11.2,"steep":false,"has_stairs":false}},{"type":"Feature","geometry":{"type":"LineString","coordinates":[[-80.42054296381257,37.227106356864205],[-80.42058463676531,37.22713167627788]]},"properties":{"id":"E6327","from":"N800","to":"N801","length":4.6,"steep":false,"has_stairs":false}},{"type":"Feature","geometry":{"type":"LineString","coordinates":[[-80.42058463676531,37.22713167627788],[-80.42067226893793,37.22704845465779]]},"properties":{"id":"E6327-1","from":"N801","to":"N802","length":12.1,"steep":false,"has_stairs":false}},{"type":"Feature","geometry":{"type":"LineString","coordinates":[[-80.41980805643483,37.226453319625],[-80.41992840664516,37.22629507013471],[-80.42006567706626,37.226146249373],[-80.42016760806847,37.22604987294834],[-80.42027515734134,37.22598145199685],[-80.42029213136016,37.22599501412801]]},"properties":{"id":"E6328","from":"N803","to":"N804","length":69.4,"steep":false,"has_stairs":false}},{"type":"Feature","geometry":{"type":"LineString","coordinates":[[-80.42174036357275,37.2255392218527],[-80.42174124856004,37.22557398158494]]},"properties":{"id":"E6330","from":"N805","to":"N791","length":3.9,"steep":false,"has_stairs":false}},{"type":"Feature","geometry":{"type":"LineString","coordinates":[[-80.41873446452045,37.227807815737755],[-80.41869982496662,37.2278326863275],[-80.41862183542474,37.22787754801935],[-80.41829615690236,37.22805334982982],[-80.41830529877625,37.22806771278136]]},"properties":{"id":"E6331","from":"N43","to":"N806","length":49.3,"steep":false,"has_stairs":false}},{"type":"Feature","geometry":{"type":"LineString","coordinates":[[-80.42010866888674,37.224940828337516],[-80.42042190679275,37.225084618715044],[-80.4204304516981,37.22509025624643],[-80.42043812646122,37.22509703084446],[-80.42044478094653,37.22510480998276],[-80.42045028497733,37.22511344148393],[-80.42045453088245,37.22512275649639]]},"properties":{"id":"E6332","from":"N685","to":"N807","length":37.2,"steep":false,"has_stairs":false}},{"type":"Feature","geometry":{"type":"LineString","coordinates":[[-80.42045453088245,37.22512275649639],[-80.42053549650889,37.2251815483113],[-80.42066364378209,37.22541640643676]]},"properties":{"id":"E6333","from":"N807","to":"N808","length":38.2,"steep":false,"has_stairs":false}},{"type":"Feature","geometry":{"type":"LineString","coordinates":[[-80.42237394762836,37.225690836381155],[-80.42240002751618,37.22570111886361],[-80.42251935498675,37.22574816455869],[-80.42254053194867,37.225767069212395]]},"properties":{"id":"E6334","from":"N514","to":"N809","length":17.2,"steep":false,"has_stairs":false}},{"type":"Feature","geometry":{"type":"LineString","coordinates":[[-80.42254053194867,37.225767069212395],[-80.42248301785543,37.225797147994484]]},"properties":{"id":"E6335","from":"N809","to":"N810","length":6.1,"steep":false,"has_stairs":false}},{"type":"Feature","geometry":{"type":"LineString","coordinates":[[-80.41703378520334,37.218531810248564],[-80.41697272471352,37.21871939516153],[-80.41696468189127,37.21875442433206],[-80.41696166521432,37.218790238148365],[-80.4169637351171,37.2188261191361],[-80.41697085013233,37.21886134847524],[-80.41698286772169,37.21889522040055],[-80.41699954713138,37.218927056340455],[-80.41709909072937,37.219042698003825]]},"properties":{"id":"E6336","from":"N610","to":"N587","length":60.8,"steep":false,"has_stairs":false}},{"type":"Feature","geometry":{"type":"LineString","coordinates":[[-80.42189196693347,37.22406658492445],[-80.42195735861301,37.22426997320484]]},"properties":{"id":"E6337","from":"N257","to":"N247","length":23.3,"steep":false,"has_stairs":false}},{"type":"Feature","geometry":{"type":"LineString","coordinates":[[-80.41812215769852,37.22529702044186],[-80.41789114219559,37.225357676604425]]},"properties":{"id":"E6338","from":"N748","to":"N811","length":21.5,"steep":false,"has_stairs":false}},{"type":"Feature","geometry":{"type":"LineString","coordinates":[[-80.41785014816493,37.22547176073542],[-80.41783475258921,37.22546112521072]]},"properties":{"id":"E6339","from":"N775","to":"N766","length":1.8,"steep":false,"has_stairs":false}},{"type":"Feature","geometry":{"type":"LineString","coordinates":[[-80.41785014816493,37.22547176073542],[-80.41780012775764,37.225487342731896],[-80.41765754916369,37.225389603503096],[-80.41769612763525,37.225370966453156]]},"properties":{"id":"E6340","from":"N775","to":"N765","length":25.4,"steep":false,"has_stairs":false}},{"type":"Feature","geometry":{"type":"LineString","coordinates":[[-80.4175613041023,37.225137178085525],[-80.41752611470659,37.225141170106646],[-80.41746677769396,37.22512075475069],[-80.41741577850556,37.22519403444655]]},"properties":{"id":"E6341","from":"N812","to":"N742","length":18.2,"steep":false,"has_stairs":false}},{"type":"Feature","geometry":{"type":"LineString","coordinates":[[-80.41753419590329,37.22526876921849],[-80.41769612763525,37.225370966453156]]},"properties":{"id":"E6342","from":"N813","to":"N765","length":18.3,"steep":false,"has_stairs":false}},{"type":"Feature","geometry":{"type":"LineString","coordinates":[[-80.42088312974005,37.2241190085338],[-80.4208464816176,37.22414559518341],[-80.42067051439368,37.22427324736168],[-80.42064798782752,37.22428958912245]]},"properties":{"id":"E6343","from":"N578","to":"N814","length":28.2,"steep":false,"has_stairs":false}},{"type":"Feature","geometry":{"type":"LineString","coordinates":[[-80.42064798782752,37.22428958912245],[-80.4203967077812,37.22421289758287]]},"properties":{"id":"E6344","from":"N814","to":"N815","length":23.8,"steep":false,"has_stairs":false}},{"type":"Feature","geometry":{"type":"LineString","coordinates":[[-80.4203967077812,37.22421289758287],[-80.42039770197077,37.22425197448399]]},"properties":{"id":"E6345","from":"N815","to":"N245","length":4.3,"steep":false,"has_stairs":false}},{"type":"Feature","geometry":{"type":"LineString","coordinates":[[-80.42050989623593,37.2244759029119],[-80.4203774324555,37.22446605483168],[-80.42005612648559,37.22444318441623],[-80.4199962590175,37.22442132879495],[-80.42000981419156,37.22440023913675]]},"properties":{"id":"E6346","from":"N246","to":"N816","length":48.8,"steep":false,"has_stairs":false}},{"type":"Feature","geometry":{"type":"LineString","coordinates":[[-80.4203967077812,37.22421289758287],[-80.42004426613134,37.224105328388724]]},"properties":{"id":"E6347","from":"N815","to":"N817","length":33.4,"steep":false,"has_stairs":false}},{"type":"Feature","geometry":{"type":"LineString","coordinates":[[-80.42004426613134,37.224105328388724],[-80.42001112645991,37.224064707744986],[-80.41992912371448,37.2239851948779]]},"properties":{"id":"E6348","from":"N817","to":"N818","length":16.8,"steep":false,"has_stairs":false}},{"type":"Feature","geometry":{"type":"LineString","coordinates":[[-80.41986188679138,37.22392000018379],[-80.41977731210423,37.223837992842704],[-80.41966030613128,37.223730213508226]]},"properties":{"id":"E6349","from":"N819","to":"N820","length":27.6,"steep":false,"has_stairs":false}},{"type":"Feature","geometry":{"type":"LineString","coordinates":[[-80.41966030613128,37.223730213508226],[-80.41927691343793,37.22337703709924]]},"properties":{"id":"E6350","from":"N820","to":"N821","length":51.9,"steep":false,"has_stairs":false}},{"type":"Feature","geometry":{"type":"LineString","coordinates":[[-80.4191647987524,37.22327948210404],[-80.41895710988499,37.223087975700636]]},"properties":{"id":"E6351","from":"N591","to":"N822","length":28.1,"steep":false,"has_stairs":false}},{"type":"Feature","geometry":{"type":"LineString","coordinates":[[-80.41895710988499,37.223087975700636],[-80.41882911418821,37.22296995182239],[-80.41885317464843,37.22295604867112]]},"properties":{"id":"E6352","from":"N822","to":"N823","length":20,"steep":false,"has_stairs":false}},{"type":"Feature","geometry":{"type":"LineString","coordinates":[[-80.41746749759731,37.227395658849126],[-80.41751865120229,37.22743740366658],[-80.41757290028072,37.227475038206244],[-80.41762991535079,37.22750833389471],[-80.41768935013143,37.22753708851061],[-80.41775084364548,37.22756112741274]]},"properties":{"id":"E6353","from":"N106","to":"N824","length":31.3,"steep":false,"has_stairs":false}},{"type":"Feature","geometry":{"type":"LineString","coordinates":[[-80.42033522160892,37.22523187434273],[-80.42038667162406,37.22525487798601]]},"properties":{"id":"E6354","from":"N825","to":"N826","length":5.2,"steep":false,"has_stairs":false}},{"type":"Feature","geometry":{"type":"LineString","coordinates":[[-80.41753419590329,37.22526876921849],[-80.41756570091519,37.2252260450308],[-80.41757971122229,37.22518818986109],[-80.41757583054279,37.22516174173478],[-80.4175613041023,37.225137178085525]]},"properties":{"id":"E6355","from":"N813","to":"N812","length":15.9,"steep":false,"has_stairs":false}},{"type":"Feature","geometry":{"type":"LineString","coordinates":[[-80.42128330108542,37.22201333319424],[-80.42172179075713,37.22200109625261]]},"properties":{"id":"E6356","from":"N827","to":"N625","length":38.8,"steep":false,"has_stairs":false}},{"type":"Feature","geometry":{"type":"LineString","coordinates":[[-80.42172179075713,37.22200109625261],[-80.42172843371235,37.2220048699168]]},"properties":{"id":"E6356-1","from":"N625","to":"N828","length":0.7,"steep":false,"has_stairs":false}},{"type":"Feature","geometry":{"type":"LineString","coordinates":[[-80.41900057814163,37.23163764118116],[-80.41900026458413,37.23176349022598],[-80.4190012344193,37.23179449788947],[-80.41900755554549,37.231824869901885],[-80.41901903722622,37.23185368980443],[-80.41903590249963,37.23188157905462],[-80.41905669474006,37.23190667747014],[-80.41908095964264,37.23192843665731],[-80.41920013628766,37.232027937346864],[-80.41942542276249,37.23217927663803],[-80.41957348560727,37.23226496202187]]},"properties":{"id":"E6357","from":"N35","to":"N829","length":91.8,"steep":false,"has_stairs":false}},{"type":"Feature","geometry":{"type":"LineString","coordinates":[[-80.41779788910767,37.2250204499208],[-80.41786397723205,37.225045166286655],[-80.41791357463752,37.225060632139716],[-80.41796171668952,37.225062512280985],[-80.4180133383424,37.22505575657048]]},"properties":{"id":"E6358","from":"N830","to":"N831","length":20.1,"steep":false,"has_stairs":false}},{"type":"Feature","geometry":{"type":"LineString","coordinates":[[-80.41779788910767,37.2250204499208],[-80.41781385912714,37.22496551245095]]},"properties":{"id":"E6359","from":"N830","to":"N832","length":6.3,"steep":false,"has_stairs":false}},{"type":"Feature","geometry":{"type":"LineString","coordinates":[[-80.4175613041023,37.225137178085525],[-80.41759451333255,37.22509729948522],[-80.4176151545159,37.225067887937506],[-80.41766792961097,37.225040520277744],[-80.41773165561987,37.225023236657904],[-80.41779788910767,37.2250204499208]]},"properties":{"id":"E6360","from":"N812","to":"N830","length":26.5,"steep":false,"has_stairs":false}},{"type":"Feature","geometry":{"type":"LineString","coordinates":[[-80.41817114511768,37.22503447802705],[-80.4181554517327,37.224997885089934]]},"properties":{"id":"E6362","from":"N833","to":"N702","length":4.3,"steep":false,"has_stairs":false}},{"type":"Feature","geometry":{"type":"LineString","coordinates":[[-80.4180133383424,37.22505575657048],[-80.41805135478643,37.225068014521845],[-80.4180913765347,37.22503553004075],[-80.41811397616665,37.225012187347],[-80.41813279692302,37.2250035771048],[-80.4181554517327,37.224997885089934]]},"properties":{"id":"E6363","from":"N831","to":"N702","length":16,"steep":false,"has_stairs":false}},{"type":"Feature","geometry":{"type":"LineString","coordinates":[[-80.4181554517327,37.224997885089934],[-80.41828507097317,37.22496124066221],[-80.41836874125647,37.22494124777797]]},"properties":{"id":"E6364","from":"N702","to":"N834","length":19.9,"steep":false,"has_stairs":false}},{"type":"Feature","geometry":{"type":"LineString","coordinates":[[-80.42256350853415,37.222846695462565],[-80.422386944138,37.22288057175507],[-80.42239828367009,37.22285528062542],[-80.42240512522385,37.222828421374324],[-80.42240726672281,37.22280078733355],[-80.42240464491434,37.222773194719544],[-80.4223973372378,37.222746458525144],[-80.42238555953733,37.222721368447445],[-80.42237364946688,37.22270178109002]]},"properties":{"id":"E6365","from":"N835","to":"N836","length":36.7,"steep":false,"has_stairs":false}},{"type":"Feature","geometry":{"type":"LineString","coordinates":[[-80.42667398320762,37.21773749410059],[-80.42680453366022,37.217457961412514]]},"properties":{"id":"E6367","from":"N192","to":"N837","length":33.2,"steep":false,"has_stairs":false}},{"type":"Feature","geometry":{"type":"LineString","coordinates":[[-80.42680453366022,37.217457961412514],[-80.42665291898956,37.217406232410795]]},"properties":{"id":"E6367-1","from":"N837","to":"N838","length":14.6,"steep":false,"has_stairs":false}},{"type":"Feature","geometry":{"type":"LineString","coordinates":[[-80.42667398320762,37.21773749410059],[-80.42652657183343,37.2176950020642]]},"properties":{"id":"E6368","from":"N192","to":"N839","length":13.9,"steep":false,"has_stairs":false}},{"type":"Feature","geometry":{"type":"LineString","coordinates":[[-80.42226179729764,37.222651742084665],[-80.42223797776349,37.222681097200216]]},"properties":{"id":"E6369","from":"N840","to":"N841","length":3.9,"steep":false,"has_stairs":false}},{"type":"Feature","geometry":{"type":"LineString","coordinates":[[-80.42356611619368,37.22164816576763],[-80.42327702804887,37.22171819261771]]},"properties":{"id":"E6371","from":"N842","to":"N843","length":26.8,"steep":false,"has_stairs":false}},{"type":"Feature","geometry":{"type":"LineString","coordinates":[[-80.42327702804887,37.22171819261771],[-80.42301674049986,37.22114768690379],[-80.42301043382496,37.22113171979442]]},"properties":{"id":"E6371-1","from":"N843","to":"N738","length":69.4,"steep":false,"has_stairs":false}},{"type":"Feature","geometry":{"type":"LineString","coordinates":[[-80.42016983806886,37.23262517395239],[-80.42019580815554,37.232632432233586],[-80.420205817739,37.23263536209495],[-80.42021523170507,37.23263985131447],[-80.4202238089094,37.232645784898104],[-80.42023132964182,37.232653010853596],[-80.4202376012543,37.2326613440838],[-80.42024246309578,37.2326705711281]]},"properties":{"id":"E6373","from":"N844","to":"N845","length":8.6,"steep":false,"has_stairs":false}},{"type":"Feature","geometry":{"type":"LineString","coordinates":[[-80.42024246309578,37.2326705711281],[-80.42024579062728,37.23268045563025],[-80.42024749861213,37.23269074439289],[-80.42024754329927,37.23270117386325],[-80.42024592354402,37.23271147688425],[-80.42024268083736,37.2327213895379],[-80.42013334418141,37.23294912528044],[-80.41992790203349,37.233384563874864],[-80.41990911757914,37.23342352167816],[-80.41989999383868,37.23344697087988],[-80.4198946932116,37.233471567852334],[-80.41989334910006,37.233496693557605],[-80.41989599533163,37.23352171565104],[-80.41990256530796,37.2335460043956],[-80.41991289368089,37.233568948510616]]},"properties":{"id":"E6373-1","from":"N845","to":"N846","length":105.8,"steep":false,"has_stairs":false}},{"type":"Feature","geometry":{"type":"LineString","coordinates":[[-80.42311904008845,37.22110564720675],[-80.42303753966456,37.220972110838105]]},"properties":{"id":"E6374","from":"N428","to":"N127","length":16.5,"steep":false,"has_stairs":false}},{"type":"Feature","geometry":{"type":"LineString","coordinates":[[-80.41746558352116,37.223733507567076],[-80.4173408872612,37.22382235265432],[-80.4167195433105,37.2242574464989]]},"properties":{"id":"E6375","from":"N847","to":"N848","length":88.1,"steep":false,"has_stairs":false}},{"type":"Feature","geometry":{"type":"LineString","coordinates":[[-80.41836874125647,37.22494124777797],[-80.4183658032601,37.22496472836507],[-80.41836666596367,37.224988376315004],[-80.41837130706921,37.22501158040803],[-80.41837960661978,37.2250337408966],[-80.41839135010001,37.22505428500684],[-80.41840623398053,37.2250726817428],[-80.41842387356324,37.225088455610916],[-80.41843022029062,37.225093474437976],[-80.41844928025323,37.22510608443353],[-80.41846598527974,37.22512168046673],[-80.41847987281375,37.225139830688796],[-80.41849055831425,37.225160032526375],[-80.41849774590342,37.22518172659755],[-80.4185012365594,37.225204312200994],[-80.41850093362714,37.225227163949164],[-80.41850756114124,37.225271741732335]]},"properties":{"id":"E6376","from":"N834","to":"N398","length":40.4,"steep":false,"has_stairs":false}},{"type":"Feature","geometry":{"type":"LineString","coordinates":[[-80.418507971675,37.22527450199185],[-80.41854880323872,37.22531906550541],[-80.41858066953236,37.225349461486566],[-80.4186214278458,37.225374334983144]]},"properties":{"id":"E6376-2","from":"N398","to":"N590","length":15.1,"steep":false,"has_stairs":false}},{"type":"Feature","geometry":{"type":"LineString","coordinates":[[-80.4186214278458,37.225374334983144],[-80.41870103844444,37.225439369799545],[-80.41878572712562,37.225506240843195],[-80.41885673526592,37.225587733086435]]},"properties":{"id":"E6376-3","from":"N590","to":"N559","length":31.7,"steep":false,"has_stairs":false}},{"type":"Feature","geometry":{"type":"LineString","coordinates":[[-80.42255957971577,37.22280970415328],[-80.42262996626206,37.222813858207466],[-80.42270043761734,37.22281155383055],[-80.42271240345278,37.22281049548473]]},"properties":{"id":"E6377","from":"N849","to":"N437","length":13.6,"steep":false,"has_stairs":false}},{"type":"Feature","geometry":{"type":"LineString","coordinates":[[-80.41838040508007,37.22490917810805],[-80.41837361701128,37.22492486518619],[-80.41836874125647,37.22494124777797]]},"properties":{"id":"E6378","from":"N850","to":"N834","length":3.7,"steep":false,"has_stairs":false}},{"type":"Feature","geometry":{"type":"LineString","coordinates":[[-80.42298664134358,37.22081540048171],[-80.42296839847008,37.220817744511116],[-80.42292515409679,37.220820311693814],[-80.42288205811218,37.220815906883104],[-80.4228402272776,37.22080464422238],[-80.42279955948803,37.22080023480263],[-80.42275866138465,37.220801045501425],[-80.42271820028347,37.22080706309095],[-80.42267883637011,37.220818189384914],[-80.42264121192788,37.22083424284057],[-80.42260594085789,37.220854961520885],[-80.42255113324302,37.22091938384689]]},"properties":{"id":"E6379","from":"N540","to":"N226","length":44.1,"steep":false,"has_stairs":false}},{"type":"Feature","geometry":{"type":"LineString","coordinates":[[-80.41814396564799,37.2249663015965],[-80.41826950390818,37.22493436509855],[-80.41838040508007,37.22490917810805]]},"properties":{"id":"E6380","from":"N703","to":"N850","length":21.9,"steep":false,"has_stairs":false}},{"type":"Feature","geometry":{"type":"LineString","coordinates":[[-80.4180133383424,37.22505575657048],[-80.41804413551826,37.225029100967724],[-80.41808840151347,37.2249865820587],[-80.41809968012065,37.22498086221402],[-80.41814396564799,37.2249663015965]]},"properties":{"id":"E6381","from":"N831","to":"N703","length":15.6,"steep":false,"has_stairs":false}},{"type":"Feature","geometry":{"type":"LineString","coordinates":[[-80.42334692939401,37.22259495372529],[-80.42346731598434,37.22249151391091]]},"properties":{"id":"E6382","from":"N851","to":"N120","length":15.7,"steep":false,"has_stairs":false}},{"type":"Feature","geometry":{"type":"LineString","coordinates":[[-80.42273596287475,37.222765846149535],[-80.42334692939401,37.22259495372529]]},"properties":{"id":"E6383","from":"N436","to":"N851","length":57.3,"steep":false,"has_stairs":false}},{"type":"Feature","geometry":{"type":"LineString","coordinates":[[-80.42334692939401,37.22259495372529],[-80.42352120335269,37.22260860726491]]},"properties":{"id":"E6383-1","from":"N851","to":"N852","length":15.5,"steep":false,"has_stairs":false}},{"type":"Feature","geometry":{"type":"LineString","coordinates":[[-80.4180133383424,37.22505575657048],[-80.41808563723873,37.225209382120106],[-80.41812215769852,37.22529702044186]]},"properties":{"id":"E6384","from":"N831","to":"N748","length":28.5,"steep":false,"has_stairs":false}},{"type":"Feature","geometry":{"type":"LineString","coordinates":[[-80.41856335892592,37.22478916509346],[-80.4185855115702,37.224809436243326],[-80.4186011204611,37.22481511836865],[-80.41861709538355,37.224810902083384],[-80.41873313324677,37.224727891601674]]},"properties":{"id":"E6385","from":"N853","to":"N854","length":19.8,"steep":false,"has_stairs":false}},{"type":"Feature","geometry":{"type":"LineString","coordinates":[[-80.41856335892592,37.22478916509346],[-80.41842198118611,37.224857018523615],[-80.4184092325382,37.22486895754701],[-80.41839773313755,37.22488210410884]]},"properties":{"id":"E6386","from":"N853","to":"N165","length":18.1,"steep":false,"has_stairs":false}},{"type":"Feature","geometry":{"type":"LineString","coordinates":[[-80.41839773313755,37.22488210410884],[-80.41838838237659,37.224895201582115],[-80.41838040508007,37.22490917810805]]},"properties":{"id":"E6386-1","from":"N165","to":"N850","length":3.4,"steep":false,"has_stairs":false}},{"type":"Feature","geometry":{"type":"LineString","coordinates":[[-80.42426452258765,37.22353799604248],[-80.42430855420214,37.223549607279296],[-80.424353505513,37.22355688625908],[-80.42439895132419,37.223559764129725],[-80.42444446176219,37.22355821366934]]},"properties":{"id":"E6387","from":"N86","to":"N108","length":16.2,"steep":false,"has_stairs":false}},{"type":"Feature","geometry":{"type":"LineString","coordinates":[[-80.42444446176219,37.22355821366934],[-80.42448508717915,37.22355328702399],[-80.4245251222085,37.22354480806403],[-80.42456425685128,37.223532842443674],[-80.42459717575309,37.22352186224329],[-80.42462796455226,37.223505853847286],[-80.42465586082535,37.22348521367179],[-80.4246801737766,37.22346045282975],[-80.42470030134406,37.223432184474206]]},"properties":{"id":"E6387-1","from":"N108","to":"N855","length":27.9,"steep":false,"has_stairs":false}},{"type":"Feature","geometry":{"type":"LineString","coordinates":[[-80.42470030134406,37.223432184474206],[-80.42471574510851,37.22340110861482],[-80.42472141951454,37.223271769508614],[-80.42478566845351,37.223246780153914]]},"properties":{"id":"E6387-2","from":"N855","to":"N719","length":24.4,"steep":false,"has_stairs":false}},{"type":"Feature","geometry":{"type":"LineString","coordinates":[[-80.41883398462497,37.22459974027084],[-80.41882885355047,37.22460516647654],[-80.41870320558309,37.22470188042624],[-80.41856957326864,37.22478618269054],[-80.41856335892592,37.22478916509346]]},"properties":{"id":"E6388","from":"N856","to":"N853","length":32,"steep":false,"has_stairs":false}},{"type":"Feature","geometry":{"type":"LineString","coordinates":[[-80.41873313324677,37.224727891601674],[-80.41883400195594,37.224656506268275],[-80.41885829418955,37.22463879775677],[-80.41886234604951,37.2246278498214],[-80.41885583646656,37.22461509436534],[-80.41883398462497,37.22459974027084]]},"properties":{"id":"E6389","from":"N854","to":"N856","length":20.2,"steep":false,"has_stairs":false}},{"type":"Feature","geometry":{"type":"LineString","coordinates":[[-80.41873313324677,37.224727891601674],[-80.41874708774297,37.22474151564966]]},"properties":{"id":"E6390","from":"N854","to":"N857","length":2,"steep":false,"has_stairs":false}},{"type":"Feature","geometry":{"type":"LineString","coordinates":[[-80.4170303592423,37.22475809574767],[-80.41692811388138,37.22466293169866],[-80.41686161106357,37.22460073458997],[-80.41679191047692,37.22453732307457],[-80.41670586739481,37.22445392872619],[-80.41660700210733,37.22436441462777],[-80.4165065209271,37.224273660386956],[-80.41635664995066,37.22413650697547],[-80.4163057553257,37.22408840406551],[-80.41625943577012,37.22403588119841],[-80.41621807349604,37.223979371773716],[-80.41618200980984,37.2239193420866],[-80.41615154229595,37.22385628748017],[-80.41612692236114,37.22379072825803],[-80.41610835316018,37.223723205390996],[-80.41596701925802,37.22322991071437],[-80.41581055631706,37.223258182827]]},"properties":{"id":"E6391","from":"N858","to":"N859","length":213.4,"steep":false,"has_stairs":false}},{"type":"Feature","geometry":{"type":"LineString","coordinates":[[-80.41874708774297,37.22474151564966],[-80.41866020225233,37.22480327595537],[-80.41864137361915,37.22481693718977],[-80.4186366529482,37.22482591767633],[-80.41863811618386,37.22483479764589],[-80.41864202718597,37.224842649122785],[-80.41880031482505,37.22498599889512]]},"properties":{"id":"E6392","from":"N857","to":"N860","length":36.8,"steep":false,"has_stairs":false}},{"type":"Feature","geometry":{"type":"LineString","coordinates":[[-80.41790850684798,37.224149746746974],[-80.41746558352116,37.223733507567076]]},"properties":{"id":"E6393","from":"N861","to":"N847","length":60.7,"steep":false,"has_stairs":false}},{"type":"Feature","geometry":{"type":"LineString","coordinates":[[-80.42538920729298,37.22330016794024],[-80.42548038011013,37.22330036697956],[-80.42549132354773,37.22330036060449],[-80.42547672812299,37.22321083908406]]},"properties":{"id":"E6394","from":"N124","to":"N862","length":19.1,"steep":false,"has_stairs":false}},{"type":"Feature","geometry":{"type":"LineString","coordinates":[[-80.41874708774297,37.22474151564966],[-80.41884862520713,37.2246720968433],[-80.41886202663864,37.2246639648352],[-80.41887371195185,37.22466130175688],[-80.41888120714155,37.22466414782824],[-80.41888687309965,37.224668013242976],[-80.41904647214298,37.224814309289094]]},"properties":{"id":"E6395","from":"N857","to":"N863","length":37.4,"steep":false,"has_stairs":false}},{"type":"Feature","geometry":{"type":"LineString","coordinates":[[-80.42709279129014,37.222602799059345],[-80.42766194686281,37.222542684591815],[-80.42770688246166,37.222533623761265],[-80.42778984379777,37.22251700288059],[-80.42783470962478,37.22250516718894],[-80.42789898560315,37.22248491912055],[-80.4279557789175,37.22245936571313],[-80.42806645160297,37.2224038288398],[-80.428163686906,37.22236008654956],[-80.4282407435618,37.22231655756253]]},"properties":{"id":"E6396","from":"N172","to":"N864","length":108.4,"steep":false,"has_stairs":false}},{"type":"Feature","geometry":{"type":"LineString","coordinates":[[-80.42088307297064,37.2328295243929],[-80.42044212165229,37.2327074920342],[-80.42043318421456,37.23270395649217],[-80.42042379461846,37.232701903850995],[-80.42041419715795,37.2327013875153],[-80.42040464153511,37.23270242091884]]},"properties":{"id":"E6397","from":"N865","to":"N866","length":44.8,"steep":false,"has_stairs":false}},{"type":"Feature","geometry":{"type":"LineString","coordinates":[[-80.4203953763635,37.23270497717504],[-80.42038664269987,37.23270898977646],[-80.42037866777243,37.23271435432518],[-80.42037165906898,37.23272093124898],[-80.42036579893856,37.232728549432636],[-80.42036123984722,37.23273701066994],[-80.42022245118868,37.23302388903564],[-80.42021631528594,37.23306551234349],[-80.42021385585824,37.2331075135372],[-80.42030464187862,37.23312988283545],[-80.42030226908477,37.233156771473574],[-80.42053649990727,37.23340512213167],[-80.42056508699712,37.23338041801795],[-80.42046675254556,37.23329180954717],[-80.4205490914341,37.2332494085791]]},"properties":{"id":"E6397-2","from":"N866","to":"N867","length":119.8,"steep":false,"has_stairs":false}},{"type":"Feature","geometry":{"type":"LineString","coordinates":[[-80.4183579899731,37.2258226687097],[-80.4184043559481,37.22583043496666],[-80.41845668400099,37.22583327163763],[-80.41849988942576,37.22582488780256],[-80.41856658022263,37.225803217689695],[-80.4186073322422,37.22578903609634],[-80.41861590511546,37.22580886823198],[-80.41857722732918,37.22584421694113],[-80.41853760272953,37.225872514083555],[-80.4184939646001,37.22589411683915],[-80.41845662213412,37.22590639985798],[-80.41842641282446,37.225912114664126],[-80.41843301012582,37.225929827563206],[-80.41849548237778,37.22592358928643],[-80.41857958044721,37.22590655182855],[-80.4186345369701,37.225891832010994],[-80.41869807096366,37.225874999838304],[-80.41871357394731,37.22592811627809]]},"properties":{"id":"E6398","from":"N560","to":"N565","length":78.7,"steep":false,"has_stairs":false}},{"type":"Feature","geometry":{"type":"LineString","coordinates":[[-80.4246920572965,37.22302078063694],[-80.4245969493826,37.22304666788049]]},"properties":{"id":"E6399","from":"N720","to":"N868","length":8.9,"steep":false,"has_stairs":false}},{"type":"Feature","geometry":{"type":"LineString","coordinates":[[-80.42756056055822,37.22921820658724],[-80.42755700524928,37.22926947819652]]},"properties":{"id":"E6400","from":"N869","to":"N870","length":5.7,"steep":false,"has_stairs":false}},{"type":"Feature","geometry":{"type":"LineString","coordinates":[[-80.4246920572965,37.22302078063694],[-80.42474034884276,37.22300168464523],[-80.42478945955506,37.222984806603904],[-80.4251397143992,37.22287995427093]]},"properties":{"id":"E6401","from":"N720","to":"N871","length":42.6,"steep":false,"has_stairs":false}},{"type":"Feature","geometry":{"type":"LineString","coordinates":[[-80.4251397143992,37.22287995427093],[-80.42515844142032,37.22287434838764],[-80.42532649711553,37.22273426711253]]},"properties":{"id":"E6401-1","from":"N871","to":"N346","length":23.3,"steep":false,"has_stairs":false}},{"type":"Feature","geometry":{"type":"LineString","coordinates":[[-80.42532690137102,37.22273412081962],[-80.42533694115903,37.222739701775346],[-80.42534586546944,37.22274693372485],[-80.425353405779,37.22275559906626],[-80.4253593352076,37.22276543706842],[-80.42536347534487,37.222776151716026],[-80.42536570161838,37.22278742061643],[-80.42536594704184,37.22279890470008]]},"properties":{"id":"E6403","from":"N346","to":"N872","length":8.4,"steep":false,"has_stairs":false}},{"type":"Feature","geometry":{"type":"LineString","coordinates":[[-80.42536594704184,37.22279890470008],[-80.42536420423072,37.22281025842279],[-80.42536052562441,37.2228211401628],[-80.42535502190837,37.22283122249981],[-80.42534785868371,37.222840202066756],[-80.42533925148443,37.22284780867774],[-80.42532945929227,37.22285381345773],[-80.42531877674415,37.222858035729104],[-80.42530752526687,37.22286034844809],[-80.42529604340575,37.22286068202737],[-80.42519168644972,37.22289395521584],[-80.4251397143992,37.22287995427093]]},"properties":{"id":"E6403-1","from":"N872","to":"N871","length":25.1,"steep":false,"has_stairs":false}},{"type":"Feature","geometry":{"type":"LineString","coordinates":[[-80.42457075962997,37.22246408515327],[-80.42478317208477,37.22240131080465],[-80.42497544610386,37.22234753934713]]},"properties":{"id":"E6404","from":"N639","to":"N873","length":38.1,"steep":false,"has_stairs":false}},{"type":"Feature","geometry":{"type":"LineString","coordinates":[[-80.42497544610386,37.22234753934713],[-80.42500123046592,37.22240935838356],[-80.42503293436627,37.22246836083515],[-80.42507025412311,37.2225239815358],[-80.42511283226212,37.22257568771214],[-80.42516026094053,37.22262298408679],[-80.42521208585381,37.222665417622515],[-80.42526781058727,37.22270258186168],[-80.42532690137102,37.22273412081962]]},"properties":{"id":"E6404-1","from":"N873","to":"N346","length":54.3,"steep":false,"has_stairs":false}},{"type":"Feature","geometry":{"type":"LineString","coordinates":[[-80.42704055755354,37.228539050040155],[-80.42747953555683,37.22908677168386],[-80.42754987646984,37.22918078046123],[-80.42756056055822,37.22921820658724]]},"properties":{"id":"E6405","from":"N874","to":"N869","length":88.7,"steep":false,"has_stairs":false}},{"type":"Feature","geometry":{"type":"LineString","coordinates":[[-80.42753101788013,37.229289464875244],[-80.42755700524928,37.22926947819652]]},"properties":{"id":"E6406","from":"N875","to":"N870","length":3.2,"steep":false,"has_stairs":false}},{"type":"Feature","geometry":{"type":"LineString","coordinates":[[-80.42753101788013,37.229289464875244],[-80.42769634619265,37.229455851049536]]},"properties":{"id":"E6407","from":"N875","to":"N876","length":23.6,"steep":false,"has_stairs":false}},{"type":"Feature","geometry":{"type":"LineString","coordinates":[[-80.4282537954742,37.2296718163832],[-80.42810608624217,37.229505219789736],[-80.42798830126459,37.22937901372999],[-80.42794661302804,37.22932923993256]]},"properties":{"id":"E6408","from":"N877","to":"N878","length":46.8,"steep":false,"has_stairs":false}},{"type":"Feature","geometry":{"type":"LineString","coordinates":[[-80.42769634619265,37.229455851049536],[-80.42794661302804,37.22932923993256]]},"properties":{"id":"E6410","from":"N876","to":"N878","length":26.3,"steep":false,"has_stairs":false}},{"type":"Feature","geometry":{"type":"LineString","coordinates":[[-80.42710991076247,37.22885195785715],[-80.42719745602334,37.228969383375066],[-80.42727443011722,37.22904663733541]]},"properties":{"id":"E6413","from":"N879","to":"N880","length":26.1,"steep":false,"has_stairs":false}},{"type":"Feature","geometry":{"type":"LineString","coordinates":[[-80.42727443011722,37.22904663733541],[-80.42735235010663,37.22910751843456],[-80.42743413622561,37.229159613748784],[-80.42750465562777,37.22919771761514],[-80.42756056055822,37.22921820658724]]},"properties":{"id":"E6414","from":"N880","to":"N869","length":31.9,"steep":false,"has_stairs":false}},{"type":"Feature","geometry":{"type":"LineString","coordinates":[[-80.42051332299172,37.22338906047118],[-80.42047800780256,37.223219164902986]]},"properties":{"id":"E6417","from":"N580","to":"N881","length":19.1,"steep":false,"has_stairs":false}},{"type":"Feature","geometry":{"type":"LineString","coordinates":[[-80.42047800780256,37.223219164902986],[-80.42034962773333,37.223247699947514]]},"properties":{"id":"E6417-1","from":"N881","to":"N743","length":11.8,"steep":false,"has_stairs":false}},{"type":"Feature","geometry":{"type":"LineString","coordinates":[[-80.4251491138298,37.22659040576588],[-80.42511385579199,37.226559371938876]]},"properties":{"id":"E6418","from":"N882","to":"N92","length":4.7,"steep":false,"has_stairs":false}},{"type":"Feature","geometry":{"type":"LineString","coordinates":[[-80.42511385579199,37.226559371938876],[-80.42517208251651,37.22652830596185],[-80.42527343317782,37.22647714731188],[-80.42536351868252,37.226445351602884],[-80.42538316358983,37.22643791560186],[-80.42540366212705,37.226433330139336],[-80.42542460293319,37.22643168723554],[-80.4254455657719,37.22643301985998],[-80.42546612996468,37.22643730126978],[-80.42548453329881,37.226443542191014],[-80.42550158142384,37.2264528692076],[-80.42551676146843,37.22646500172801],[-80.42552961676009,37.22647957476069]]},"properties":{"id":"E6418-1","from":"N92","to":"N883","length":42.5,"steep":false,"has_stairs":false}},{"type":"Feature","geometry":{"type":"LineString","coordinates":[[-80.42552961676009,37.22647957476069],[-80.42553976056361,37.22649614989433],[-80.42555815625768,37.22652660695983],[-80.42563568612947,37.226694640820604],[-80.42567622881236,37.22679642454459],[-80.42565959898602,37.226814512382575]]},"properties":{"id":"E6418-2","from":"N883","to":"N101","length":40.1,"steep":false,"has_stairs":false}},{"type":"Feature","geometry":{"type":"LineString","coordinates":[[-80.42546748611154,37.22292669022451],[-80.42545725330008,37.223015569478484],[-80.42545964737813,37.223069349602476],[-80.4254611245888,37.2231272599383],[-80.42547672812299,37.22321083908406]]},"properties":{"id":"E6419","from":"N884","to":"N862","length":31.7,"steep":false,"has_stairs":false}},{"type":"Feature","geometry":{"type":"LineString","coordinates":[[-80.42547672812299,37.22321083908406],[-80.42562992075733,37.22324518349088],[-80.42567931363611,37.22325404924866],[-80.42572940585063,37.22325705394159],[-80.42577950435421,37.22325415599848],[-80.42589875327754,37.2232400574431],[-80.42595019961325,37.22323449889355],[-80.42597146454715,37.22323008527758],[-80.42599315212479,37.22322893358541],[-80.42601476490239,37.22323107023319],[-80.42603580715179,37.22323644621302],[-80.42605579623095,37.22324493821711],[-80.4260742736542,37.223256351465956],[-80.4260908156084,37.22327042417608],[-80.4262629845857,37.223406960069816],[-80.42627788009237,37.22341638959877],[-80.42629116535124,37.22342797812896],[-80.42630253027171,37.22344145517307],[-80.4263117095857,37.223456506164055],[-80.42631848903932,37.22347277979745],[-80.42632271039363,37.22348989623116],[-80.4263242751182,37.22350745595132],[-80.42632722615421,37.223535427762855]]},"properties":{"id":"E6419-1","from":"N862","to":"N885","length":94.3,"steep":false,"has_stairs":false}},{"type":"Feature","geometry":{"type":"LineString","coordinates":[[-80.42487020533612,37.226791136294246],[-80.42486512683541,37.22679516582254],[-80.42478527455475,37.226855019718144],[-80.42469770187479,37.22693132976793],[-80.42463818520893,37.22699090424898]]},"properties":{"id":"E6420","from":"N415","to":"N343","length":30.3,"steep":false,"has_stairs":false}},{"type":"Feature","geometry":{"type":"LineString","coordinates":[[-80.42463818520893,37.22699090424898],[-80.42460187531101,37.227030184698116],[-80.42455076252122,37.22709171849068],[-80.4244728831544,37.227206383892714]]},"properties":{"id":"E6420-1","from":"N343","to":"N886","length":28.1,"steep":false,"has_stairs":false}},{"type":"Feature","geometry":{"type":"LineString","coordinates":[[-80.42154333490966,37.22299774312232],[-80.4219378901678,37.22290998217852]]},"properties":{"id":"E6421","from":"N94","to":"N887","length":36.3,"steep":false,"has_stairs":false}},{"type":"Feature","geometry":{"type":"LineString","coordinates":[[-80.42404331976999,37.219253194355666],[-80.42410273816607,37.219217398362666]]},"properties":{"id":"E6422","from":"N609","to":"N888","length":6.6,"steep":false,"has_stairs":false}},{"type":"Feature","geometry":{"type":"LineString","coordinates":[[-80.42261908991675,37.228753744754506],[-80.42307007080105,37.22842307198479],[-80.42337638650865,37.22820468037495]]},"properties":{"id":"E6423","from":"N889","to":"N460","length":90.7,"steep":false,"has_stairs":false}},{"type":"Feature","geometry":{"type":"LineString","coordinates":[[-80.42337638650865,37.22820468037495],[-80.42343534444149,37.22816264559927],[-80.42356422684865,37.22807087695677],[-80.42386181800116,37.2278618102625],[-80.42402746193032,37.22773403329008],[-80.42415432047571,37.2276231050717],[-80.42429920390869,37.22747829029823],[-80.42430875633904,37.22746830699856]]},"properties":{"id":"E6423-1","from":"N460","to":"N117","length":116.5,"steep":false,"has_stairs":false}},{"type":"Feature","geometry":{"type":"LineString","coordinates":[[-80.42430875633904,37.22746830699856],[-80.42439277653578,37.227338571612975],[-80.4244728831544,37.227206383892714]]},"properties":{"id":"E6423-2","from":"N117","to":"N886","length":32.6,"steep":false,"has_stairs":false}},{"type":"Feature","geometry":{"type":"LineString","coordinates":[[-80.42134576687745,37.22237080388667],[-80.42147553414283,37.22237850641022],[-80.42156272231566,37.22238815927159],[-80.4216760083151,37.222408448607105],[-80.42175944698157,37.22242607201807],[-80.42184099133152,37.22244688971354],[-80.42195055070626,37.22248148782982],[-80.42205837574635,37.22252560458553],[-80.42213451428246,37.2225632108619]]},"properties":{"id":"E6426","from":"N890","to":"N891","length":73.9,"steep":false,"has_stairs":false}},{"type":"Feature","geometry":{"type":"LineString","coordinates":[[-80.42213451428246,37.2225632108619],[-80.4221747732467,37.22259576057389],[-80.42221727469024,37.22262532229319],[-80.42226179729764,37.222651742084665]]},"properties":{"id":"E6426-1","from":"N891","to":"N840","length":15,"steep":false,"has_stairs":false}},{"type":"Feature","geometry":{"type":"LineString","coordinates":[[-80.42226179729764,37.222651742084665],[-80.4223167507692,37.22267893566894],[-80.42237364946688,37.22270178109002]]},"properties":{"id":"E6426-2","from":"N840","to":"N836","length":11.4,"steep":false,"has_stairs":false}},{"type":"Feature","geometry":{"type":"LineString","coordinates":[[-80.42237364946688,37.22270178109002],[-80.42240403447597,37.22271200966525],[-80.42247695013839,37.2227534247594],[-80.42249127302365,37.22276318038018]]},"properties":{"id":"E6426-3","from":"N836","to":"N223","length":12.5,"steep":false,"has_stairs":false}},{"type":"Feature","geometry":{"type":"LineString","coordinates":[[-80.42249127302365,37.22276318038018],[-80.42255957971577,37.22280970415328]]},"properties":{"id":"E6426-4","from":"N223","to":"N849","length":8,"steep":false,"has_stairs":false}},{"type":"Feature","geometry":{"type":"LineString","coordinates":[[-80.42255957971577,37.22280970415328],[-80.42256350853415,37.222846695462565]]},"properties":{"id":"E6426-5","from":"N849","to":"N835","length":4.1,"steep":false,"has_stairs":false}},{"type":"Feature","geometry":{"type":"LineString","coordinates":[[-80.42256350853415,37.222846695462565],[-80.42263845393398,37.22295402870029]]},"properties":{"id":"E6426-6","from":"N835","to":"N892","length":13.7,"steep":false,"has_stairs":false}},{"type":"Feature","geometry":{"type":"LineString","coordinates":[[-80.42510631787617,37.23311098722626],[-80.42515420336768,37.23298553929888],[-80.42517894823453,37.23293090926957],[-80.42519359753238,37.232893999955394],[-80.42521293202189,37.23285931455623],[-80.42523662191904,37.232827444693136],[-80.42526426315057,37.232798933963224],[-80.42535010550769,37.23273063812665],[-80.42536218499289,37.23272102813072],[-80.42543084218634,37.23266506174843]]},"properties":{"id":"E6427","from":"N893","to":"N894","length":58.6,"steep":false,"has_stairs":false}},{"type":"Feature","geometry":{"type":"LineString","coordinates":[[-80.42543084218634,37.23266506174843],[-80.42530181643303,37.232542032253086],[-80.42531017541619,37.23251900337779],[-80.4254312947012,37.23242688897567],[-80.42529027883994,37.23229892674443]]},"properties":{"id":"E6427-1","from":"N894","to":"N895","length":54.2,"steep":false,"has_stairs":false}},{"type":"Feature","geometry":{"type":"LineString","coordinates":[[-80.42564435995128,37.22732382037798],[-80.42568768540102,37.227364534699866]]},"properties":{"id":"E6428","from":"N896","to":"N897","length":5.9,"steep":false,"has_stairs":false}},{"type":"Feature","geometry":{"type":"LineString","coordinates":[[-80.42568768540102,37.227364534699866],[-80.4256421383497,37.22740095318001],[-80.42568311775464,37.22743276505877],[-80.42567160205947,37.227445400828366],[-80.42566224772219,37.22745971062511],[-80.42565529394574,37.22747532852836],[-80.42565091854748,37.227491855167415],[-80.42564923341219,37.22750886793403],[-80.42565028163104,37.22752593178898]]},"properties":{"id":"E6428-1","from":"N897","to":"N898","length":21.8,"steep":false,"has_stairs":false}},{"type":"Feature","geometry":{"type":"LineString","coordinates":[[-80.42897515178583,37.230381073764576],[-80.42899294920106,37.23042331174199],[-80.42899361295306,37.230481300211416],[-80.42900025572193,37.230672146330235],[-80.42900201527495,37.23069246182711],[-80.42900692563092,37.23071225333651],[-80.42901486631321,37.23073103526946],[-80.42902564249545,37.230748346807125],[-80.42903898978166,37.230763763207186],[-80.4290571665964,37.23078608925561]]},"properties":{"id":"E6429","from":"N221","to":"N899","length":46.5,"steep":false,"has_stairs":false}},{"type":"Feature","geometry":{"type":"LineString","coordinates":[[-80.4290571665964,37.23078608925561],[-80.42911263149361,37.23085421296544],[-80.42922143732771,37.23098051151838],[-80.42928923524126,37.23106302805342],[-80.42933447129896,37.23111923624803],[-80.42935856192592,37.231143832364346],[-80.4293999346308,37.23118083426318]]},"properties":{"id":"E6429-1","from":"N899","to":"N900","length":53.4,"steep":false,"has_stairs":false}},{"type":"Feature","geometry":{"type":"LineString","coordinates":[[-80.43492035420425,37.2311042234213],[-80.43482136464891,37.23121296526327],[-80.43477400258679,37.23123671975223],[-80.43452702858265,37.231332684755195],[-80.4342876424748,37.23140130974976],[-80.43415764803783,37.231435027009944],[-80.43408557445565,37.23145124940463],[-80.43400126605798,37.23146767220257],[-80.43388124029188,37.23147570780537],[-80.43376939172478,37.231482804486475],[-80.43365097572304,37.23149076030852],[-80.43355134265387,37.231496905017266],[-80.4335127793285,37.231498288329995],[-80.43342850701373,37.23148730571393],[-80.43336224960098,37.23147334937964],[-80.43329230495415,37.231462461878266],[-80.4332450026942,37.231453459436224],[-80.43322182864534,37.23145025256623],[-80.43319844102771,37.2314508355726],[-80.43317545554427,37.23145519310709],[-80.43315347731145,37.23146321045313],[-80.43310393719278,37.23149340174109],[-80.43309299995852,37.23149941845542]]},"properties":{"id":"E6431","from":"N316","to":"N901","length":175.9,"steep":false,"has_stairs":false}},{"type":"Feature","geometry":{"type":"LineString","coordinates":[[-80.42082792411182,37.22245527066348],[-80.42086295054938,37.22247376185346],[-80.42108436812477,37.22255028223819],[-80.4213834976247,37.22249185821811]]},"properties":{"id":"E6433","from":"N298","to":"N450","length":52.4,"steep":false,"has_stairs":false}},{"type":"Feature","geometry":{"type":"LineString","coordinates":[[-80.42651052487551,37.22784302886843],[-80.42642049005453,37.227735543174795],[-80.4260500253562,37.227274624418605]]},"properties":{"id":"E6434","from":"N182","to":"N626","length":75.2,"steep":false,"has_stairs":false}},{"type":"Feature","geometry":{"type":"LineString","coordinates":[[-80.42094106196619,37.223760746409134],[-80.42104936683437,37.224104209715314],[-80.42088312974005,37.2241190085338]]},"properties":{"id":"E6435","from":"N331","to":"N578","length":54.2,"steep":false,"has_stairs":false}},{"type":"Feature","geometry":{"type":"LineString","coordinates":[[-80.42276920325884,37.22325738835791],[-80.42302100473192,37.22377984036798]]},"properties":{"id":"E6436","from":"N902","to":"N204","length":62.2,"steep":false,"has_stairs":false}},{"type":"Feature","geometry":{"type":"LineString","coordinates":[[-80.42108972549532,37.22571439319816],[-80.42123016407159,37.22576863581225],[-80.42139949381864,37.22586031136669],[-80.42150331872712,37.225955914600114],[-80.42153675229522,37.22595727835481],[-80.42154304137847,37.225782620313076],[-80.42155815665791,37.22572037330366],[-80.42159334658741,37.22565016833912],[-80.42162433247363,37.22560099290437]]},"properties":{"id":"E6437","from":"N903","to":"N904","length":90,"steep":false,"has_stairs":false}},{"type":"Feature","geometry":{"type":"LineString","coordinates":[[-80.4205663005853,37.228777052008645],[-80.42063077373493,37.228742122959716]]},"properties":{"id":"E6438","from":"N905","to":"N557","length":6.9,"steep":false,"has_stairs":false}},{"type":"Feature","geometry":{"type":"LineString","coordinates":[[-80.42063077373493,37.228742122959716],[-80.4207029246141,37.22881486123536],[-80.42080271380598,37.228752998590934]]},"properties":{"id":"E6438-1","from":"N557","to":"N552","length":21.5,"steep":false,"has_stairs":false}},{"type":"Feature","geometry":{"type":"LineString","coordinates":[[-80.4223534058204,37.223599837934046],[-80.42244546658308,37.22342212535835],[-80.42251086639224,37.22329705820593],[-80.42252965811436,37.22326079368868]]},"properties":{"id":"E6439","from":"N116","to":"N188","length":40.8,"steep":false,"has_stairs":false}},{"type":"Feature","geometry":{"type":"LineString","coordinates":[[-80.42252965811436,37.22326079368868],[-80.42259251601875,37.2232050584344]]},"properties":{"id":"E6439-1","from":"N188","to":"N906","length":8.3,"steep":false,"has_stairs":false}},{"type":"Feature","geometry":{"type":"LineString","coordinates":[[-80.42201538824635,37.2215088078411],[-80.42218778164421,37.2216995318395]]},"properties":{"id":"E6440","from":"N907","to":"N908","length":26.1,"steep":false,"has_stairs":false}},{"type":"Feature","geometry":{"type":"LineString","coordinates":[[-80.42218778164421,37.2216995318395],[-80.42229230772371,37.221814356289904]]},"properties":{"id":"E6440-1","from":"N908","to":"N909","length":15.8,"steep":false,"has_stairs":false}},{"type":"Feature","geometry":{"type":"LineString","coordinates":[[-80.42240642683637,37.221966598852504],[-80.4223204703729,37.22187332905554]]},"properties":{"id":"E6442","from":"N731","to":"N910","length":12.9,"steep":false,"has_stairs":false}},{"type":"Feature","geometry":{"type":"LineString","coordinates":[[-80.42226551416626,37.22165486648139],[-80.42218778164421,37.2216995318395]]},"properties":{"id":"E6443","from":"N911","to":"N908","length":8.5,"steep":false,"has_stairs":false}},{"type":"Feature","geometry":{"type":"LineString","coordinates":[[-80.42267387971714,37.22166607492216],[-80.42271591502312,37.22168885145335],[-80.42286097938037,37.2218592307099]]},"properties":{"id":"E6444","from":"N205","to":"N912","length":27.4,"steep":false,"has_stairs":false}},{"type":"Feature","geometry":{"type":"LineString","coordinates":[[-80.42220628545572,37.222066045025024],[-80.4219813464483,37.222225899284325]]},"properties":{"id":"E6445","from":"N734","to":"N601","length":26.7,"steep":false,"has_stairs":false}},{"type":"Feature","geometry":{"type":"LineString","coordinates":[[-80.42230026219185,37.22214259709241],[-80.42220628545572,37.222066045025024]]},"properties":{"id":"E6446","from":"N292","to":"N734","length":11.9,"steep":false,"has_stairs":false}},{"type":"Feature","geometry":{"type":"LineString","coordinates":[[-80.41983048602597,37.2268840996712],[-80.41991761962656,37.22680327872602]]},"properties":{"id":"E6447","from":"N472","to":"N477","length":11.8,"steep":false,"has_stairs":false}},{"type":"Feature","geometry":{"type":"LineString","coordinates":[[-80.42538920729298,37.22330016794024],[-80.42540625544757,37.2233835621984]]},"properties":{"id":"E6448","from":"N124","to":"N913","length":9.4,"steep":false,"has_stairs":false}},{"type":"Feature","geometry":{"type":"LineString","coordinates":[[-80.42379087732543,37.222821827693295],[-80.42394077643755,37.222778311205715]]},"properties":{"id":"E6449","from":"N914","to":"N915","length":14.1,"steep":false,"has_stairs":false}},{"type":"Feature","geometry":{"type":"LineString","coordinates":[[-80.42531488945397,37.22310298812308],[-80.42489457812137,37.22322698387041],[-80.42478566845351,37.223246780153914]]},"properties":{"id":"E6450","from":"N125","to":"N719","length":49.6,"steep":false,"has_stairs":false}},{"type":"Feature","geometry":{"type":"LineString","coordinates":[[-80.42178273169665,37.22163573291294],[-80.42210483264229,37.221931307100135]]},"properties":{"id":"E6451","from":"N916","to":"N917","length":43.5,"steep":false,"has_stairs":false}},{"type":"Feature","geometry":{"type":"LineString","coordinates":[[-80.42210483264229,37.221931307100135],[-80.42226769390035,37.22185481913552]]},"properties":{"id":"E6451-1","from":"N917","to":"N918","length":16.7,"steep":false,"has_stairs":false}},{"type":"Feature","geometry":{"type":"LineString","coordinates":[[-80.42069679742173,37.230172859356315],[-80.4207836445238,37.23024777480482]]},"properties":{"id":"E6452","from":"N919","to":"N920","length":11.3,"steep":false,"has_stairs":false}},{"type":"Feature","geometry":{"type":"LineString","coordinates":[[-80.4207836445238,37.23024777480482],[-80.42090294585883,37.230221097870654]]},"properties":{"id":"E6452-1","from":"N920","to":"N921","length":11,"steep":false,"has_stairs":false}},{"type":"Feature","geometry":{"type":"LineString","coordinates":[[-80.42055525011628,37.22570713799934],[-80.4209148163395,37.22577125893979]]},"properties":{"id":"E6453","from":"N922","to":"N691","length":32.6,"steep":false,"has_stairs":false}},{"type":"Feature","geometry":{"type":"LineString","coordinates":[[-80.42676274570019,37.22987468652576],[-80.42655327334134,37.229696303352085]]},"properties":{"id":"E6454","from":"N923","to":"N924","length":27.2,"steep":false,"has_stairs":false}},{"type":"Feature","geometry":{"type":"LineString","coordinates":[[-80.4195771475347,37.227176337610246],[-80.41900522489718,37.227256525290684]]},"properties":{"id":"E6458","from":"N925","to":"N480","length":51.4,"steep":false,"has_stairs":false}},{"type":"Feature","geometry":{"type":"LineString","coordinates":[[-80.4195771475347,37.227176337610246],[-80.4196027483997,37.22766759428403]]},"properties":{"id":"E6459","from":"N925","to":"N478","length":54.7,"steep":false,"has_stairs":false}},{"type":"Feature","geometry":{"type":"LineString","coordinates":[[-80.42444446176219,37.22355821366934],[-80.4245186418324,37.223572316090376],[-80.42469180981264,37.223587360428446],[-80.42472575107996,37.2235744179459]]},"properties":{"id":"E6460","from":"N108","to":"N926","length":25.5,"steep":false,"has_stairs":false}},{"type":"Feature","geometry":{"type":"LineString","coordinates":[[-80.42472575107996,37.2235744179459],[-80.42474931538815,37.223567124463415],[-80.4252917492898,37.223573718693906]]},"properties":{"id":"E6460-1","from":"N926","to":"N502","length":50.3,"steep":false,"has_stairs":false}},{"type":"Feature","geometry":{"type":"LineString","coordinates":[[-80.4252917492898,37.223573718693906],[-80.42533485535988,37.22357424311798],[-80.42534419204273,37.223575112627294],[-80.42535355104624,37.22357453060824],[-80.42536270806086,37.22357251101021],[-80.42537144361815,37.22356910223743],[-80.42537954835083,37.22356438598878],[-80.42538682801074,37.223558475299775],[-80.4253931081245,37.22355151183338],[-80.42539823817502,37.2235436624847],[-80.42541695455988,37.223507588886825],[-80.42542188602562,37.22347363644944],[-80.42540625544757,37.2233835621984]]},"properties":{"id":"E6460-2","from":"N502","to":"N913","length":29.2,"steep":false,"has_stairs":false}},{"type":"Feature","geometry":{"type":"LineString","coordinates":[[-80.41915668455006,37.226254392900636],[-80.41912628171944,37.2262834857486],[-80.4190656957288,37.22624631594439],[-80.41905141911774,37.22626538572163]]},"properties":{"id":"E6461","from":"N458","to":"N462","length":13.4,"steep":false,"has_stairs":false}},{"type":"Feature","geometry":{"type":"LineString","coordinates":[[-80.41951408246148,37.225948312590475],[-80.41936796663515,37.22606994519106]]},"properties":{"id":"E6462","from":"N355","to":"N357","length":18.7,"steep":false,"has_stairs":false}},{"type":"Feature","geometry":{"type":"LineString","coordinates":[[-80.42353236249375,37.22575953769767],[-80.42357712458262,37.22567949185286]]},"properties":{"id":"E6463","from":"N927","to":"N928","length":9.7,"steep":false,"has_stairs":false}},{"type":"Feature","geometry":{"type":"LineString","coordinates":[[-80.42441095074675,37.22558340090212],[-80.42444210647407,37.225542506511516]]},"properties":{"id":"E6464","from":"N929","to":"N930","length":5.3,"steep":false,"has_stairs":false}},{"type":"Feature","geometry":{"type":"LineString","coordinates":[[-80.4196027483997,37.22766759428403],[-80.41964873537752,37.22770866945947],[-80.41959052641823,37.227765197152955],[-80.41950964531928,37.227834435635536],[-80.41966225391366,37.227857616083206],[-80.41973934563809,37.22787940268519],[-80.41987758213516,37.22788302356632],[-80.41989757037287,37.227898223929756]]},"properties":{"id":"E6467","from":"N478","to":"N39","length":60.5,"steep":false,"has_stairs":false}},{"type":"Feature","geometry":{"type":"LineString","coordinates":[[-80.4189813168323,37.22753976287589],[-80.41911093618177,37.227633559065374],[-80.41919051633755,37.22773407749344],[-80.4192478828018,37.2279318591383]]},"properties":{"id":"E6468","from":"N484","to":"N931","length":51.3,"steep":false,"has_stairs":false}},{"type":"Feature","geometry":{"type":"LineString","coordinates":[[-80.42066364378209,37.22541640643676],[-80.4209090750423,37.22543117728703]]},"properties":{"id":"E6470","from":"N808","to":"N932","length":21.8,"steep":false,"has_stairs":false}},{"type":"Feature","geometry":{"type":"LineString","coordinates":[[-80.42149291158792,37.22532205691938],[-80.42145181725306,37.225287518218494],[-80.42138552690199,37.22520638691714]]},"properties":{"id":"E6472","from":"N933","to":"N934","length":16.1,"steep":false,"has_stairs":false}},{"type":"Feature","geometry":{"type":"LineString","coordinates":[[-80.4254703555107,37.2281221626976],[-80.42560513277087,37.22813047130657],[-80.42576021071623,37.22825925369391]]},"properties":{"id":"E6476","from":"N64","to":"N935","length":31.8,"steep":false,"has_stairs":false}},{"type":"Feature","geometry":{"type":"LineString","coordinates":[[-80.4248222386216,37.2282884671301],[-80.42459767073646,37.22809575753014]]},"properties":{"id":"E6477","from":"N936","to":"N446","length":29.2,"steep":false,"has_stairs":false}},{"type":"Feature","geometry":{"type":"LineString","coordinates":[[-80.42211187332028,37.23168997201729],[-80.42211295832139,37.23168318212694],[-80.42206098519483,37.231619780571435],[-80.42195707952345,37.231522136771666],[-80.42171584765026,37.2312921934547]]},"properties":{"id":"E6478","from":"N695","to":"N544","length":56.7,"steep":false,"has_stairs":false}},{"type":"Feature","geometry":{"type":"LineString","coordinates":[[-80.42171584765026,37.2312921934547],[-80.42106385201967,37.23175266996619]]},"properties":{"id":"E6478-1","from":"N544","to":"N937","length":77.2,"steep":false,"has_stairs":false}},{"type":"Feature","geometry":{"type":"LineString","coordinates":[[-80.4229801967781,37.23157246779583],[-80.42284266178164,37.23143030311707],[-80.4228664992066,37.2314058425186],[-80.42266153808231,37.231263243744124],[-80.42266088680866,37.23123767780132]]},"properties":{"id":"E6479","from":"N438","to":"N938","length":50.3,"steep":false,"has_stairs":false}},{"type":"Feature","geometry":{"type":"LineString","coordinates":[[-80.42725529403539,37.225463672211134],[-80.4271738579925,37.22543730992536],[-80.42707607711664,37.22541699435541],[-80.4269631880603,37.22539094804257],[-80.42694487073332,37.22538900197759],[-80.42688176905445,37.22538017142718],[-80.42681812006437,37.225377237733014],[-80.42675447362434,37.22538022623917],[-80.42669137957353,37.22538911112804],[-80.42662938297906,37.22540381564342],[-80.42656901942716,37.22542421275355],[-80.42651081039631,37.22545012624858],[-80.42639616987512,37.225490227855865],[-80.42634912578632,37.22550380996439],[-80.42630105398891,37.225513122443004],[-80.42625234116181,37.2255180903842],[-80.42619080221105,37.225527917461214],[-80.42613055319141,37.2255438444677],[-80.42607219716591,37.22556571198219],[-80.42601315144982,37.22559171486572],[-80.42590702601561,37.22563528037533],[-80.42582791457993,37.22566246767458],[-80.42570662881711,37.22569831120842],[-80.42559028323686,37.225728069683306],[-80.42558375813799,37.225730166567864],[-80.4255776826192,37.22573333861953],[-80.42557223233578,37.22573749412802],[-80.4255675648662,37.22574251294937],[-80.4255638151562,37.22574824997953],[-80.42556109161734,37.22575453934963],[-80.42555947299249,37.22576119922153],[-80.42555900607931,37.225768037045185],[-80.42555970437718,37.22577485512558],[-80.42556154769692,37.22578145633853],[-80.42556448274452,37.22578764982993],[-80.42557597388985,37.22580856859801],[-80.42559005647617,37.22583706801549],[-80.42559928846671,37.22586748686465],[-80.42560342125532,37.225899006003154],[-80.42560234355103,37.225930776659226],[-80.4255960843751,37.22596194328803],[-80.4255848122795,37.225991666610426],[-80.4255688308079,37.226019146213766],[-80.42555650842654,37.22604167912182],[-80.42554803746226,37.226065924034536],[-80.42554364606477,37.22609122796025],[-80.4255434525082,37.226116909384736],[-80.42554746200561,37.22614227662658],[-80.42555556656868,37.226166646466254],[-80.42556754791602,37.22618936254743],[-80.42564680154254,37.22634161026738]]},"properties":{"id":"E6481","from":"N939","to":"N940","length":229,"steep":false,"has_stairs":false}},{"type":"Feature","geometry":{"type":"LineString","coordinates":[[-80.4181250751668,37.23049533417467],[-80.41857619493246,37.23022345386963]]},"properties":{"id":"E6482","from":"N325","to":"N324","length":50.1,"steep":false,"has_stairs":false}},{"type":"Feature","geometry":{"type":"LineString","coordinates":[[-80.41857619493246,37.23022345386963],[-80.41930349178965,37.22977640532354]]},"properties":{"id":"E6482-1","from":"N324","to":"N941","length":81.3,"steep":false,"has_stairs":false}},{"type":"Feature","geometry":{"type":"LineString","coordinates":[[-80.41930349178965,37.22977640532354],[-80.4195633262818,37.22962583672392]]},"properties":{"id":"E6482-2","from":"N941","to":"N581","length":28.5,"steep":false,"has_stairs":false}},{"type":"Feature","geometry":{"type":"LineString","coordinates":[[-80.4195633262818,37.22962583672392],[-80.42003950503107,37.229320396731964]]},"properties":{"id":"E6482-3","from":"N581","to":"N624","length":54.1,"steep":false,"has_stairs":false}},{"type":"Feature","geometry":{"type":"LineString","coordinates":[[-80.42003950503107,37.229320396731964],[-80.42025592594739,37.22920251283033]]},"properties":{"id":"E6482-4","from":"N624","to":"N942","length":23.2,"steep":false,"has_stairs":false}},{"type":"Feature","geometry":{"type":"LineString","coordinates":[[-80.41930349178965,37.22977640532354],[-80.41926295042471,37.229734235638816],[-80.41920910011989,37.22967979778656],[-80.41912630496994,37.22959304280998],[-80.41906806278419,37.229533876078015],[-80.41903880283054,37.22950255368536]]},"properties":{"id":"E6483","from":"N941","to":"N943","length":38.4,"steep":false,"has_stairs":false}},{"type":"Feature","geometry":{"type":"LineString","coordinates":[[-80.42079701805615,37.22969720274273],[-80.42074928352244,37.229728286829285]]},"properties":{"id":"E6484","from":"N944","to":"N945","length":5.5,"steep":false,"has_stairs":false}},{"type":"Feature","geometry":{"type":"LineString","coordinates":[[-80.42063465402269,37.22952951785735],[-80.42059267210114,37.22956138613135]]},"properties":{"id":"E6485","from":"N946","to":"N947","length":5.1,"steep":false,"has_stairs":false}},{"type":"Feature","geometry":{"type":"LineString","coordinates":[[-80.42565028163104,37.22752593178898],[-80.42565489240418,37.227544573748546],[-80.42566251503332,37.227562199792075],[-80.4256729406845,37.22757832702627],[-80.42568588373055,37.2275925136201],[-80.42571356221136,37.22761659316963],[-80.42623868506952,37.22805075742961]]},"properties":{"id":"E6487","from":"N898","to":"N183","length":78.8,"steep":false,"has_stairs":false}},{"type":"Feature","geometry":{"type":"LineString","coordinates":[[-80.42638597323042,37.22955291696102],[-80.42651824901206,37.22965980073617]]},"properties":{"id":"E6489","from":"N948","to":"N949","length":16.7,"steep":false,"has_stairs":false}},{"type":"Feature","geometry":{"type":"LineString","coordinates":[[-80.41840900377547,37.2289937883571],[-80.41838898665088,37.22899186317185],[-80.41833978576616,37.22895689273954],[-80.41831395097189,37.228940044051086],[-80.41798013566772,37.22914341929144],[-80.41797094834615,37.22916821047123]]},"properties":{"id":"E6490","from":"N950","to":"N951","length":50.7,"steep":false,"has_stairs":false}},{"type":"Feature","geometry":{"type":"LineString","coordinates":[[-80.42651824901206,37.22965980073617],[-80.42655327334134,37.229696303352085]]},"properties":{"id":"E6491","from":"N949","to":"N924","length":5.1,"steep":false,"has_stairs":false}},{"type":"Feature","geometry":{"type":"LineString","coordinates":[[-80.41878946986746,37.22740795084116],[-80.41866825562032,37.22764543748988]]},"properties":{"id":"E6492","from":"N54","to":"N952","length":28.5,"steep":false,"has_stairs":false}},{"type":"Feature","geometry":{"type":"LineString","coordinates":[[-80.41878946986746,37.22740795084116],[-80.41884818130951,37.22769677259154]]},"properties":{"id":"E6493","from":"N54","to":"N953","length":32.5,"steep":false,"has_stairs":false}},{"type":"Feature","geometry":{"type":"LineString","coordinates":[[-80.4189813168323,37.22753976287589],[-80.41878946986746,37.22740795084116]]},"properties":{"id":"E6494","from":"N484","to":"N54","length":22.4,"steep":false,"has_stairs":false}},{"type":"Feature","geometry":{"type":"LineString","coordinates":[[-80.4184499199067,37.22772958949104],[-80.41812966824901,37.22792870349527]]},"properties":{"id":"E6495","from":"N700","to":"N954","length":36,"steep":false,"has_stairs":false}},{"type":"Feature","geometry":{"type":"LineString","coordinates":[[-80.42139494845591,37.22369352454626],[-80.42134997568984,37.223583977606424]]},"properties":{"id":"E6496","from":"N218","to":"N955","length":12.8,"steep":false,"has_stairs":false}},{"type":"Feature","geometry":{"type":"LineString","coordinates":[[-80.41775084364548,37.22756112741274],[-80.41803673327486,37.2274523394042]]},"properties":{"id":"E6497","from":"N824","to":"N755","length":28.1,"steep":false,"has_stairs":false}},{"type":"Feature","geometry":{"type":"LineString","coordinates":[[-80.41895710988499,37.223087975700636],[-80.41874762813076,37.22323592776492],[-80.41868999545196,37.22326690972675],[-80.4185573973044,37.22327890617414],[-80.41855005510344,37.22328349226483]]},"properties":{"id":"E6498","from":"N822","to":"N400","length":43.6,"steep":false,"has_stairs":false}},{"type":"Feature","geometry":{"type":"LineString","coordinates":[[-80.41873146175185,37.2263847018487],[-80.41894225880962,37.226191406825954]]},"properties":{"id":"E6499","from":"N956","to":"N957","length":28.5,"steep":false,"has_stairs":false}},{"type":"Feature","geometry":{"type":"LineString","coordinates":[[-80.42009020548196,37.22493357053733],[-80.42030073647238,37.22479199998559]]},"properties":{"id":"E6500","from":"N763","to":"N764","length":24.4,"steep":false,"has_stairs":false}},{"type":"Feature","geometry":{"type":"LineString","coordinates":[[-80.42638597323042,37.22955291696102],[-80.42646546952405,37.22945180625311]]},"properties":{"id":"E6501","from":"N948","to":"N958","length":13.3,"steep":false,"has_stairs":false}},{"type":"Feature","geometry":{"type":"LineString","coordinates":[[-80.42646546952405,37.22945180625311],[-80.42662259632638,37.2295806775927],[-80.42651824901206,37.22965980073617]]},"properties":{"id":"E6502","from":"N958","to":"N949","length":32.7,"steep":false,"has_stairs":false}},{"type":"Feature","geometry":{"type":"LineString","coordinates":[[-80.4239135347132,37.22196610334051],[-80.42415413431341,37.22189223371979]]},"properties":{"id":"E6503","from":"N779","to":"N786","length":22.8,"steep":false,"has_stairs":false}},{"type":"Feature","geometry":{"type":"LineString","coordinates":[[-80.42415413431341,37.22189223371979],[-80.4243373276147,37.221839678436204]]},"properties":{"id":"E6503-1","from":"N786","to":"N959","length":17.2,"steep":false,"has_stairs":false}},{"type":"Feature","geometry":{"type":"LineString","coordinates":[[-80.41963274408958,37.22080870575847],[-80.42032919162719,37.22078889027363],[-80.42081071702808,37.22077533182135],[-80.42157580626814,37.22074952496064],[-80.42165632281124,37.220744961365895]]},"properties":{"id":"E6505","from":"N960","to":"N538","length":179.3,"steep":false,"has_stairs":false}},{"type":"Feature","geometry":{"type":"LineString","coordinates":[[-80.41932363985985,37.22028274079672],[-80.41935533738582,37.22028126187613]]},"properties":{"id":"E6506","from":"N363","to":"N961","length":2.8,"steep":false,"has_stairs":false}},{"type":"Feature","geometry":{"type":"LineString","coordinates":[[-80.42106385201967,37.23175266996619],[-80.42120642166586,37.231888552115365]]},"properties":{"id":"E6507","from":"N937","to":"N962","length":19.7,"steep":false,"has_stairs":false}},{"type":"Feature","geometry":{"type":"LineString","coordinates":[[-80.42690494831135,37.22904939758565],[-80.42699702620148,37.22897047526847]]},"properties":{"id":"E6510","from":"N963","to":"N964","length":12,"steep":false,"has_stairs":false}},{"type":"Feature","geometry":{"type":"LineString","coordinates":[[-80.42699702620148,37.22897047526847],[-80.42710991076247,37.22885195785715]]},"properties":{"id":"E6511","from":"N964","to":"N879","length":16.5,"steep":false,"has_stairs":false}},{"type":"Feature","geometry":{"type":"LineString","coordinates":[[-80.42710991076247,37.22885195785715],[-80.42721161547173,37.22875248398834]]},"properties":{"id":"E6511-1","from":"N879","to":"N965","length":14.3,"steep":false,"has_stairs":false}},{"type":"Feature","geometry":{"type":"LineString","coordinates":[[-80.42157143482832,37.221107474441176],[-80.42159350329344,37.221100852150656],[-80.4218334192745,37.22093610228721],[-80.42163004001195,37.22077002221148]]},"properties":{"id":"E6512","from":"N174","to":"N537","length":55.9,"steep":false,"has_stairs":false}},{"type":"Feature","geometry":{"type":"LineString","coordinates":[[-80.42444762937832,37.22921701055786],[-80.42465679452275,37.229396282936634],[-80.42467151746237,37.22938643792648]]},"properties":{"id":"E6515","from":"N966","to":"N967","length":28.9,"steep":false,"has_stairs":false}},{"type":"Feature","geometry":{"type":"LineString","coordinates":[[-80.42544484482934,37.22747096554577],[-80.42529360366596,37.22734263301629],[-80.42533322889958,37.22731579725428]]},"properties":{"id":"E6516","from":"N968","to":"N969","length":24.2,"steep":false,"has_stairs":false}},{"type":"Feature","geometry":{"type":"LineString","coordinates":[[-80.42699702620148,37.22897047526847],[-80.42717737319879,37.229090748024355],[-80.42727443011722,37.22904663733541]]},"properties":{"id":"E6517","from":"N964","to":"N880","length":30.7,"steep":false,"has_stairs":false}},{"type":"Feature","geometry":{"type":"LineString","coordinates":[[-80.42546810088501,37.22054367557622],[-80.42588663628148,37.22047786624261]]},"properties":{"id":"E6518","from":"N970","to":"N213","length":37.8,"steep":false,"has_stairs":false}},{"type":"Feature","geometry":{"type":"LineString","coordinates":[[-80.42588663628148,37.22047786624261],[-80.42639929566626,37.22039725413867],[-80.42644042965111,37.22039931275544]]},"properties":{"id":"E6518-1","from":"N213","to":"N971","length":49.9,"steep":false,"has_stairs":false}},{"type":"Feature","geometry":{"type":"LineString","coordinates":[[-80.42644042965111,37.22039931275544],[-80.42658229205587,37.22036429598679]]},"properties":{"id":"E6518-2","from":"N971","to":"N369","length":13.2,"steep":false,"has_stairs":false}},{"type":"Feature","geometry":{"type":"LineString","coordinates":[[-80.42690494831135,37.22904939758565],[-80.42698000235185,37.22910487385368]]},"properties":{"id":"E6519","from":"N963","to":"N972","length":9.1,"steep":false,"has_stairs":false}},{"type":"Feature","geometry":{"type":"LineString","coordinates":[[-80.42513131232143,37.220711487565765],[-80.42510530114406,37.22060234018761]]},"properties":{"id":"E6520","from":"N973","to":"N974","length":12.4,"steep":false,"has_stairs":false}},{"type":"Feature","geometry":{"type":"LineString","coordinates":[[-80.42551848699622,37.23212589528488],[-80.42542223332893,37.232046248101724]]},"properties":{"id":"E6521","from":"N975","to":"N976","length":12.3,"steep":false,"has_stairs":false}},{"type":"Feature","geometry":{"type":"LineString","coordinates":[[-80.42542223332893,37.232046248101724],[-80.42530369877264,37.23194816530893]]},"properties":{"id":"E6521-1","from":"N976","to":"N977","length":15.1,"steep":false,"has_stairs":false}},{"type":"Feature","geometry":{"type":"LineString","coordinates":[[-80.42530369877264,37.23194816530893],[-80.42507962595776,37.23212776865991]]},"properties":{"id":"E6521-2","from":"N977","to":"N978","length":28.1,"steep":false,"has_stairs":false}},{"type":"Feature","geometry":{"type":"LineString","coordinates":[[-80.42521410979066,37.232235783253145],[-80.42507962595776,37.23212776865991]]},"properties":{"id":"E6522","from":"N979","to":"N978","length":16.9,"steep":false,"has_stairs":false}},{"type":"Feature","geometry":{"type":"LineString","coordinates":[[-80.42542223332893,37.232046248101724],[-80.42583182405839,37.2317263885624]]},"properties":{"id":"E6523","from":"N976","to":"N980","length":50.8,"steep":false,"has_stairs":false}},{"type":"Feature","geometry":{"type":"LineString","coordinates":[[-80.42510530114406,37.22060234018761],[-80.42512935385551,37.22059845901241],[-80.42515216565769,37.22059387517647]]},"properties":{"id":"E6525","from":"N974","to":"N981","length":4.3,"steep":false,"has_stairs":false}},{"type":"Feature","geometry":{"type":"LineString","coordinates":[[-80.42515216565769,37.22059387517647],[-80.42517541894229,37.22059305381965],[-80.4251984973115,37.220596016714445],[-80.42522078900421,37.22060268532049],[-80.42524170311255,37.22061288286646],[-80.42526068524556,37.22062633903594],[-80.42527723222514,37.22064269713295],[-80.42529090542413,37.22066152353728],[-80.4253013423936,37.220682319198836]]},"properties":{"id":"E6525-1","from":"N981","to":"N982","length":17.9,"steep":false,"has_stairs":false}},{"type":"Feature","geometry":{"type":"LineString","coordinates":[[-80.4253013423936,37.220682319198836],[-80.42526225345847,37.22069297276421],[-80.42517940367345,37.22070648515782],[-80.42513131232143,37.220711487565765]]},"properties":{"id":"E6525-2","from":"N982","to":"N973","length":15.4,"steep":false,"has_stairs":false}},{"type":"Feature","geometry":{"type":"LineString","coordinates":[[-80.42074264363062,37.2255665461119],[-80.42055525011628,37.22570713799934]]},"properties":{"id":"E6526","from":"N983","to":"N922","length":22.8,"steep":false,"has_stairs":false}},{"type":"Feature","geometry":{"type":"LineString","coordinates":[[-80.42055525011628,37.22570713799934],[-80.42040202997234,37.22568496823628],[-80.42035816179397,37.22569945351126],[-80.42033452811953,37.22568722818088]]},"properties":{"id":"E6526-1","from":"N922","to":"N984","length":20.5,"steep":false,"has_stairs":false}},{"type":"Feature","geometry":{"type":"LineString","coordinates":[[-80.425847359733,37.22717629444449],[-80.42579671323787,37.22721052405456],[-80.42564435995128,37.22732382037798]]},"properties":{"id":"E6527","from":"N985","to":"N896","length":24.3,"steep":false,"has_stairs":false}},{"type":"Feature","geometry":{"type":"LineString","coordinates":[[-80.4282202270547,37.22041058875423],[-80.4275063170073,37.22074127405305]]},"properties":{"id":"E6528","from":"N986","to":"N987","length":73.1,"steep":false,"has_stairs":false}},{"type":"Feature","geometry":{"type":"LineString","coordinates":[[-80.42800369888342,37.220367187097786],[-80.42804474555118,37.22036300159086],[-80.42815075487313,37.220316153412725]]},"properties":{"id":"E6531","from":"N988","to":"N989","length":14.4,"steep":false,"has_stairs":false}},{"type":"Feature","geometry":{"type":"LineString","coordinates":[[-80.42549516428808,37.22688077393777],[-80.42525872246036,37.22706378291888],[-80.42513477875283,37.22696458143327],[-80.42512388804154,37.22697277415147]]},"properties":{"id":"E6532","from":"N102","to":"N990","length":46.1,"steep":false,"has_stairs":false}},{"type":"Feature","geometry":{"type":"LineString","coordinates":[[-80.42517391322693,37.226798624636906],[-80.42529234706312,37.22671059170488]]},"properties":{"id":"E6533","from":"N991","to":"N992","length":14.3,"steep":false,"has_stairs":false}},{"type":"Feature","geometry":{"type":"LineString","coordinates":[[-80.42749061356227,37.22097485375608],[-80.42762132235767,37.220915113640245]]},"properties":{"id":"E6534","from":"N368","to":"N993","length":13.3,"steep":false,"has_stairs":false}},{"type":"Feature","geometry":{"type":"LineString","coordinates":[[-80.42762132235767,37.220915113640245],[-80.42834728975939,37.220583305964944],[-80.4282202270547,37.22041058875423]]},"properties":{"id":"E6534-1","from":"N993","to":"N986","length":96.4,"steep":false,"has_stairs":false}},{"type":"Feature","geometry":{"type":"LineString","coordinates":[[-80.4282202270547,37.22041058875423],[-80.42815075487313,37.220316153412725]]},"properties":{"id":"E6534-2","from":"N986","to":"N989","length":12.2,"steep":false,"has_stairs":false}},{"type":"Feature","geometry":{"type":"LineString","coordinates":[[-80.42815075487313,37.220316153412725],[-80.42782985746638,37.21987994941069],[-80.4277956940579,37.219831506449914]]},"properties":{"id":"E6534-3","from":"N989","to":"N994","length":62.4,"steep":false,"has_stairs":false}},{"type":"Feature","geometry":{"type":"LineString","coordinates":[[-80.42769634619265,37.229455851049536],[-80.42770227492727,37.22949031749899]]},"properties":{"id":"E6538","from":"N876","to":"N995","length":3.9,"steep":false,"has_stairs":false}},{"type":"Feature","geometry":{"type":"LineString","coordinates":[[-80.42762132235767,37.220915113640245],[-80.4275063170073,37.22074127405305]]},"properties":{"id":"E6539","from":"N993","to":"N987","length":21.8,"steep":false,"has_stairs":false}},{"type":"Feature","geometry":{"type":"LineString","coordinates":[[-80.4275063170073,37.22074127405305],[-80.42747830310506,37.22071219198237]]},"properties":{"id":"E6539-1","from":"N987","to":"N996","length":4.1,"steep":false,"has_stairs":false}},{"type":"Feature","geometry":{"type":"LineString","coordinates":[[-80.42658229205587,37.22036429598679],[-80.42684029619684,37.220246892196876],[-80.42695113324847,37.2201989938072],[-80.42699029517416,37.22018128504117]]},"properties":{"id":"E6540","from":"N369","to":"N997","length":41.5,"steep":false,"has_stairs":false}},{"type":"Feature","geometry":{"type":"LineString","coordinates":[[-80.42699029517416,37.22018128504117],[-80.42738604008969,37.220002327611375]]},"properties":{"id":"E6540-1","from":"N997","to":"N998","length":40.3,"steep":false,"has_stairs":false}},{"type":"Feature","geometry":{"type":"LineString","coordinates":[[-80.42738604008969,37.220002327611375],[-80.42763076429904,37.21989166149254],[-80.42765700375757,37.219892486634556],[-80.4277956940579,37.219831506449914]]},"properties":{"id":"E6540-2","from":"N998","to":"N994","length":41.3,"steep":false,"has_stairs":false}},{"type":"Feature","geometry":{"type":"LineString","coordinates":[[-80.42043880492795,37.22542389877047],[-80.42044230834657,37.225547775140804]]},"properties":{"id":"E6542","from":"N631","to":"N999","length":13.8,"steep":false,"has_stairs":false}},{"type":"Feature","geometry":{"type":"LineString","coordinates":[[-80.42651052487551,37.22784302886843],[-80.42667505702106,37.22806882389835],[-80.42692112269074,37.228379389962484],[-80.42692898836579,37.228386986693565],[-80.42693549241221,37.228395777401566],[-80.42694045644812,37.22840552098995],[-80.42694374432838,37.2284159502282],[-80.42694526587866,37.22842677908094],[-80.42694497936844,37.22843771055289]]},"properties":{"id":"E6543","from":"N182","to":"N1000","length":76.9,"steep":false,"has_stairs":false}},{"type":"Feature","geometry":{"type":"LineString","coordinates":[[-80.42694497936844,37.22843771055289],[-80.42694289265565,37.22844844483427],[-80.42693906297107,37.22845868752353],[-80.42693359534879,37.22846815770165],[-80.4269266397454,37.228476595636735],[-80.42691838692734,37.228483769907506],[-80.42690906323881,37.22848948375029],[-80.4267324983524,37.2286223829893]]},"properties":{"id":"E6543-1","from":"N1000","to":"N1001","length":28.3,"steep":false,"has_stairs":false}},{"type":"Feature","geometry":{"type":"LineString","coordinates":[[-80.4267324983524,37.2286223829893],[-80.42655816670057,37.22875359976272],[-80.42656570521174,37.22876270765745]]},"properties":{"id":"E6543-2","from":"N1001","to":"N1002","length":22.5,"steep":false,"has_stairs":false}},{"type":"Feature","geometry":{"type":"LineString","coordinates":[[-80.42431906491248,37.21847716582864],[-80.42436682479513,37.21841872036323],[-80.42437869811478,37.21833758167026],[-80.42437706483194,37.21818637936524]]},"properties":{"id":"E6544","from":"N534","to":"N545","length":33.7,"steep":false,"has_stairs":false}},{"type":"Feature","geometry":{"type":"LineString","coordinates":[[-80.42712595107224,37.22023757968421],[-80.42724726772087,37.22038619420798]]},"properties":{"id":"E6545","from":"N1003","to":"N1004","length":19.7,"steep":false,"has_stairs":false}},{"type":"Feature","geometry":{"type":"LineString","coordinates":[[-80.42437706483194,37.21818637936524],[-80.42432127471956,37.2181879874866],[-80.42431474915443,37.217985227751726],[-80.42427426737679,37.21788716666229]]},"properties":{"id":"E6546","from":"N545","to":"N1005","length":39,"steep":false,"has_stairs":false}},{"type":"Feature","geometry":{"type":"LineString","coordinates":[[-80.42354357096966,37.219231464304684],[-80.42375279814603,37.219231086175036]]},"properties":{"id":"E6547","from":"N1006","to":"N607","length":18.5,"steep":false,"has_stairs":false}},{"type":"Feature","geometry":{"type":"LineString","coordinates":[[-80.42375279814603,37.219231086175036],[-80.42377914325907,37.21921798203254],[-80.4239504600243,37.21913567659846]]},"properties":{"id":"E6547-1","from":"N607","to":"N1007","length":20.5,"steep":false,"has_stairs":false}},{"type":"Feature","geometry":{"type":"LineString","coordinates":[[-80.4239504600243,37.21913567659846],[-80.4239558887273,37.219133069021005],[-80.42419438110929,37.219023752701055]]},"properties":{"id":"E6547-2","from":"N1007","to":"N1008","length":24.9,"steep":false,"has_stairs":false}},{"type":"Feature","geometry":{"type":"LineString","coordinates":[[-80.42397905908956,37.2327326893454],[-80.42386348595248,37.23307112024584]]},"properties":{"id":"E6548","from":"N1009","to":"N170","length":39,"steep":false,"has_stairs":false}},{"type":"Feature","geometry":{"type":"LineString","coordinates":[[-80.42056702666498,37.21900935381873],[-80.42056806229739,37.21911384420951],[-80.42046810159363,37.21921657925351],[-80.42039340020652,37.21928074925895],[-80.42004526819812,37.21928641309292],[-80.4199990484534,37.21929078272863],[-80.4199535927229,37.219300223866355],[-80.41990945574528,37.2193146212871],[-80.41986717616525,37.21933379928569],[-80.41982726995998,37.21935752381514],[-80.41970959565558,37.219452968341024]]},"properties":{"id":"E6549","from":"N501","to":"N1010","length":102.7,"steep":false,"has_stairs":false}},{"type":"Feature","geometry":{"type":"LineString","coordinates":[[-80.41539222392724,37.229117433472815],[-80.41529633833696,37.229178921688955]]},"properties":{"id":"E6550","from":"N1011","to":"N1012","length":10.9,"steep":false,"has_stairs":false}},{"type":"Feature","geometry":{"type":"LineString","coordinates":[[-80.41842557140019,37.23214865228933],[-80.41842875324372,37.23212713839962],[-80.41863275799447,37.23199862968409],[-80.41861897872606,37.23198454581676]]},"properties":{"id":"E6551","from":"N1013","to":"N1014","length":27.4,"steep":false,"has_stairs":false}},{"type":"Feature","geometry":{"type":"LineString","coordinates":[[-80.42325385251887,37.228070983559896],[-80.42318661479842,37.228110940497324],[-80.42315863929181,37.228124424583605],[-80.42312882451819,37.22813311531583],[-80.42310749562165,37.22814010824486],[-80.4230875501518,37.22815040392922],[-80.42306949571174,37.22816374034846],[-80.4229997785161,37.22821415187623],[-80.42297583234209,37.22820202534625],[-80.4229502306894,37.22819396139196],[-80.42292365742523,37.22819017541641],[-80.42289682237032,37.228190768549965],[-80.42287044233832,37.22819572494893],[-80.42284522198837,37.228204912218786],[-80.42282183500237,37.22821808495066],[-80.4228009060897,37.228234891276685],[-80.42278299430012,37.22825488226898],[-80.42276857809043,37.2282775239314],[-80.42275804254409,37.228302211463536],[-80.42275166908492,37.228328285416005],[-80.42274962795972,37.22835504930562],[-80.4227519736907,37.228381788219686],[-80.42275864361906,37.22840778791266],[-80.42273046711796,37.22842426173609],[-80.4227090480893,37.22843765396059],[-80.42267545257835,37.22847639206219],[-80.42256424744483,37.228571704940336],[-80.42247861428345,37.228638566885905]]},"properties":{"id":"E6552","from":"N287","to":"N1015","length":103.7,"steep":false,"has_stairs":false}},{"type":"Feature","geometry":{"type":"LineString","coordinates":[[-80.41549027923837,37.22935471575834],[-80.41553956987713,37.22939939448835],[-80.41560472603479,37.22944544705187],[-80.41583133438156,37.229584848527345],[-80.41596326658035,37.22965996943431],[-80.41600229382557,37.22969367474204],[-80.41626804042393,37.22996502560801],[-80.41629096079232,37.22998846354099]]},"properties":{"id":"E6553","from":"N1016","to":"N1017","length":100.7,"steep":false,"has_stairs":false}},{"type":"Feature","geometry":{"type":"LineString","coordinates":[[-80.41629096079232,37.22998846354099],[-80.416701398758,37.229756217686244]]},"properties":{"id":"E6553-1","from":"N1017","to":"N1018","length":44.6,"steep":false,"has_stairs":false}},{"type":"Feature","geometry":{"type":"LineString","coordinates":[[-80.416701398758,37.229756217686244],[-80.4166693049344,37.22972627012355]]},"properties":{"id":"E6553-2","from":"N1018","to":"N1019","length":4.4,"steep":false,"has_stairs":false}},{"type":"Feature","geometry":{"type":"LineString","coordinates":[[-80.41661188709857,37.22968844104872],[-80.41646619993756,37.229535911523],[-80.41627480442628,37.229338708348855],[-80.41616275321532,37.229271372985195]]},"properties":{"id":"E6554","from":"N1020","to":"N1021","length":61.4,"steep":false,"has_stairs":false}},{"type":"Feature","geometry":{"type":"LineString","coordinates":[[-80.41668143982817,37.22973759325063],[-80.41737894366794,37.2293034501124]]},"properties":{"id":"E6555","from":"N1022","to":"N1023","length":78.4,"steep":false,"has_stairs":false}},{"type":"Feature","geometry":{"type":"LineString","coordinates":[[-80.41539222392724,37.229117433472815],[-80.41538875690541,37.22911414778386],[-80.41518054571412,37.22890630304611]]},"properties":{"id":"E6556","from":"N1011","to":"N1024","length":30,"steep":false,"has_stairs":false}},{"type":"Feature","geometry":{"type":"LineString","coordinates":[[-80.41518054571412,37.22890630304611],[-80.41509257828795,37.228818489119384],[-80.41488552054838,37.2287851039072]]},"properties":{"id":"E6556-1","from":"N1024","to":"N723","length":31.2,"steep":false,"has_stairs":false}},{"type":"Feature","geometry":{"type":"LineString","coordinates":[[-80.41772068241521,37.23160806073172],[-80.41776862919602,37.23155839728634]]},"properties":{"id":"E6557","from":"N1025","to":"N1026","length":7,"steep":false,"has_stairs":false}},{"type":"Feature","geometry":{"type":"LineString","coordinates":[[-80.41737332744363,37.230956609692484],[-80.41692739044741,37.23122497080179],[-80.41691201168732,37.23123447667592]]},"properties":{"id":"E6559","from":"N1027","to":"N1028","length":51.2,"steep":false,"has_stairs":false}},{"type":"Feature","geometry":{"type":"LineString","coordinates":[[-80.41737332744363,37.230956609692484],[-80.41751133520089,37.23086795959794],[-80.4181250751668,37.23049533417467]]},"properties":{"id":"E6560","from":"N1027","to":"N325","length":84,"steep":false,"has_stairs":false}},{"type":"Feature","geometry":{"type":"LineString","coordinates":[[-80.41852557121442,37.2309100886918],[-80.4185693516732,37.230861602089355],[-80.41924203869054,37.23040409178608]]},"properties":{"id":"E6561","from":"N1029","to":"N359","length":85,"steep":false,"has_stairs":false}},{"type":"Feature","geometry":{"type":"LineString","coordinates":[[-80.41785437769266,37.228094678774724],[-80.41785775313338,37.22809830566327],[-80.41802188191906,37.22827468455938]]},"properties":{"id":"E6562","from":"N52","to":"N1030","length":24.9,"steep":false,"has_stairs":false}},{"type":"Feature","geometry":{"type":"LineString","coordinates":[[-80.41532851460022,37.23057160403368],[-80.41537872016444,37.23057538054018],[-80.41617241027016,37.2300629175746]]},"properties":{"id":"E6563","from":"N1031","to":"N1032","length":94.9,"steep":false,"has_stairs":false}},{"type":"Feature","geometry":{"type":"LineString","coordinates":[[-80.42325385251887,37.228070983559896],[-80.42340976984015,37.227978326665145],[-80.4234275210514,37.22799691475932]]},"properties":{"id":"E6564","from":"N287","to":"N1033","length":19.8,"steep":false,"has_stairs":false}},{"type":"Feature","geometry":{"type":"LineString","coordinates":[[-80.41948426786374,37.22166036644133],[-80.41950726115269,37.22165965182711],[-80.41960780187736,37.22164163593437]]},"properties":{"id":"E6565","from":"N153","to":"N1034","length":11.2,"steep":false,"has_stairs":false}},{"type":"Feature","geometry":{"type":"LineString","coordinates":[[-80.41733140561537,37.22925863100665],[-80.41737894366794,37.2293034501124]]},"properties":{"id":"E6566","from":"N1035","to":"N1023","length":6.5,"steep":false,"has_stairs":false}},{"type":"Feature","geometry":{"type":"LineString","coordinates":[[-80.41730198054422,37.22897859991947],[-80.41746373642019,37.229147667282305],[-80.41747223442991,37.229204612723194]]},"properties":{"id":"E6567","from":"N1036","to":"N1037","length":30,"steep":false,"has_stairs":false}},{"type":"Feature","geometry":{"type":"LineString","coordinates":[[-80.41747223442991,37.229204612723194],[-80.41745029314681,37.22924092750479],[-80.41737894366794,37.2293034501124]]},"properties":{"id":"E6567-1","from":"N1037","to":"N1023","length":13.9,"steep":false,"has_stairs":false}},{"type":"Feature","geometry":{"type":"LineString","coordinates":[[-80.41747223442991,37.229204612723194],[-80.41753068155123,37.229216182989596],[-80.4175974504475,37.2292191081543],[-80.41768037484873,37.229226305168226]]},"properties":{"id":"E6568","from":"N1037","to":"N1038","length":18.6,"steep":false,"has_stairs":false}},{"type":"Feature","geometry":{"type":"LineString","coordinates":[[-80.42017799586334,37.22239997093625],[-80.42014910304208,37.222426409589]]},"properties":{"id":"E6569","from":"N1039","to":"N736","length":3.9,"steep":false,"has_stairs":false}},{"type":"Feature","geometry":{"type":"LineString","coordinates":[[-80.41987335883081,37.2220499179918],[-80.41982506186476,37.22207032265906]]},"properties":{"id":"E6570","from":"N1040","to":"N735","length":4.8,"steep":false,"has_stairs":false}},{"type":"Feature","geometry":{"type":"LineString","coordinates":[[-80.41507279542964,37.22897629428133],[-80.41518054571412,37.22890630304611]]},"properties":{"id":"E6571","from":"N1041","to":"N1024","length":12.3,"steep":false,"has_stairs":false}},{"type":"Feature","geometry":{"type":"LineString","coordinates":[[-80.41982506186476,37.22207032265906],[-80.41981003910419,37.22207760871906],[-80.41972683261018,37.22213701449139],[-80.41971285022296,37.22214342018994]]},"properties":{"id":"E6572","from":"N735","to":"N256","length":12.9,"steep":false,"has_stairs":false}},{"type":"Feature","geometry":{"type":"LineString","coordinates":[[-80.41544515678804,37.228960722558746],[-80.41537799926625,37.228893213172974]]},"properties":{"id":"E6573","from":"N1042","to":"N1043","length":9.6,"steep":false,"has_stairs":false}},{"type":"Feature","geometry":{"type":"LineString","coordinates":[[-80.41554182215437,37.22867838366578],[-80.41546423921316,37.228727825940936]]},"properties":{"id":"E6574","from":"N1044","to":"N1045","length":8.8,"steep":false,"has_stairs":false}},{"type":"Feature","geometry":{"type":"LineString","coordinates":[[-80.41955710032401,37.22180941117479],[-80.41953498691679,37.22181552188081]]},"properties":{"id":"E6575","from":"N1046","to":"N1047","length":2.1,"steep":false,"has_stairs":false}},{"type":"Feature","geometry":{"type":"LineString","coordinates":[[-80.41607003285993,37.22898205575377],[-80.41597091647647,37.22888054462379]]},"properties":{"id":"E6576","from":"N1048","to":"N1049","length":14.3,"steep":false,"has_stairs":false}},{"type":"Feature","geometry":{"type":"LineString","coordinates":[[-80.4158394275332,37.22870915714918],[-80.41580147129167,37.228665180549285]]},"properties":{"id":"E6577","from":"N379","to":"N1050","length":5.9,"steep":false,"has_stairs":false}},{"type":"Feature","geometry":{"type":"LineString","coordinates":[[-80.41600767151179,37.22861705009484],[-80.41595934424883,37.22856373608165]]},"properties":{"id":"E6578","from":"N113","to":"N1051","length":7.3,"steep":false,"has_stairs":false}},{"type":"Feature","geometry":{"type":"LineString","coordinates":[[-80.41662222840934,37.22864952360819],[-80.41638964098996,37.22839128961387]]},"properties":{"id":"E6579","from":"N110","to":"N112","length":35.3,"steep":false,"has_stairs":false}},{"type":"Feature","geometry":{"type":"LineString","coordinates":[[-80.41706554929804,37.22856108602028],[-80.41721435938868,37.228476189425244]]},"properties":{"id":"E6580","from":"N266","to":"N1052","length":16.2,"steep":false,"has_stairs":false}},{"type":"Feature","geometry":{"type":"LineString","coordinates":[[-80.4186360761374,37.2322273693004],[-80.41828815919129,37.23247267922325],[-80.41814128714033,37.2325384744466]]},"properties":{"id":"E6581","from":"N1053","to":"N1054","length":56.1,"steep":false,"has_stairs":false}},{"type":"Feature","geometry":{"type":"LineString","coordinates":[[-80.4191801179998,37.23152306100001],[-80.41888032746365,37.2312441313217],[-80.41852557121442,37.2309100886918]]},"properties":{"id":"E6582","from":"N18","to":"N1029","length":89.5,"steep":false,"has_stairs":false}},{"type":"Feature","geometry":{"type":"LineString","coordinates":[[-80.41717324940305,37.23153919839569],[-80.41715501319243,37.23158744084804]]},"properties":{"id":"E6583","from":"N1055","to":"N1056","length":5.6,"steep":false,"has_stairs":false}},{"type":"Feature","geometry":{"type":"LineString","coordinates":[[-80.41707697131729,37.23162279737304],[-80.41717244220871,37.231688111043766],[-80.4172367599876,37.231711291961204],[-80.41741787856535,37.231721480978656],[-80.41753019059693,37.23168150278542]]},"properties":{"id":"E6584","from":"N1057","to":"N1058","length":44.4,"steep":false,"has_stairs":false}},{"type":"Feature","geometry":{"type":"LineString","coordinates":[[-80.41815548877305,37.23164272831313],[-80.41787032314829,37.231690269771235],[-80.41780898156125,37.2316793577363],[-80.41772068241521,37.23160806073172]]},"properties":{"id":"E6585","from":"N1059","to":"N1025","length":42.5,"steep":false,"has_stairs":false}},{"type":"Feature","geometry":{"type":"LineString","coordinates":[[-80.41772068241521,37.23160806073172],[-80.41753019059693,37.23168150278542]]},"properties":{"id":"E6585-1","from":"N1025","to":"N1058","length":18.7,"steep":false,"has_stairs":false}},{"type":"Feature","geometry":{"type":"LineString","coordinates":[[-80.41753019059693,37.23168150278542],[-80.41741079575839,37.23167748017619],[-80.41730113896858,37.231645876041675],[-80.41717767421451,37.23159899675006],[-80.41715501319243,37.23158744084804]]},"properties":{"id":"E6585-2","from":"N1058","to":"N1056","length":35.4,"steep":false,"has_stairs":false}},{"type":"Feature","geometry":{"type":"LineString","coordinates":[[-80.41715501319243,37.23158744084804],[-80.41707697131729,37.23162279737304]]},"properties":{"id":"E6585-3","from":"N1056","to":"N1057","length":7.9,"steep":false,"has_stairs":false}},{"type":"Feature","geometry":{"type":"LineString","coordinates":[[-80.41707697131729,37.23162279737304],[-80.41693554934413,37.23154101537888]]},"properties":{"id":"E6585-4","from":"N1057","to":"N1060","length":15.5,"steep":false,"has_stairs":false}},{"type":"Feature","geometry":{"type":"LineString","coordinates":[[-80.41693554934413,37.23154101537888],[-80.41692969909717,37.2315376323406],[-80.41668808148651,37.23144727997859],[-80.41660686819775,37.23142308876035]]},"properties":{"id":"E6585-5","from":"N1060","to":"N1061","length":31.9,"steep":false,"has_stairs":false}},{"type":"Feature","geometry":{"type":"LineString","coordinates":[[-80.41785437769266,37.228094678774724],[-80.41790443413261,37.22804975231633],[-80.41796278579008,37.22801297652415]]},"properties":{"id":"E6586","from":"N52","to":"N1062","length":13.3,"steep":false,"has_stairs":false}},{"type":"Feature","geometry":{"type":"LineString","coordinates":[[-80.4205490914341,37.2332494085791],[-80.42047104798094,37.23322969282985],[-80.420534936839,37.23306706831131],[-80.42076303613511,37.233124787536035],[-80.42088307297064,37.2328295243929]]},"properties":{"id":"E6587","from":"N867","to":"N865","length":81.9,"steep":false,"has_stairs":false}},{"type":"Feature","geometry":{"type":"LineString","coordinates":[[-80.42537934371158,37.2277095451724],[-80.42559531800005,37.227542799138],[-80.42565028163104,37.22752593178898]]},"properties":{"id":"E6588","from":"N1063","to":"N898","length":31.9,"steep":false,"has_stairs":false}},{"type":"Feature","geometry":{"type":"LineString","coordinates":[[-80.42521004133556,37.227644134502874],[-80.42528704421986,37.22763600090301]]},"properties":{"id":"E6589","from":"N1064","to":"N1065","length":6.9,"steep":false,"has_stairs":false}},{"type":"Feature","geometry":{"type":"LineString","coordinates":[[-80.42528704421986,37.22763600090301],[-80.42537934371158,37.2277095451724]]},"properties":{"id":"E6589-1","from":"N1065","to":"N1063","length":11.6,"steep":false,"has_stairs":false}},{"type":"Feature","geometry":{"type":"LineString","coordinates":[[-80.42019646436309,37.229335388835445],[-80.42037437256629,37.22951933649604],[-80.42033858618872,37.22954273459458]]},"properties":{"id":"E6590","from":"N549","to":"N1066","length":29.9,"steep":false,"has_stairs":false}},{"type":"Feature","geometry":{"type":"LineString","coordinates":[[-80.42160716512613,37.22655217555012],[-80.42156129406317,37.22651358767618],[-80.4214223613099,37.22644692470091]]},"properties":{"id":"E6591","from":"N2","to":"N1067","length":20.3,"steep":false,"has_stairs":false}},{"type":"Feature","geometry":{"type":"LineString","coordinates":[[-80.4214223613099,37.22644692470091],[-80.42133507654876,37.226342714415196],[-80.42109466997056,37.22613818258854]]},"properties":{"id":"E6591-1","from":"N1067","to":"N1068","length":45.1,"steep":false,"has_stairs":false}},{"type":"Feature","geometry":{"type":"LineString","coordinates":[[-80.41885673526592,37.225587733086435],[-80.41898139909138,37.22554774990604],[-80.41923457465792,37.22536062136456]]},"properties":{"id":"E6592","from":"N559","to":"N1069","length":42.5,"steep":false,"has_stairs":false}},{"type":"Feature","geometry":{"type":"LineString","coordinates":[[-80.41950375238073,37.22516166408955],[-80.41948028484252,37.22536869773004]]},"properties":{"id":"E6593","from":"N1070","to":"N1071","length":23.1,"steep":false,"has_stairs":false}},{"type":"Feature","geometry":{"type":"LineString","coordinates":[[-80.41948028484252,37.22536869773004],[-80.41923457465792,37.22536062136456]]},"properties":{"id":"E6594","from":"N1071","to":"N1069","length":21.8,"steep":false,"has_stairs":false}},{"type":"Feature","geometry":{"type":"LineString","coordinates":[[-80.42004426613134,37.224105328388724],[-80.419884139061,37.22404982200847],[-80.41992912371448,37.2239851948779]]},"properties":{"id":"E6595","from":"N817","to":"N818","length":23.7,"steep":false,"has_stairs":false}},{"type":"Feature","geometry":{"type":"LineString","coordinates":[[-80.41959548057169,37.22383870590714],[-80.41966030613128,37.223730213508226]]},"properties":{"id":"E6596","from":"N1072","to":"N820","length":13.4,"steep":false,"has_stairs":false}},{"type":"Feature","geometry":{"type":"LineString","coordinates":[[-80.41893567479715,37.223721453431075],[-80.41893655100364,37.22361604878495]]},"properties":{"id":"E6597","from":"N1073","to":"N1074","length":11.7,"steep":false,"has_stairs":false}},{"type":"Feature","geometry":{"type":"LineString","coordinates":[[-80.41851202884709,37.22372923230737],[-80.41831761418372,37.22386436488562]]},"properties":{"id":"E6598","from":"N727","to":"N1075","length":22.8,"steep":false,"has_stairs":false}},{"type":"Feature","geometry":{"type":"LineString","coordinates":[[-80.41831761418372,37.22386436488562],[-80.41804728798647,37.22405226053232]]},"properties":{"id":"E6598-1","from":"N1075","to":"N1076","length":31.8,"steep":false,"has_stairs":false}},{"type":"Feature","geometry":{"type":"LineString","coordinates":[[-80.41746558352116,37.223733507567076],[-80.41768413343628,37.223585624125704]]},"properties":{"id":"E6599","from":"N847","to":"N1077","length":25.4,"steep":false,"has_stairs":false}},{"type":"Feature","geometry":{"type":"LineString","coordinates":[[-80.41746558352116,37.223733507567076],[-80.41718421349827,37.22347369907252]]},"properties":{"id":"E6600","from":"N847","to":"N1078","length":38.1,"steep":false,"has_stairs":false}},{"type":"Feature","geometry":{"type":"LineString","coordinates":[[-80.41790850684798,37.224149746746974],[-80.4170303592423,37.22475809574767]]},"properties":{"id":"E6601","from":"N861","to":"N858","length":103.1,"steep":false,"has_stairs":false}},{"type":"Feature","geometry":{"type":"LineString","coordinates":[[-80.4170303592423,37.22475809574767],[-80.41696760892603,37.22480784800033],[-80.41674464004332,37.22495216239915],[-80.4166277072163,37.22504467770074],[-80.4166074466376,37.22506885275919],[-80.41612402390557,37.22540816694885],[-80.41577824556667,37.225648666675845],[-80.41573101186606,37.22568312042963],[-80.41583140025132,37.22577635445518]]},"properties":{"id":"E6601-1","from":"N858","to":"N98","length":168.1,"steep":false,"has_stairs":false}},{"type":"Feature","geometry":{"type":"LineString","coordinates":[[-80.41972483517888,37.2217620976832],[-80.41966720250565,37.221772280379746]]},"properties":{"id":"E6602","from":"N1079","to":"N1080","length":5.2,"steep":false,"has_stairs":false}},{"type":"Feature","geometry":{"type":"LineString","coordinates":[[-80.4252798829168,37.22899343725154],[-80.4252909716221,37.22900678192895],[-80.4251522360601,37.229112417135795],[-80.42505678743315,37.229040436384665]]},"properties":{"id":"E6603","from":"N1081","to":"N469","length":30.4,"steep":false,"has_stairs":false}},{"type":"Feature","geometry":{"type":"LineString","coordinates":[[-80.41971285022296,37.22214342018994],[-80.41966964845327,37.22208472117442],[-80.41958211992258,37.221924051947184],[-80.41953649924724,37.22181946112159],[-80.41953498691679,37.22181552188081]]},"properties":{"id":"E6604","from":"N256","to":"N1047","length":39.8,"steep":false,"has_stairs":false}},{"type":"Feature","geometry":{"type":"LineString","coordinates":[[-80.42172840525086,37.22449762439551],[-80.42186601917226,37.2243998317731]]},"properties":{"id":"E6605","from":"N1082","to":"N1083","length":16.3,"steep":false,"has_stairs":false}},{"type":"Feature","geometry":{"type":"LineString","coordinates":[[-80.42026060435815,37.22250760546605],[-80.42027257088192,37.222483759355434]]},"properties":{"id":"E6607","from":"N1084","to":"N622","length":2.9,"steep":false,"has_stairs":false}},{"type":"Feature","geometry":{"type":"LineString","coordinates":[[-80.42009586704702,37.22262287892296],[-80.42007478732572,37.222624087064375]]},"properties":{"id":"E6608","from":"N1085","to":"N95","length":1.9,"steep":false,"has_stairs":false}},{"type":"Feature","geometry":{"type":"LineString","coordinates":[[-80.42255076778213,37.22551390465223],[-80.42255257164777,37.22552666986469],[-80.42257379784851,37.225758091394994],[-80.42254053194867,37.225767069212395]]},"properties":{"id":"E6609","from":"N521","to":"N809","length":30.3,"steep":false,"has_stairs":false}},{"type":"Feature","geometry":{"type":"LineString","coordinates":[[-80.4214223613099,37.22644692470091],[-80.42135311685232,37.22649259765613],[-80.42124239694587,37.22651070309576]]},"properties":{"id":"E6610","from":"N1067","to":"N1086","length":18,"steep":false,"has_stairs":false}},{"type":"Feature","geometry":{"type":"LineString","coordinates":[[-80.41798267897651,37.228001918143356],[-80.41803589731875,37.22806341571537],[-80.41831527955347,37.22837841752694],[-80.4184671681613,37.22854645150305],[-80.41855626890475,37.22864323302686]]},"properties":{"id":"E6611","from":"N1087","to":"N37","length":87.5,"steep":false,"has_stairs":false}},{"type":"Feature","geometry":{"type":"LineString","coordinates":[[-80.41812966824901,37.22792870349527],[-80.41804992937335,37.22796453175436],[-80.41798267897651,37.228001918143356]]},"properties":{"id":"E6612","from":"N954","to":"N1087","length":15.4,"steep":false,"has_stairs":false}},{"type":"Feature","geometry":{"type":"LineString","coordinates":[[-80.41897553048491,37.22723609652043],[-80.4189280514101,37.227241286453356],[-80.41877505967769,37.227219158594814]]},"properties":{"id":"E6613","from":"N479","to":"N1088","length":18,"steep":false,"has_stairs":false}},{"type":"Feature","geometry":{"type":"LineString","coordinates":[[-80.41893567479715,37.223721453431075],[-80.41898620181514,37.22371304906562],[-80.41903738792472,37.2237111529928],[-80.41908839825803,37.22371579613837],[-80.41920531479724,37.22374012605933],[-80.41959548057169,37.22383870590714]]},"properties":{"id":"E6614","from":"N1073","to":"N1072","length":60.6,"steep":false,"has_stairs":false}},{"type":"Feature","geometry":{"type":"LineString","coordinates":[[-80.41959548057169,37.22383870590714],[-80.41986188679138,37.22392000018379]]},"properties":{"id":"E6614-1","from":"N1072","to":"N819","length":25.3,"steep":false,"has_stairs":false}},{"type":"Feature","geometry":{"type":"LineString","coordinates":[[-80.42308887189783,37.22480006720807],[-80.42300928861177,37.22468539856008],[-80.42302362670208,37.22471856106168],[-80.42299782119889,37.22472651529096],[-80.4230254973613,37.22479198685024],[-80.42298662406199,37.22480350223535],[-80.42295745465624,37.22474170608662],[-80.42292090638186,37.22475193349512],[-80.42290778375238,37.22472365505484],[-80.42259960960031,37.22481973154605],[-80.42258803244884,37.22483597374504],[-80.42241249849454,37.22486778729851]]},"properties":{"id":"E6615","from":"N1089","to":"N1090","length":93.7,"steep":false,"has_stairs":false}},{"type":"Feature","geometry":{"type":"LineString","coordinates":[[-80.42241249849454,37.22486778729851],[-80.42239321955783,37.22486347680901],[-80.42237343759074,37.22485950618052],[-80.4223545408441,37.224861439848254]]},"properties":{"id":"E6615-1","from":"N1090","to":"N1091","length":5.3,"steep":false,"has_stairs":false}},{"type":"Feature","geometry":{"type":"LineString","coordinates":[[-80.42755700524928,37.22926947819652],[-80.42779938510795,37.229153456451414]]},"properties":{"id":"E6616","from":"N870","to":"N1092","length":25,"steep":false,"has_stairs":false}},{"type":"Feature","geometry":{"type":"LineString","coordinates":[[-80.42457112628989,37.22695315868801],[-80.42451793416022,37.22710359275287],[-80.4244728831544,37.227206383892714]]},"properties":{"id":"E6617","from":"N342","to":"N886","length":29.5,"steep":false,"has_stairs":false}},{"type":"Feature","geometry":{"type":"LineString","coordinates":[[-80.42108083067279,37.23027542089121],[-80.42141495902226,37.23029437683857]]},"properties":{"id":"E6618","from":"N1093","to":"N1094","length":29.7,"steep":false,"has_stairs":false}},{"type":"Feature","geometry":{"type":"LineString","coordinates":[[-80.42033436754411,37.22928610946942],[-80.42059267210114,37.22956138613135]]},"properties":{"id":"E6619","from":"N548","to":"N947","length":38.2,"steep":false,"has_stairs":false}},{"type":"Feature","geometry":{"type":"LineString","coordinates":[[-80.42676297020616,37.22987451792674],[-80.42753101788013,37.229289464875244]]},"properties":{"id":"E6620","from":"N923","to":"N875","length":94.1,"steep":false,"has_stairs":false}},{"type":"Feature","geometry":{"type":"LineString","coordinates":[[-80.42314494710915,37.2302630462339],[-80.42333829163863,37.23013704524611]]},"properties":{"id":"E6625","from":"N1095","to":"N162","length":22.1,"steep":false,"has_stairs":false}},{"type":"Feature","geometry":{"type":"LineString","coordinates":[[-80.42333829163863,37.23013704524611],[-80.4234364033598,37.23007310682427],[-80.42354178960154,37.22999930963288]]},"properties":{"id":"E6625-1","from":"N162","to":"N180","length":23.7,"steep":false,"has_stairs":false}},{"type":"Feature","geometry":{"type":"LineString","coordinates":[[-80.42354178960154,37.22999930963288],[-80.42372803306358,37.22986889114923]]},"properties":{"id":"E6625-2","from":"N180","to":"N1096","length":22,"steep":false,"has_stairs":false}},{"type":"Feature","geometry":{"type":"LineString","coordinates":[[-80.42261908991675,37.228753744754506],[-80.42276290614517,37.22889048888271],[-80.42249437791737,37.22906137243886]]},"properties":{"id":"E6626","from":"N889","to":"N1097","length":50.3,"steep":false,"has_stairs":false}},{"type":"Feature","geometry":{"type":"LineString","coordinates":[[-80.42207756330009,37.23313414348548],[-80.42229374470699,37.23319427998381],[-80.42325224025213,37.233454800785985],[-80.42328017639099,37.233461927958295],[-80.4233067490303,37.23347311363126],[-80.42333137217751,37.233488111133084],[-80.42335350283122,37.23350658973169],[-80.42336886306131,37.23353127155185],[-80.42338065450352,37.23355784392107]]},"properties":{"id":"E6628","from":"N1098","to":"N1099","length":127,"steep":false,"has_stairs":false}},{"type":"Feature","geometry":{"type":"LineString","coordinates":[[-80.43284442436578,37.23149902292165],[-80.43275013215664,37.23143700200345]]},"properties":{"id":"E6629","from":"N1100","to":"N212","length":10.8,"steep":false,"has_stairs":false}},{"type":"Feature","geometry":{"type":"LineString","coordinates":[[-80.42940797885741,37.22916063967801],[-80.42934877166826,37.22917091224067]]},"properties":{"id":"E6630","from":"N1101","to":"N231","length":5.4,"steep":false,"has_stairs":false}},{"type":"Feature","geometry":{"type":"LineString","coordinates":[[-80.421477924606,37.23036325707627],[-80.42144263411147,37.230368989540914]]},"properties":{"id":"E6631","from":"N1102","to":"N768","length":3.2,"steep":false,"has_stairs":false}},{"type":"Feature","geometry":{"type":"LineString","coordinates":[[-80.42811901584233,37.23000067233289],[-80.42814317679446,37.230019756199404],[-80.42817258603021,37.23004577802617],[-80.42830525058473,37.23021459681741],[-80.42839479876719,37.230372119254],[-80.42842998889272,37.23045472100625],[-80.42846216561308,37.23054563673444],[-80.42849913422639,37.23066625163012],[-80.42851977546346,37.23074780220568],[-80.42853751900319,37.23081070031611],[-80.42856642514884,37.2309774059873],[-80.42857991174955,37.231081116997196],[-80.42860799007909,37.231190364124735],[-80.42865464218147,37.231319515432986],[-80.42869274158377,37.231396842140654],[-80.428693774028,37.23143724416869],[-80.4286732898483,37.231483772255636],[-80.42864123040259,37.231501615081015],[-80.42824773500944,37.2316541303145],[-80.42797660972802,37.231788475796705],[-80.42796368077879,37.23179495086373],[-80.42678372914641,37.2323858782796]]},"properties":{"id":"E6632","from":"N1103","to":"N1104","length":370.8,"steep":false,"has_stairs":false}},{"type":"Feature","geometry":{"type":"LineString","coordinates":[[-80.42097544432364,37.22995557517092],[-80.42109237622908,37.22994560668345],[-80.421103353255,37.22994829952016]]},"properties":{"id":"E6633","from":"N1105","to":"N89","length":11.4,"steep":false,"has_stairs":false}},{"type":"Feature","geometry":{"type":"LineString","coordinates":[[-80.42154072535287,37.2303212184336],[-80.42155459868306,37.23028904760496]]},"properties":{"id":"E6634","from":"N1106","to":"N413","length":3.8,"steep":false,"has_stairs":false}},{"type":"Feature","geometry":{"type":"LineString","coordinates":[[-80.42097544432364,37.22995557517092],[-80.42092026288371,37.22994335500084]]},"properties":{"id":"E6635","from":"N1105","to":"N1107","length":5.1,"steep":false,"has_stairs":false}},{"type":"Feature","geometry":{"type":"LineString","coordinates":[[-80.42188375870094,37.229973799816634],[-80.421103353255,37.22994829952016]]},"properties":{"id":"E6636","from":"N59","to":"N89","length":69.2,"steep":false,"has_stairs":false}},{"type":"Feature","geometry":{"type":"LineString","coordinates":[[-80.4213587484148,37.230332863454606],[-80.42144263411147,37.230368989540914]]},"properties":{"id":"E6637","from":"N1108","to":"N768","length":8.4,"steep":false,"has_stairs":false}},{"type":"Feature","geometry":{"type":"LineString","coordinates":[[-80.42762653280703,37.22900914852154],[-80.42764403805826,37.22900415346251],[-80.42768197179058,37.229043746504466],[-80.4277137560224,37.22904614039726]]},"properties":{"id":"E6638","from":"N1109","to":"N1110","length":10,"steep":false,"has_stairs":false}},{"type":"Feature","geometry":{"type":"LineString","coordinates":[[-80.43445893331506,37.23080545039933],[-80.43446626983985,37.23080234800056],[-80.43447300910655,37.23079810161876],[-80.43447897422368,37.23079282271245],[-80.43448400861955,37.23078664984177],[-80.43448798015189,37.23077974503149],[-80.43449078457641,37.23077228951828]]},"properties":{"id":"E6639","from":"N1111","to":"N1112","length":4.8,"steep":false,"has_stairs":false}},{"type":"Feature","geometry":{"type":"LineString","coordinates":[[-80.43449078457641,37.23077228951828],[-80.4344923482829,37.23076447899357],[-80.43449263022735,37.23075651846712],[-80.43449162300935,37.230748616885876],[-80.43448935306623,37.230740981649646],[-80.43448587997916,37.230733813167205],[-80.43448129490938,37.230727299596055],[-80.43444832252713,37.230688129386856]]},"properties":{"id":"E6639-1","from":"N1112","to":"N1113","length":10.4,"steep":false,"has_stairs":false}},{"type":"Feature","geometry":{"type":"LineString","coordinates":[[-80.43444832252713,37.230688129386856],[-80.434283589714,37.230779567345685]]},"properties":{"id":"E6639-2","from":"N1113","to":"N1114","length":17.8,"steep":false,"has_stairs":false}},{"type":"Feature","geometry":{"type":"LineString","coordinates":[[-80.434283589714,37.230779567345685],[-80.43435580707254,37.23086125066514],[-80.43445893331506,37.23080545039933]]},"properties":{"id":"E6639-3","from":"N1114","to":"N1111","length":22.1,"steep":false,"has_stairs":false}},{"type":"Feature","geometry":{"type":"LineString","coordinates":[[-80.4257539724674,37.22655729617064],[-80.4257157682239,37.22648841257556],[-80.42564680154254,37.22634161026738]]},"properties":{"id":"E6640","from":"N244","to":"N940","length":25.8,"steep":false,"has_stairs":false}},{"type":"Feature","geometry":{"type":"LineString","coordinates":[[-80.42564680154254,37.22634161026738],[-80.42604153571591,37.22620641828143],[-80.42613005355231,37.22617862671646],[-80.4261777804637,37.22616432896636],[-80.4262268962987,37.22615596723916],[-80.42627666568067,37.226153666729054],[-80.42632634344793,37.226157461879964],[-80.42636723645676,37.22616375677559],[-80.42640860842295,37.226163283175865],[-80.4264493466148,37.22615605381862],[-80.42648835534654,37.22614226314311],[-80.42652458544754,37.22612228206045],[-80.42655706248064,37.226096647977606],[-80.42677095433912,37.22580122870678],[-80.42689432695357,37.225631868282875],[-80.42691943788988,37.22560240111892],[-80.4269481348482,37.22557641347845],[-80.42697993982499,37.22555433823607],[-80.42701432304659,37.225536543097796],[-80.42705071179371,37.2255233244762],[-80.42722117993249,37.22547246692588],[-80.42725529403539,37.225463672211134]]},"properties":{"id":"E6640-1","from":"N940","to":"N939","length":184.7,"steep":false,"has_stairs":false}},{"type":"Feature","geometry":{"type":"LineString","coordinates":[[-80.4267324983524,37.2286223829893],[-80.42669293529457,37.228588300546804]]},"properties":{"id":"E6641","from":"N1001","to":"N798","length":5.2,"steep":false,"has_stairs":false}},{"type":"Feature","geometry":{"type":"LineString","coordinates":[[-80.42669293529457,37.228588300546804],[-80.42642463626395,37.22835726457631]]},"properties":{"id":"E6641-1","from":"N798","to":"N1115","length":35,"steep":false,"has_stairs":false}},{"type":"Feature","geometry":{"type":"LineString","coordinates":[[-80.42696791470071,37.2200282457492],[-80.42654340083492,37.22022596648855],[-80.42652474988087,37.22022670108182],[-80.42650620405205,37.220224591591894],[-80.42648819451843,37.22021968706208],[-80.42647113998167,37.22021210151724],[-80.42645543694087,37.22020201131289],[-80.42629748443345,37.220262856324254]]},"properties":{"id":"E6642","from":"N1116","to":"N145","length":67.6,"steep":false,"has_stairs":false}},{"type":"Feature","geometry":{"type":"LineString","coordinates":[[-80.42656570521174,37.22876270765745],[-80.42638513021525,37.22882014707844],[-80.42623525635707,37.228938738327486],[-80.42620463108392,37.22891263403069]]},"properties":{"id":"E6643","from":"N1002","to":"N407","length":39.9,"steep":false,"has_stairs":false}},{"type":"Feature","geometry":{"type":"LineString","coordinates":[[-80.4299350871753,37.22999477801052],[-80.42988897603297,37.22998491837982],[-80.42986545938491,37.22998407464551],[-80.42984215208384,37.22998731722788],[-80.4298197587983,37.22999454809133],[-80.42979895656264,37.230005548619275],[-80.42974369485371,37.230060345113394],[-80.42972365372447,37.230077792678784],[-80.42970114895294,37.23009192065311],[-80.42967672523302,37.230102387090184],[-80.4296509737038,37.230108938665765],[-80.429624517642,37.23011141680891],[-80.42955509229485,37.23011168356084],[-80.42948597961616,37.230105096632194],[-80.42944638131966,37.23010533163515],[-80.42940713551003,37.230110608636046],[-80.42936888155062,37.230120841665936],[-80.42934070884287,37.230135134785364],[-80.42931466447963,37.23015301454677],[-80.42929120238291,37.23017416932736],[-80.42923006486144,37.23026695241457],[-80.42920869406908,37.23030593244211],[-80.42919963744379,37.23031585782934],[-80.42918909885344,37.23032419292903],[-80.42917735412877,37.230330719583286],[-80.42916471066914,37.230335266967366],[-80.4291545903034,37.23033602900898],[-80.42906895670674,37.23034407540381]]},"properties":{"id":"E6644","from":"N1117","to":"N1118","length":95.1,"steep":false,"has_stairs":false}},{"type":"Feature","geometry":{"type":"LineString","coordinates":[[-80.43064532753306,37.22184229375809],[-80.43065065925308,37.221845182089645],[-80.43065545453072,37.22184889355969],[-80.43065958747393,37.221853330729736],[-80.43066294957912,37.22185837710925],[-80.43066545257982,37.221863900213904],[-80.43066703076389,37.221869755043755],[-80.43066764269874,37.22187578788996],[-80.430667272319,37.221881840370145],[-80.43066592934842,37.22188775358649],[-80.43066364904443,37.22189337229731],[-80.43066049127265,37.22189854899268],[-80.43065270316725,37.22191814320702],[-80.43062858262716,37.22196229776575],[-80.43059095943133,37.222036956302674],[-80.4305727194581,37.222084800561895],[-80.43054929286463,37.2221303303816],[-80.43052096788641,37.22217298557322],[-80.43048809302753,37.22221224131698],[-80.43047851254579,37.22222320872315],[-80.43047083780911,37.222235584831],[-80.43046527206991,37.22224904188029],[-80.43046196272734,37.22226322348388],[-80.43045271042958,37.22230847296447],[-80.43043794029352,37.22235223326141],[-80.4304178784924,37.22239383427875],[-80.43039283223008,37.22243263898531],[-80.43036318503685,37.222468053169486],[-80.4303363365704,37.222511584422584],[-80.43022107290749,37.22269847045123],[-80.4301506669898,37.22280152089146],[-80.43012960896976,37.222836273669074],[-80.43011283186611,37.22287328345903],[-80.43010057364312,37.22291202531919],[-80.43008433615856,37.22296180405816],[-80.43006313372351,37.22300967926579],[-80.43003718500073,37.223055157200484],[-80.43000675760187,37.22309776884393],[-80.42997216532764,37.223137074738155],[-80.42993376493146,37.22317266951771],[-80.42991328575238,37.22319960683348]]},"properties":{"id":"E6645","from":"N1119","to":"N1120","length":167.3,"steep":false,"has_stairs":false}},{"type":"Feature","geometry":{"type":"LineString","coordinates":[[-80.42991328575238,37.22319960683348],[-80.42989695256237,37.2232292419927],[-80.42988511438173,37.223260941728284],[-80.42987959543906,37.223285591031605],[-80.42986578757458,37.223319296760984],[-80.42973896759264,37.22354367712051],[-80.42972650662158,37.22355881647419],[-80.42971211855954,37.223572137866775],[-80.42970659628737,37.22357743119061],[-80.42970193306846,37.223583494948244],[-80.42969823501731,37.22359019115499],[-80.42969558628543,37.22359736743443],[-80.4296940471464,37.22360486048576],[-80.42969365262428,37.22361249979982],[-80.4296944116967,37.22362011153919],[-80.42969075776162,37.22365333700091],[-80.42968231830886,37.223685679823696],[-80.42966927220833,37.22371645451799],[-80.42965189596542,37.22374500882993]]},"properties":{"id":"E6645-1","from":"N1120","to":"N282","length":65.6,"steep":false,"has_stairs":false}},{"type":"Feature","geometry":{"type":"LineString","coordinates":[[-80.42770227492727,37.22949031749899],[-80.42785759639604,37.22955424688772],[-80.42801936930445,37.22975617416918],[-80.42804412463028,37.22980298620638],[-80.4280491051,37.22982838680928],[-80.42806218030093,37.22986061039229]]},"properties":{"id":"E6647","from":"N995","to":"N1121","length":54.4,"steep":false,"has_stairs":false}},{"type":"Feature","geometry":{"type":"LineString","coordinates":[[-80.42806218030093,37.22986061039229],[-80.42810454271269,37.22991368445035],[-80.42812638192561,37.22993180581945],[-80.42813259373222,37.229948797172206],[-80.42811901584233,37.23000067233289]]},"properties":{"id":"E6647-1","from":"N1121","to":"N1103","length":17.6,"steep":false,"has_stairs":false}},{"type":"Feature","geometry":{"type":"LineString","coordinates":[[-80.42950625140578,37.22366462673611],[-80.42945671721732,37.22364137850875]]},"properties":{"id":"E6648","from":"N1122","to":"N1123","length":5.1,"steep":false,"has_stairs":false}},{"type":"Feature","geometry":{"type":"LineString","coordinates":[[-80.42945671721732,37.22364137850875],[-80.42937766727813,37.22373482146567],[-80.42936356569864,37.223749305994666],[-80.42934784588707,37.223762015976924],[-80.42933072970972,37.22377277202627]]},"properties":{"id":"E6648-1","from":"N1123","to":"N1124","length":18.5,"steep":false,"has_stairs":false}},{"type":"Feature","geometry":{"type":"LineString","coordinates":[[-80.41785437769266,37.228094678774724],[-80.41774343503232,37.22815386755799]]},"properties":{"id":"E6649","from":"N52","to":"N1125","length":11.8,"steep":false,"has_stairs":false}},{"type":"Feature","geometry":{"type":"LineString","coordinates":[[-80.42908443210902,37.2237146244063],[-80.42909371898969,37.22372242915366],[-80.42912222329832,37.223744874048116],[-80.42915380774116,37.22376272599112],[-80.42918773847953,37.2237755702074],[-80.42922322716052,37.22378310827212],[-80.4292594492337,37.22378516504451],[-80.42929556310887,37.223781692737155],[-80.42933072970972,37.22377277202627]]},"properties":{"id":"E6650","from":"N1126","to":"N1124","length":24.5,"steep":false,"has_stairs":false}},{"type":"Feature","geometry":{"type":"LineString","coordinates":[[-80.42382778781771,37.233059312106974],[-80.42382682727605,37.23296577930387]]},"properties":{"id":"E6652","from":"N271","to":"N1127","length":10.4,"steep":false,"has_stairs":false}},{"type":"Feature","geometry":{"type":"LineString","coordinates":[[-80.41886929588284,37.227704327278104],[-80.41894044056623,37.22773023618969],[-80.418999894127,37.22775979333654],[-80.41914359512901,37.22784774829298],[-80.4192478828018,37.2279318591383]]},"properties":{"id":"E6653","from":"N486","to":"N931","length":42.3,"steep":false,"has_stairs":false}},{"type":"Feature","geometry":{"type":"LineString","coordinates":[[-80.41894225880962,37.226191406825954],[-80.41891639609732,37.22617351684988]]},"properties":{"id":"E6654","from":"N957","to":"N1128","length":3,"steep":false,"has_stairs":false}},{"type":"Feature","geometry":{"type":"LineString","coordinates":[[-80.42932284368885,37.2241681649229],[-80.4293937695644,37.224062037665405],[-80.42944519467156,37.223999903504975]]},"properties":{"id":"E6655","from":"N252","to":"N1129","length":21.6,"steep":false,"has_stairs":false}},{"type":"Feature","geometry":{"type":"LineString","coordinates":[[-80.42568215129435,37.228415124022916],[-80.42573866334442,37.22845498960941],[-80.42578258615828,37.228423272553954],[-80.42581325782132,37.22840549343602],[-80.42584595579196,37.228391793411774],[-80.42588014037321,37.22838239860724]]},"properties":{"id":"E6656","from":"N770","to":"N627","length":21.8,"steep":false,"has_stairs":false}},{"type":"Feature","geometry":{"type":"LineString","coordinates":[[-80.42588014037321,37.22838239860724],[-80.42581182378649,37.228302547430005]]},"properties":{"id":"E6656-1","from":"N627","to":"N771","length":10.7,"steep":false,"has_stairs":false}},{"type":"Feature","geometry":{"type":"LineString","coordinates":[[-80.42051038769797,37.22464835238469],[-80.42078991100087,37.22494856513006],[-80.42079361799827,37.22495432184956],[-80.42079629146566,37.2249606253582],[-80.4207978534394,37.22496729183306],[-80.4207982583692,37.224974126866414],[-80.42079749444652,37.224980931135015],[-80.42079558394884,37.22498750621279],[-80.42079258259012,37.22499366035732],[-80.42078857789598,37.224999214101445],[-80.42078368665128,37.22500400548689],[-80.42077805149452,37.22500789478726]]},"properties":{"id":"E6657","from":"N1130","to":"N705","length":48.8,"steep":false,"has_stairs":false}},{"type":"Feature","geometry":{"type":"LineString","coordinates":[[-80.42591964603348,37.23278045641831],[-80.42526877788553,37.23310251369995],[-80.42522925350117,37.23311474564989],[-80.42518825486873,37.23312030529893],[-80.42514690031523,37.23311904099551]]},"properties":{"id":"E6658","from":"N1131","to":"N1132","length":78.9,"steep":false,"has_stairs":false}},{"type":"Feature","geometry":{"type":"LineString","coordinates":[[-80.42514690031523,37.23311904099551],[-80.42510631787617,37.23311098722626]]},"properties":{"id":"E6658-1","from":"N1132","to":"N893","length":3.7,"steep":false,"has_stairs":false}},{"type":"Feature","geometry":{"type":"LineString","coordinates":[[-80.43846388507664,37.22645863413383],[-80.4385639603524,37.226231335102355],[-80.4385725070094,37.22622410223548],[-80.43858213383731,37.22621838525259],[-80.43859257477128,37.226214342158826],[-80.43860354124627,37.22621208469665],[-80.43861473017243,37.22621167525746],[-80.43864741749005,37.22621937615129]]},"properties":{"id":"E6659","from":"N385","to":"N1133","length":35,"steep":false,"has_stairs":false}},{"type":"Feature","geometry":{"type":"LineString","coordinates":[[-80.43877090251516,37.226355614062896],[-80.4386891433759,37.226524257875504],[-80.43846388507664,37.22645863413383]]},"properties":{"id":"E6660","from":"N1134","to":"N385","length":41.3,"steep":false,"has_stairs":false}},{"type":"Feature","geometry":{"type":"LineString","coordinates":[[-80.43888959609743,37.225527854247],[-80.4389694815937,37.225660147567524]]},"properties":{"id":"E6661","from":"N674","to":"N1135","length":16.3,"steep":false,"has_stairs":false}},{"type":"Feature","geometry":{"type":"LineString","coordinates":[[-80.4389694815937,37.225660147567524],[-80.43916076504833,37.22558344058483]]},"properties":{"id":"E6661-1","from":"N1135","to":"N27","length":19,"steep":false,"has_stairs":false}},{"type":"Feature","geometry":{"type":"LineString","coordinates":[[-80.43717304799166,37.22532615719274],[-80.43716903026396,37.22531927422687],[-80.43715433484833,37.22529716174352]]},"properties":{"id":"E6662","from":"N176","to":"N1136","length":3.6,"steep":false,"has_stairs":false}},{"type":"Feature","geometry":{"type":"LineString","coordinates":[[-80.43717304799166,37.22532615719274],[-80.43719496870172,37.22536371177031],[-80.4372801777067,37.22551124696158]]},"properties":{"id":"E6663","from":"N176","to":"N426","length":22.7,"steep":false,"has_stairs":false}},{"type":"Feature","geometry":{"type":"LineString","coordinates":[[-80.43751731243808,37.225354732148624],[-80.43752427348339,37.225375201422096],[-80.43752638582826,37.22538249844244],[-80.43752726592504,37.22539004390044],[-80.43752688967521,37.22539763118868],[-80.4375252673811,37.22540505255436],[-80.43752244346389,37.22541210478793],[-80.4375184952472,37.22541859478729],[-80.43751353083991,37.22542434484529],[-80.43750768617586,37.225429197515574],[-80.43750112129187,37.22543301992384],[-80.43749401594557,37.22543570740607],[-80.4372801777067,37.22551124696158]]},"properties":{"id":"E6664","from":"N1137","to":"N426","length":31,"steep":false,"has_stairs":false}},{"type":"Feature","geometry":{"type":"LineString","coordinates":[[-80.42794661302804,37.22932923993256],[-80.42779938510795,37.229153456451414]]},"properties":{"id":"E6665","from":"N878","to":"N1092","length":23.5,"steep":false,"has_stairs":false}},{"type":"Feature","geometry":{"type":"LineString","coordinates":[[-80.42779938510795,37.229153456451414],[-80.42776885330449,37.22911700340372],[-80.4277137560224,37.22904614039726]]},"properties":{"id":"E6665-1","from":"N1092","to":"N1110","length":14.1,"steep":false,"has_stairs":false}},{"type":"Feature","geometry":{"type":"LineString","coordinates":[[-80.4277137560224,37.22904614039726],[-80.42753195105752,37.22881231448051],[-80.42740232201659,37.22867083525927],[-80.42721735145285,37.22843991222228],[-80.42721225786161,37.22843421275655]]},"properties":{"id":"E6665-2","from":"N1110","to":"N1138","length":81.3,"steep":false,"has_stairs":false}},{"type":"Feature","geometry":{"type":"LineString","coordinates":[[-80.4378014562639,37.22585141717054],[-80.43781049433247,37.22586976675749],[-80.43781299910107,37.22587539674536],[-80.4378145578596,37.22588135836434],[-80.43781512935465,37.225887493836815],[-80.43781469846125,37.22589364078403],[-80.43781327658327,37.22589963652352],[-80.4378109013515,37.22590532237466],[-80.4378076356278,37.225910547858156],[-80.4378035658414,37.22591517467864],[-80.43779879970151,37.22591908038467],[-80.43779346334671,37.225922161609525],[-80.43778769800667,37.22592433680684],[-80.43778165626439,37.22592554840879],[-80.43756584145878,37.22600430604671]]},"properties":{"id":"E6667","from":"N1139","to":"N708","length":30.8,"steep":false,"has_stairs":false}},{"type":"Feature","geometry":{"type":"LineString","coordinates":[[-80.4282407435618,37.22231655756253],[-80.42834460039583,37.222261935712304]]},"properties":{"id":"E6668","from":"N864","to":"N1140","length":11,"steep":false,"has_stairs":false}},{"type":"Feature","geometry":{"type":"LineString","coordinates":[[-80.42550035804793,37.228334008088396],[-80.42576021071623,37.22825925369391]]},"properties":{"id":"E6669","from":"N769","to":"N935","length":24.5,"steep":false,"has_stairs":false}},{"type":"Feature","geometry":{"type":"LineString","coordinates":[[-80.42576021071623,37.22825925369391],[-80.42581146654435,37.22830285879284]]},"properties":{"id":"E6669-1","from":"N935","to":"N771","length":6.6,"steep":false,"has_stairs":false}},{"type":"Feature","geometry":{"type":"LineString","coordinates":[[-80.42601571750684,37.23250290312202],[-80.42603576385378,37.232528807851466],[-80.42597014934903,37.23258710974494],[-80.42593099631257,37.232618237971046],[-80.42591785348262,37.232628373780386],[-80.42590659708507,37.23264057058836],[-80.42589754610836,37.23265448275681],[-80.42589095704277,37.23266971603699],[-80.42588701661194,37.23268583874195],[-80.42588583648143,37.232702393979864],[-80.42588745009427,37.2327189126016],[-80.42589181172322,37.23273492649567],[-80.42589879776665,37.232749981853765],[-80.4259082102512,37.23276365203098],[-80.42591964603348,37.23278045641831]]},"properties":{"id":"E6670","from":"N1141","to":"N1131","length":36.8,"steep":false,"has_stairs":false}},{"type":"Feature","geometry":{"type":"LineString","coordinates":[[-80.43756584145878,37.22600430604671],[-80.43759208728514,37.22605951421785],[-80.4375555043679,37.22607589620977],[-80.43755269372423,37.22607659490405],[-80.43755004529552,37.226077766960756],[-80.43754763813962,37.226079377393006],[-80.43754554411218,37.22608137812803],[-80.4375438257217,37.22608370944218],[-80.43754253426359,37.226086301743756],[-80.43754170828896,37.22608907765036],[-80.43754137245386,37.22609195429881],[-80.43754153678327,37.22609484581872],[-80.4375421963718,37.22609766589576],[-80.43754333153016,37.22610033034824],[-80.43754490837294,37.226102759639986],[-80.43754687983004,37.22610488125458],[-80.43754918705176,37.22610663186003],[-80.43764520232361,37.2262550619471],[-80.43768628748607,37.2262854601942],[-80.43781536933885,37.22632644057637],[-80.4378494863069,37.22633670851179]]},"properties":{"id":"E6671","from":"N708","to":"N677","length":53.5,"steep":false,"has_stairs":false}},{"type":"Feature","geometry":{"type":"LineString","coordinates":[[-80.4378494863069,37.22633670851179],[-80.43796858344994,37.22637255399691],[-80.4379745366342,37.22637364196316],[-80.43798058826506,37.22637368482532],[-80.43798655626286,37.22637268129378],[-80.43799226106424,37.22637066156249],[-80.43799753102483,37.226367686400536],[-80.43800220758362,37.22636384532371],[-80.43801814750022,37.22632997922286],[-80.43807924422835,37.22634641233985],[-80.4381195300447,37.22635831298273],[-80.43814001037168,37.22636427938963]]},"properties":{"id":"E6671-1","from":"N677","to":"N131","length":30.1,"steep":false,"has_stairs":false}},{"type":"Feature","geometry":{"type":"LineString","coordinates":[[-80.43896144527572,37.223935448390336],[-80.43895215650873,37.22394283649236],[-80.43894344041111,37.223950538112426],[-80.43893373492017,37.22395694816353],[-80.43892322993767,37.22396194122392]]},"properties":{"id":"E6672","from":"N1142","to":"N1143","length":4.5,"steep":false,"has_stairs":false}},{"type":"Feature","geometry":{"type":"LineString","coordinates":[[-80.43892322993767,37.22396194122392],[-80.43890938358108,37.2239671446383],[-80.43889487537916,37.22397002720469],[-80.43888009153994,37.22397051218925],[-80.43886542560892,37.22396858668167],[-80.43885126799289,37.22396430193895],[-80.43883799556727,37.22395777202084],[-80.43882596164379,37.22394917075362],[-80.43881548656523,37.22393872710286],[-80.43880684917796,37.22392671907833]]},"properties":{"id":"E6672-1","from":"N1143","to":"N712","length":12.5,"steep":false,"has_stairs":false}},{"type":"Feature","geometry":{"type":"LineString","coordinates":[[-80.43880684917796,37.22392671907833],[-80.43880356846446,37.22391869660425],[-80.43880155429399,37.223910266521884],[-80.43880085413043,37.223901627485915],[-80.43880148447313,37.22389298307503],[-80.43880343046806,37.223884536994575],[-80.43880664625792,37.223876488276225],[-80.43881105606266,37.22386902658784],[-80.43881655596537,37.223862327763946]]},"properties":{"id":"E6672-2","from":"N712","to":"N1144","length":7.5,"steep":false,"has_stairs":false}},{"type":"Feature","geometry":{"type":"LineString","coordinates":[[-80.43899381234718,37.22407699705328],[-80.43892322993767,37.22396194122392]]},"properties":{"id":"E6673","from":"N1145","to":"N1143","length":14.2,"steep":false,"has_stairs":false}},{"type":"Feature","geometry":{"type":"LineString","coordinates":[[-80.43948292608042,37.22498345184996],[-80.43946541744948,37.22498175851251],[-80.4394501924678,37.22497893181532],[-80.43943568917483,37.2249735055111],[-80.43942234781545,37.22496564431435],[-80.43941057336424,37.2249555868503]]},"properties":{"id":"E6674","from":"N26","to":"N1146","length":7.4,"steep":false,"has_stairs":false}},{"type":"Feature","geometry":{"type":"LineString","coordinates":[[-80.43941057336424,37.2249555868503],[-80.43924568344377,37.225009443894876]]},"properties":{"id":"E6674-1","from":"N1146","to":"N1147","length":15.8,"steep":false,"has_stairs":false}},{"type":"Feature","geometry":{"type":"LineString","coordinates":[[-80.43941057336424,37.2249555868503],[-80.43940461165593,37.2249471476958],[-80.43940011106125,37.22493784683873],[-80.43939719287829,37.22492793495178],[-80.43939593575666,37.22491767917585],[-80.43939637357775,37.224907355920195],[-80.4393984945416,37.22489724341274],[-80.43940224148491,37.224887614201435],[-80.43940751342168,37.224878727808616],[-80.43941416826496,37.22487082373651],[-80.43942202665625,37.22486411501227],[-80.43943087679959,37.224858782446525],[-80.43944048016975,37.224854969760294],[-80.43945057794083,37.224852779711455]]},"properties":{"id":"E6675","from":"N1146","to":"N1148","length":13.9,"steep":false,"has_stairs":false}},{"type":"Feature","geometry":{"type":"LineString","coordinates":[[-80.43945057794083,37.224852779711455],[-80.43946525919552,37.224849940330934],[-80.43948019718897,37.22484926381592],[-80.4394939603935,37.22484919719622]]},"properties":{"id":"E6675-1","from":"N1148","to":"N1149","length":3.9,"steep":false,"has_stairs":false}},{"type":"Feature","geometry":{"type":"LineString","coordinates":[[-80.43945057794083,37.224852779711455],[-80.43937071350302,37.22472972813299]]},"properties":{"id":"E6676","from":"N1148","to":"N1150","length":15.4,"steep":false,"has_stairs":false}},{"type":"Feature","geometry":{"type":"LineString","coordinates":[[-80.43761963926764,37.224255577142806],[-80.43752182728934,37.22430396572481]]},"properties":{"id":"E6677","from":"N1151","to":"N1152","length":10.2,"steep":false,"has_stairs":false}},{"type":"Feature","geometry":{"type":"LineString","coordinates":[[-80.43752182728934,37.22430396572481],[-80.43753426152132,37.22434214012144],[-80.43759409185962,37.22446477820058]]},"properties":{"id":"E6677-1","from":"N1152","to":"N660","length":19,"steep":false,"has_stairs":false}},{"type":"Feature","geometry":{"type":"LineString","coordinates":[[-80.43759409185962,37.22446477820058],[-80.43765776867438,37.22447575375071],[-80.43772224711498,37.224479964467776],[-80.43778681053088,37.224477363551436]]},"properties":{"id":"E6677-2","from":"N660","to":"N7","length":17.2,"steep":false,"has_stairs":false}},{"type":"Feature","geometry":{"type":"LineString","coordinates":[[-80.43689785270111,37.22463279790905],[-80.43689641395883,37.224653417670616],[-80.43685779210017,37.22465405142474],[-80.43685329217504,37.22465438993813],[-80.43684890488967,37.224655446178936],[-80.43684474395985,37.224657192770046],[-80.43684091723435,37.22465958444088],[-80.43683752389956,37.22466255920078],[-80.43683465190865,37.224666039945774],[-80.4368323757019,37.224669936457076],[-80.43683075427718,37.22467414773947],[-80.43682982966087,37.22467856463908],[-80.43682555954653,37.22477503428809]]},"properties":{"id":"E6678","from":"N137","to":"N1153","length":20.5,"steep":false,"has_stairs":false}},{"type":"Feature","geometry":{"type":"LineString","coordinates":[[-80.43682642037174,37.22477959237896],[-80.43723578372844,37.22483872237368]]},"properties":{"id":"E6678-2","from":"N1153","to":"N423","length":36.8,"steep":false,"has_stairs":false}},{"type":"Feature","geometry":{"type":"LineString","coordinates":[[-80.43723578372844,37.22483872237368],[-80.43727744954879,37.22481492299469],[-80.43732180709225,37.22479662383177],[-80.43736813395124,37.22478412290536],[-80.43741567564587,37.22477762380573],[-80.43746365791144,37.2247772323773],[-80.43751129930807,37.2247829549949]]},"properties":{"id":"E6678-3","from":"N423","to":"N9","length":26.1,"steep":false,"has_stairs":false}},{"type":"Feature","geometry":{"type":"LineString","coordinates":[[-80.4366502578253,37.22402814742966],[-80.43663937073069,37.224227546880165],[-80.43638551091959,37.224221108146786]]},"properties":{"id":"E6679","from":"N1154","to":"N680","length":44.7,"steep":false,"has_stairs":false}},{"type":"Feature","geometry":{"type":"LineString","coordinates":[[-80.4282537954742,37.2296718163832],[-80.42827871427346,37.22965756563635],[-80.4282959672639,37.2296466189307],[-80.42830495787211,37.229639140134374],[-80.42842179164809,37.22955748789064],[-80.42852811672289,37.2294822260594],[-80.42861924870239,37.22944436141084]]},"properties":{"id":"E6680","from":"N877","to":"N1155","length":41.3,"steep":false,"has_stairs":false}},{"type":"Feature","geometry":{"type":"LineString","coordinates":[[-80.42861924870239,37.22944436141084],[-80.42901530980023,37.22927774095997]]},"properties":{"id":"E6681","from":"N1155","to":"N230","length":39.7,"steep":false,"has_stairs":false}},{"type":"Feature","geometry":{"type":"LineString","coordinates":[[-80.42901530980023,37.22927774095997],[-80.42892742030912,37.229141944318364],[-80.42887988882961,37.229074408315206]]},"properties":{"id":"E6681-1","from":"N230","to":"N233","length":25.6,"steep":false,"has_stairs":false}},{"type":"Feature","geometry":{"type":"LineString","coordinates":[[-80.42506786427631,37.2284295058095],[-80.42514205384683,37.22842328385192],[-80.42550035804793,37.228334008088396]]},"properties":{"id":"E6682","from":"N1156","to":"N769","length":39.8,"steep":false,"has_stairs":false}},{"type":"Feature","geometry":{"type":"LineString","coordinates":[[-80.42591964603348,37.23278045641831],[-80.42602733718311,37.232724485553845],[-80.42614524372725,37.23267010000004],[-80.42632383608694,37.23259803143297],[-80.42646263934917,37.23254449605316],[-80.4265202543819,37.2325160667192],[-80.42653175127828,37.23251313379946],[-80.42654258542514,37.23250829624776],[-80.42655244384652,37.2325016938109]]},"properties":{"id":"E6683","from":"N1131","to":"N1157","length":64.1,"steep":false,"has_stairs":false}},{"type":"Feature","geometry":{"type":"LineString","coordinates":[[-80.42655244384652,37.2325016938109],[-80.42656104175316,37.23249351721955],[-80.42656813076941,37.23248400267841],[-80.42657350610837,37.23247342504278],[-80.42657701248767,37.23246208987851],[-80.42657854861531,37.23245032463493],[-80.42657807011577,37.23243846918544],[-80.42657559081188,37.232426866009284],[-80.4265711823256,37.232415850298075],[-80.42656497200892,37.232405740272796],[-80.42655713926494,37.23239682799102],[-80.42654791036536,37.23238937091002],[-80.42653755191385,37.23238358444935],[-80.42628851019728,37.232155379261705]]},"properties":{"id":"E6683-1","from":"N1157","to":"N1158","length":48.6,"steep":false,"has_stairs":false}},{"type":"Feature","geometry":{"type":"LineString","coordinates":[[-80.42510631787617,37.23311098722626],[-80.42508054026555,37.23310207879337],[-80.42505615332428,37.23308986722177],[-80.42503357816489,37.233074563380285],[-80.42501320461415,37.233056431534926],[-80.42497064801456,37.232984059527],[-80.42494097651895,37.232929695338456],[-80.4249062469612,37.232878414538284],[-80.42486677705458,37.232830686254005],[-80.4248229278781,37.23278694711398],[-80.42477851787504,37.232740980352304],[-80.42476547456992,37.232727094638655],[-80.42475484135626,37.23271128718412],[-80.42474689660683,37.23269397182076],[-80.4247418483116,37.23267560185704],[-80.42473982863268,37.232656658210374],[-80.42474167266768,37.23263734737502]]},"properties":{"id":"E6684","from":"N893","to":"N1159","length":63.7,"steep":false,"has_stairs":false}},{"type":"Feature","geometry":{"type":"LineString","coordinates":[[-80.42474167266768,37.23263734737502],[-80.42474666702228,37.23261860263578],[-80.42475467572558,37.232600934316714],[-80.42476548074124,37.23258482343643],[-80.42477878790358,37.232570708612386],[-80.42483200572372,37.23252638471146],[-80.42518036079574,37.232261450558696],[-80.42521410979066,37.232235783253145]]},"properties":{"id":"E6684-1","from":"N1159","to":"N979","length":61.8,"steep":false,"has_stairs":false}},{"type":"Feature","geometry":{"type":"LineString","coordinates":[[-80.42529027883994,37.23229892674443],[-80.42551848699622,37.23212589528488]]},"properties":{"id":"E6685","from":"N895","to":"N975","length":27.9,"steep":false,"has_stairs":false}},{"type":"Feature","geometry":{"type":"LineString","coordinates":[[-80.42077805149452,37.22500789478726],[-80.42079507503252,37.225015701358906],[-80.42083234141352,37.22502943356845],[-80.42087137693704,37.22503675372115],[-80.42091108666948,37.22503745648912],[-80.42095035676586,37.225031522159945],[-80.42098808571288,37.225019117189625],[-80.42113109006785,37.22515163859441],[-80.42187935710263,37.22463250124995],[-80.42181165098674,37.22456335504322],[-80.42179714777286,37.22455710645666],[-80.42172840525086,37.22449762439551]]},"properties":{"id":"E6686","from":"N705","to":"N1082","length":147.1,"steep":false,"has_stairs":false}},{"type":"Feature","geometry":{"type":"LineString","coordinates":[[-80.42048636239565,37.225424407536515],[-80.42066364378209,37.22541640643676]]},"properties":{"id":"E6687","from":"N632","to":"N808","length":15.7,"steep":false,"has_stairs":false}},{"type":"Feature","geometry":{"type":"LineString","coordinates":[[-80.4293999346308,37.23118083426318],[-80.42956005949061,37.23122488269964],[-80.42963267210794,37.231244309897136],[-80.42968734746944,37.23124717629019],[-80.42974375178407,37.23124399833483],[-80.42978732131333,37.23124303372281],[-80.42985471611907,37.231239175833],[-80.42991622753323,37.2312378024893],[-80.42999201119164,37.2312331710677],[-80.43005287090247,37.23122932166957],[-80.43011131027392,37.23122294766518],[-80.43017994815737,37.23121956857471],[-80.43020812089672,37.23121685200852],[-80.43023034027932,37.231217277313654],[-80.43027741944314,37.23121555032987],[-80.43029344653621,37.23121850132809],[-80.43032734316596,37.23121869961702],[-80.43036970799369,37.23121875851797],[-80.43042562021738,37.23121943495647],[-80.43048568609711,37.23122588645553],[-80.43067847064817,37.231240870983974],[-80.43071997162818,37.23124395236885],[-80.43080954327671,37.23124925596948],[-80.43099116727524,37.23126069122485],[-80.43119836579844,37.231293588251994],[-80.43136735242919,37.23131921577705],[-80.43190466756583,37.23137156743015],[-80.4321897638464,37.23140224872306],[-80.43232095241089,37.23141514286311],[-80.43255827080334,37.23143944645377],[-80.43264490684066,37.23144493642576],[-80.43272836833587,37.231438964421116],[-80.43275013215664,37.23143700200345]]},"properties":{"id":"E6688","from":"N900","to":"N212","length":299.7,"steep":false,"has_stairs":false}},{"type":"Feature","geometry":{"type":"LineString","coordinates":[[-80.42117121485987,37.233917939839344],[-80.42125807193058,37.233760680492246],[-80.42143817465397,37.233314205673835],[-80.42154952960401,37.233011762031474]]},"properties":{"id":"E6689","from":"N1160","to":"N1161","length":106.3,"steep":false,"has_stairs":false}},{"type":"Feature","geometry":{"type":"LineString","coordinates":[[-80.42154952960401,37.233011762031474],[-80.42155775722074,37.233007648435596],[-80.42156652695779,37.23300487227638],[-80.4215756229663,37.23300350188323],[-80.42158482136686,37.23300357098553],[-80.42159389575994,37.23300507788247],[-80.42207756330009,37.23313414348548]]},"properties":{"id":"E6689-1","from":"N1161","to":"N1098","length":49.3,"steep":false,"has_stairs":false}},{"type":"Feature","geometry":{"type":"LineString","coordinates":[[-80.4293999346308,37.23118083426318],[-80.42931810325486,37.231296122636024],[-80.42929915157332,37.23131342444293],[-80.42927777467467,37.231327621166486],[-80.42925447647518,37.23133837814823],[-80.42922980618182,37.231345441814504],[-80.42918795712977,37.23135489003816],[-80.42914521624158,37.23135860871593],[-80.42910236427913,37.2313565299175],[-80.42906018403337,37.23134869161696]]},"properties":{"id":"E6691","from":"N900","to":"N1162","length":39.7,"steep":false,"has_stairs":false}},{"type":"Feature","geometry":{"type":"LineString","coordinates":[[-80.42906018403337,37.23134869161696],[-80.42901944602474,37.23133523699913],[-80.42898089442788,37.23131641184395],[-80.4289452334775,37.23129256003675],[-80.42891311460397,37.23126411728634],[-80.42888512453332,37.23123160316582],[-80.4288836237033,37.23121668528692],[-80.42888460475393,37.23120172423276],[-80.42888804079483,37.231187130082404],[-80.42889383764492,37.231173302858146],[-80.4290571665964,37.23078608925561]]},"properties":{"id":"E6691-1","from":"N1162","to":"N899","length":72.7,"steep":false,"has_stairs":false}},{"type":"Feature","geometry":{"type":"LineString","coordinates":[[-80.42074264363062,37.2255665461119],[-80.4209148163395,37.22577125893979]]},"properties":{"id":"E6692","from":"N983","to":"N691","length":27.4,"steep":false,"has_stairs":false}},{"type":"Feature","geometry":{"type":"LineString","coordinates":[[-80.4209148163395,37.22577125893979],[-80.42101148818817,37.22574459672595],[-80.42108972549532,37.22571439319816]]},"properties":{"id":"E6692-1","from":"N691","to":"N903","length":16.8,"steep":false,"has_stairs":false}},{"type":"Feature","geometry":{"type":"LineString","coordinates":[[-80.42108972549532,37.22571439319816],[-80.42127270756674,37.22564375309699],[-80.42155762559763,37.22557732065731]]},"properties":{"id":"E6692-2","from":"N903","to":"N1163","length":44.3,"steep":false,"has_stairs":false}},{"type":"Feature","geometry":{"type":"LineString","coordinates":[[-80.42155762559763,37.22557732065731],[-80.42157940698144,37.22555962556898],[-80.42160371393629,37.22554559999312],[-80.42162993399786,37.22553559733332],[-80.42165740649715,37.2255298696274],[-80.42168543920737,37.225528561196825],[-80.42171332578602,37.22553170501023],[-80.42174036357275,37.2255392218527]]},"properties":{"id":"E6692-3","from":"N1163","to":"N805","length":18,"steep":false,"has_stairs":false}},{"type":"Feature","geometry":{"type":"LineString","coordinates":[[-80.42174036357275,37.2255392218527],[-80.42212298593546,37.225334789239994],[-80.42220462069312,37.225291625084445]]},"properties":{"id":"E6692-4","from":"N805","to":"N1164","length":49.5,"steep":false,"has_stairs":false}},{"type":"Feature","geometry":{"type":"LineString","coordinates":[[-80.42738604008969,37.220002327611375],[-80.4273929250715,37.22001535498761],[-80.42738911269645,37.22005461670336],[-80.42737858762382,37.220092633007404],[-80.42736166513815,37.22012826509977],[-80.42733885216211,37.22016044560087],[-80.42731083207134,37.22018821052552],[-80.4272784442236,37.22021072815963],[-80.42724265881527,37.220227323974676],[-80.42720454781856,37.22023750083359],[-80.42716525287005,37.22024095388279],[-80.42712595107224,37.22023757968421]]},"properties":{"id":"E6693","from":"N998","to":"N1003","length":40.6,"steep":false,"has_stairs":false}},{"type":"Feature","geometry":{"type":"LineString","coordinates":[[-80.42712595107224,37.22023757968421],[-80.42708284005282,37.22023052405896],[-80.42704136801797,37.22021679772776],[-80.42700256038192,37.220196740080155],[-80.42699029517416,37.22018128504117]]},"properties":{"id":"E6693-1","from":"N1003","to":"N997","length":14,"steep":false,"has_stairs":false}},{"type":"Feature","geometry":{"type":"LineString","coordinates":[[-80.42998246788154,37.230234173516735],[-80.43001323987204,37.23025594488105],[-80.43004504812471,37.23027617215882]]},"properties":{"id":"E6695","from":"N645","to":"N269","length":7.2,"steep":false,"has_stairs":false}},{"type":"Feature","geometry":{"type":"LineString","coordinates":[[-80.43004504812471,37.23027617215882],[-80.43011256489905,37.23031148969148],[-80.43018271808977,37.230341228097],[-80.43025504760041,37.230365192337416],[-80.43032907906127,37.23038322524439],[-80.43040432694043,37.23039520854992],[-80.43048029772818,37.23040106366208],[-80.43055649317364,37.230400752180365],[-80.43063241355253,37.23039427614763],[-80.43070756094455,37.23038167803662],[-80.43078144249907,37.230363040471474]]},"properties":{"id":"E6695-1","from":"N269","to":"N1165","length":68.7,"steep":false,"has_stairs":false}},{"type":"Feature","geometry":{"type":"LineString","coordinates":[[-80.43078144249907,37.230363040471474],[-80.43085357366729,37.230338485685785],[-80.43092348138033,37.23030817472098]]},"properties":{"id":"E6695-2","from":"N1165","to":"N1166","length":14,"steep":false,"has_stairs":false}},{"type":"Feature","geometry":{"type":"LineString","coordinates":[[-80.43092348138033,37.23030817472098],[-80.43098104359436,37.23031340872076],[-80.43100985964442,37.23031734732023],[-80.43106309776078,37.23032617963519],[-80.431101872615,37.230330839457196],[-80.4313631060849,37.230375524222275],[-80.43166142585997,37.230423572601005],[-80.43215668821115,37.23050721150146],[-80.43249343543971,37.23056496652543],[-80.4325299019617,37.23056385400108],[-80.43270212954089,37.23061419019158],[-80.43271596682264,37.2306306211513]]},"properties":{"id":"E6695-3","from":"N1166","to":"N211","length":163.6,"steep":false,"has_stairs":false}},{"type":"Feature","geometry":{"type":"LineString","coordinates":[[-80.42088307297064,37.2328295243929],[-80.42132886387385,37.232952894072994],[-80.42133826280036,37.23295610563337],[-80.42134702987929,37.232960773852184],[-80.42135494106937,37.232966779433866],[-80.42136179420143,37.23297396890677],[-80.42136741414483,37.23298215854509],[-80.42137165728283,37.232991139063984],[-80.42137441518275,37.23300068096776],[-80.4213756173669,37.233010540414654],[-80.42137523311368,37.233020465448114],[-80.4213460740125,37.23309414834725],[-80.42132009444389,37.23308745827614],[-80.42106767078499,37.23371417262195]]},"properties":{"id":"E6696","from":"N865","to":"N1167","length":135.2,"steep":false,"has_stairs":false}},{"type":"Feature","geometry":{"type":"LineString","coordinates":[[-80.43002807442537,37.229893530794875],[-80.43008988481506,37.22987452607389],[-80.43015313674927,37.229861076296544],[-80.43021733205047,37.22985328739439],[-80.43028196511108,37.229851220713485],[-80.43034652687567,37.22985489253118],[-80.43041050885039,37.22986427392792],[-80.4304754340518,37.22987425952292],[-80.43053949986536,37.22988877039536],[-80.43060239128157,37.22990773519576],[-80.43066379906539,37.229931060674815],[-80.43071785579981,37.22995287290853],[-80.43076994848641,37.22997903119747],[-80.43081972841503,37.230009360437215],[-80.43086686235722,37.23004365760285],[-80.43091103479685,37.230081693108026]]},"properties":{"id":"E6697","from":"N1168","to":"N1169","length":86.1,"steep":false,"has_stairs":false}},{"type":"Feature","geometry":{"type":"LineString","coordinates":[[-80.42991901227505,37.23006726419224],[-80.42924453855505,37.23042375710149]]},"properties":{"id":"E6698","from":"N644","to":"N1170","length":71.7,"steep":false,"has_stairs":false}},{"type":"Feature","geometry":{"type":"LineString","coordinates":[[-80.42996241591108,37.22979372915028],[-80.43002807442537,37.229893530794875]]},"properties":{"id":"E6699","from":"N1171","to":"N1168","length":12.5,"steep":false,"has_stairs":false}},{"type":"Feature","geometry":{"type":"LineString","coordinates":[[-80.42490108738913,37.22936830115764],[-80.42490321351052,37.22940053326963],[-80.42512730840703,37.2295982900129]]},"properties":{"id":"E6700","from":"N1172","to":"N402","length":33.2,"steep":false,"has_stairs":false}},{"type":"Feature","geometry":{"type":"LineString","coordinates":[[-80.42512730840703,37.2295982900129],[-80.42509035381443,37.2296262979527],[-80.42504909725405,37.2296538334649],[-80.42496247508079,37.22971233052766]]},"properties":{"id":"E6700-1","from":"N402","to":"N556","length":19.3,"steep":false,"has_stairs":false}},{"type":"Feature","geometry":{"type":"LineString","coordinates":[[-80.41948935705092,37.225893110140404],[-80.41941027690065,37.22595265037464],[-80.41940927998043,37.22598378601258],[-80.41936796663515,37.22606994519106]]},"properties":{"id":"E6701","from":"N1173","to":"N357","length":23.4,"steep":false,"has_stairs":false}},{"type":"Feature","geometry":{"type":"LineString","coordinates":[[-80.41948935705092,37.225893110140404],[-80.41952033749058,37.22576056418037],[-80.41958076898365,37.225454847520055]]},"properties":{"id":"E6702","from":"N1173","to":"N573","length":49.4,"steep":false,"has_stairs":false}},{"type":"Feature","geometry":{"type":"LineString","coordinates":[[-80.42030073647238,37.22479199998559],[-80.42015768994541,37.22474669977748],[-80.42004608348246,37.22470974667354],[-80.41987395756202,37.22465951416171],[-80.41975964702759,37.224621565595776],[-80.41959732009809,37.22462610639657]]},"properties":{"id":"E6703","from":"N764","to":"N564","length":65.9,"steep":false,"has_stairs":false}},{"type":"Feature","geometry":{"type":"LineString","coordinates":[[-80.41959732009809,37.22462610639657],[-80.41951232994222,37.22460250412933],[-80.41945023622046,37.224593975627556],[-80.41941730477893,37.224588708691456]]},"properties":{"id":"E6703-1","from":"N564","to":"N724","length":16.5,"steep":false,"has_stairs":false}},{"type":"Feature","geometry":{"type":"LineString","coordinates":[[-80.42417083441165,37.22942266447359],[-80.42415219965795,37.2294365099813],[-80.42383041034978,37.229658672507576]]},"properties":{"id":"E6704","from":"N525","to":"N126","length":40,"steep":false,"has_stairs":false}},{"type":"Feature","geometry":{"type":"LineString","coordinates":[[-80.42383041034978,37.229658672507576],[-80.42370422490028,37.22974579188493]]},"properties":{"id":"E6704-1","from":"N126","to":"N1174","length":14.8,"steep":false,"has_stairs":false}},{"type":"Feature","geometry":{"type":"LineString","coordinates":[[-80.42369766424916,37.22975031958497],[-80.42364172625193,37.22978891643508]]},"properties":{"id":"E6704-3","from":"N1174","to":"N1175","length":6.6,"steep":false,"has_stairs":false}},{"type":"Feature","geometry":{"type":"LineString","coordinates":[[-80.42364172625193,37.22978891643508],[-80.42345257056571,37.22991943361039]]},"properties":{"id":"E6704-4","from":"N1175","to":"N181","length":22.2,"steep":false,"has_stairs":false}},{"type":"Feature","geometry":{"type":"LineString","coordinates":[[-80.42345257056571,37.22991943361039],[-80.42324632731061,37.23006174003392]]},"properties":{"id":"E6704-5","from":"N181","to":"N163","length":24.2,"steep":false,"has_stairs":false}},{"type":"Feature","geometry":{"type":"LineString","coordinates":[[-80.42324632731061,37.23006174003392],[-80.42310432832572,37.230159718154724],[-80.42297565984283,37.23025659388389],[-80.42272304913038,37.23042804413281],[-80.42252591058786,37.230564688711375]]},"properties":{"id":"E6704-6","from":"N163","to":"N1176","length":84.8,"steep":false,"has_stairs":false}},{"type":"Feature","geometry":{"type":"LineString","coordinates":[[-80.42106385201967,37.23175266996619],[-80.42100458785768,37.23179452549452],[-80.42054173586827,37.232121210863156],[-80.42012701334166,37.23242138084375],[-80.42012169143761,37.23242557944781],[-80.42011712121908,37.23243058584785],[-80.4201134237835,37.23243626738891],[-80.42011069710209,37.232442473526774],[-80.42010901342393,37.23244903981694],[-80.42010841736156,37.23245579227193],[-80.4201089247089,37.23246255197143],[-80.42011052202272,37.23246913980319],[-80.42011316697888,37.23247538120893],[-80.42011678949379,37.23248111080965]]},"properties":{"id":"E6705","from":"N937","to":"N1177","length":118.6,"steep":false,"has_stairs":false}},{"type":"Feature","geometry":{"type":"LineString","coordinates":[[-80.42011678949379,37.23248111080965],[-80.42012129358139,37.2324861767877],[-80.42012655989653,37.23249044490949],[-80.42013244889728,37.23249380208225],[-80.42013880454232,37.232496159350745]]},"properties":{"id":"E6705-1","from":"N1177","to":"N1178","length":2.6,"steep":false,"has_stairs":false}},{"type":"Feature","geometry":{"type":"LineString","coordinates":[[-80.42944519467156,37.223999903504975],[-80.4294777798997,37.22400073818937],[-80.42950991162591,37.22400621960908],[-80.42954093064505,37.22401623530891],[-80.42961963521378,37.22405071159897],[-80.42964235400365,37.22405906463646],[-80.42966609734334,37.224063773189165],[-80.4296902844525,37.224064722082275],[-80.42971432369588,37.22406188810514],[-80.42973762705508,37.224055340579014],[-80.42975962451202,37.224045239661415],[-80.42982345687321,37.22400095158014],[-80.42989364975462,37.22396127227715],[-80.42990634985608,37.22395300934758],[-80.42992017098317,37.22394680088331],[-80.42993478336258,37.22394279501884],[-80.4299498383417,37.22394108733445],[-80.42996497670742,37.223941718575624],[-80.42997983725705,37.223944673680904],[-80.42999406541658,37.22394988214122]]},"properties":{"id":"E6706","from":"N1129","to":"N283","length":54.6,"steep":false,"has_stairs":false}},{"type":"Feature","geometry":{"type":"LineString","coordinates":[[-80.42999406541658,37.22394988214122],[-80.42999948083637,37.22395261190593],[-80.43058791404844,37.224295659270524],[-80.43070138151944,37.224307582162126]]},"properties":{"id":"E6706-1","from":"N283","to":"N1179","length":75.3,"steep":false,"has_stairs":false}},{"type":"Feature","geometry":{"type":"LineString","coordinates":[[-80.41883230029329,37.23174503417022],[-80.4189752504594,37.23188775347927]]},"properties":{"id":"E6707","from":"N34","to":"N1180","length":20.3,"steep":false,"has_stairs":false}},{"type":"Feature","geometry":{"type":"LineString","coordinates":[[-80.4189752504594,37.23188775347927],[-80.41897348177535,37.23191290757233],[-80.41896751047676,37.231937406556675],[-80.41895750645661,37.231960553397094],[-80.41894375434521,37.23198168952903],[-80.4189266454121,37.23200021359578],[-80.41890666643376,37.23201559855808],[-80.41888438584398,37.23202740668919],[-80.41878076169613,37.23208904421893],[-80.41875913573631,37.23212229695963]]},"properties":{"id":"E6707-1","from":"N1180","to":"N1181","length":33.9,"steep":false,"has_stairs":false}},{"type":"Feature","geometry":{"type":"LineString","coordinates":[[-80.42933072970972,37.22377277202627],[-80.42923679162976,37.22393678985777]]},"properties":{"id":"E6708","from":"N1124","to":"N1182","length":20,"steep":false,"has_stairs":false}},{"type":"Feature","geometry":{"type":"LineString","coordinates":[[-80.41791503789952,37.22312509967045],[-80.41785741750043,37.22309314277282],[-80.41755148541591,37.22319946050426],[-80.417660772906,37.22330142873381]]},"properties":{"id":"E6709","from":"N1183","to":"N1184","length":50.7,"steep":false,"has_stairs":false}},{"type":"Feature","geometry":{"type":"LineString","coordinates":[[-80.417660772906,37.22330142873381],[-80.41767161588383,37.223291701697775],[-80.41791503789952,37.22312509967045]]},"properties":{"id":"E6709-1","from":"N1184","to":"N1183","length":29.9,"steep":false,"has_stairs":false}},{"type":"Feature","geometry":{"type":"LineString","coordinates":[[-80.42892156110767,37.2234133654063],[-80.42894204223697,37.22347941118404],[-80.42896885290114,37.223543150572965],[-80.42900173863444,37.22360397860893],[-80.42904038731135,37.22366131796005],[-80.42908443210902,37.2237146244063]]},"properties":{"id":"E6710","from":"N1185","to":"N1126","length":36.7,"steep":false,"has_stairs":false}},{"type":"Feature","geometry":{"type":"LineString","coordinates":[[-80.42908443210902,37.2237146244063],[-80.42910502882077,37.223765079682465],[-80.42913088553928,37.223813052482434],[-80.42916170773455,37.223857996355285],[-80.42919714431562,37.223899399352156],[-80.42923679162976,37.22393678985777]]},"properties":{"id":"E6710-1","from":"N1126","to":"N1182","length":28.4,"steep":false,"has_stairs":false}},{"type":"Feature","geometry":{"type":"LineString","coordinates":[[-80.42923679162976,37.22393678985777],[-80.42927925187598,37.22399039365128]]},"properties":{"id":"E6710-2","from":"N1182","to":"N1186","length":7,"steep":false,"has_stairs":false}},{"type":"Feature","geometry":{"type":"LineString","coordinates":[[-80.41660686819775,37.23142308876035],[-80.41632817185777,37.23159535229697],[-80.4163165844773,37.23160462652898],[-80.416306758575,37.23161574994613],[-80.41629898508855,37.231628393192295],[-80.41629349418511,37.23164218191032],[-80.41629044844628,37.23165670782648],[-80.41628993805412,37.23167154083916],[-80.41629197812097,37.23168624175384],[-80.41629650824196,37.23170037528734],[-80.41630339428356,37.2317135229562],[-80.4163124323552,37.231725295467676],[-80.41632335484624,37.23173534424644],[-80.41653176093777,37.231926904993806],[-80.41689832248878,37.232210090962575],[-80.41763036697579,37.232771657967405],[-80.41764639615143,37.232782313772596],[-80.41766398759758,37.23279012540994],[-80.41768264132169,37.23279487085331],[-80.4177018271386,37.23279641522543],[-80.41772169528016,37.23279516854064],[-80.41774104807396,37.23279050306704],[-80.41775930177263,37.232782559531486],[-80.4177759057813,37.232771577538564],[-80.41803489514305,37.232589005635695],[-80.41807350090006,37.232553205021425]]},"properties":{"id":"E6711","from":"N1061","to":"N1187","length":262.2,"steep":false,"has_stairs":false}},{"type":"Feature","geometry":{"type":"LineString","coordinates":[[-80.41831761418372,37.22386436488562],[-80.4182880528501,37.223845653439604],[-80.41825240363688,37.22383325638395],[-80.41821514711097,37.223827214474625],[-80.41817740710725,37.2238277099645],[-80.41814032204461,37.22383472790724],[-80.41808628649741,37.223848334795235],[-80.41805609594694,37.22385309722786],[-80.41802553288163,37.2238528755488],[-80.41799541458936,37.223847675685974],[-80.4179665464643,37.22383763668907],[-80.4179397004699,37.223823027011214],[-80.4179155944957,37.22380423733025],[-80.41775838118261,37.223655143125676],[-80.41768413343628,37.223585624125704]]},"properties":{"id":"E6712","from":"N1075","to":"N1077","length":70.5,"steep":false,"has_stairs":false}},{"type":"Feature","geometry":{"type":"LineString","coordinates":[[-80.41768413343628,37.223585624125704],[-80.41763257770508,37.22353735273959],[-80.41761633152969,37.223529628707546],[-80.41760160358616,37.22351929978865],[-80.41758880760842,37.22350665614046],[-80.41757830305805,37.223492052945346],[-80.4175703850264,37.22347590043283],[-80.41756527594492,37.22345865235547],[-80.41756311933678,37.22344079324219],[-80.41756397578484,37.22342282478698],[-80.41756782123001,37.223405251755445],[-80.41757454764694,37.22338856780503],[-80.4175839660787,37.22337324161734],[-80.41759581194493,37.22335970373202],[-80.417660772906,37.22330142873381]]},"properties":{"id":"E6712-1","from":"N1077","to":"N1184","length":38.4,"steep":false,"has_stairs":false}},{"type":"Feature","geometry":{"type":"LineString","coordinates":[[-80.41879045183647,37.22371864273445],[-80.41881189550936,37.223737591469614],[-80.41883840898353,37.22373536059692],[-80.41893567479715,37.223721453431075]]},"properties":{"id":"E6713","from":"N97","to":"N1073","length":13.9,"steep":false,"has_stairs":false}},{"type":"Feature","geometry":{"type":"LineString","coordinates":[[-80.41693554934413,37.23154101537888],[-80.41717324940305,37.23153919839569]]},"properties":{"id":"E6714","from":"N1060","to":"N1055","length":21,"steep":false,"has_stairs":false}},{"type":"Feature","geometry":{"type":"LineString","coordinates":[[-80.41717324940305,37.23153919839569],[-80.41735676405965,37.23148758658046],[-80.41744163332588,37.23148547804089],[-80.41765443998865,37.23152448232577],[-80.41776862919602,37.23155839728634]]},"properties":{"id":"E6714-1","from":"N1055","to":"N1026","length":54.9,"steep":false,"has_stairs":false}},{"type":"Feature","geometry":{"type":"LineString","coordinates":[[-80.41776862919602,37.23155839728634],[-80.41800340178106,37.23157555216994],[-80.41815548877305,37.23164272831313]]},"properties":{"id":"E6714-2","from":"N1026","to":"N1059","length":36.3,"steep":false,"has_stairs":false}},{"type":"Feature","geometry":{"type":"LineString","coordinates":[[-80.41815548877305,37.23164272831313],[-80.41814959325231,37.231586784320776],[-80.41814241028149,37.23155340586603],[-80.4179935321945,37.23139843886394]]},"properties":{"id":"E6715","from":"N1059","to":"N1188","length":31.7,"steep":false,"has_stairs":false}},{"type":"Feature","geometry":{"type":"LineString","coordinates":[[-80.4179935321945,37.23139843886394],[-80.41805437630428,37.23136059873277],[-80.41823131850444,37.23124347914176]]},"properties":{"id":"E6715-1","from":"N1188","to":"N1189","length":27.2,"steep":false,"has_stairs":false}},{"type":"Feature","geometry":{"type":"LineString","coordinates":[[-80.41777442104812,37.231036700023445],[-80.41802433045851,37.231046786237314],[-80.41823131850444,37.23124347914176]]},"properties":{"id":"E6716","from":"N1190","to":"N1189","length":50.7,"steep":false,"has_stairs":false}},{"type":"Feature","geometry":{"type":"LineString","coordinates":[[-80.42039681931415,37.22489023206815],[-80.42045478934436,37.22492179091434],[-80.42073747027001,37.225187009738],[-80.42077474291271,37.225217147842464],[-80.42081582429125,37.22524184350144],[-80.4208599253996,37.225260622411895],[-80.42090619923502,37.22527312390739],[-80.42095375706556,37.22527910788512],[-80.42098056270822,37.225283156419195],[-80.42112556284152,37.22530463183151]]},"properties":{"id":"E6717","from":"N767","to":"N1191","length":82.7,"steep":false,"has_stairs":false}},{"type":"Feature","geometry":{"type":"LineString","coordinates":[[-80.42112556284152,37.22530463183151],[-80.42095986020352,37.22539513955585],[-80.4209090750423,37.22543117728703]]},"properties":{"id":"E6717-1","from":"N1191","to":"N932","length":23.8,"steep":false,"has_stairs":false}},{"type":"Feature","geometry":{"type":"LineString","coordinates":[[-80.4209090750423,37.22543117728703],[-80.42089252636116,37.225442919904864],[-80.42074264363062,37.2255665461119]]},"properties":{"id":"E6717-2","from":"N932","to":"N983","length":21.1,"steep":false,"has_stairs":false}},{"type":"Feature","geometry":{"type":"LineString","coordinates":[[-80.42074264363062,37.2255665461119],[-80.42066778454073,37.22554272572331],[-80.42059300688933,37.225502880084704],[-80.42048636239565,37.225424407536515]]},"properties":{"id":"E6718","from":"N983","to":"N632","length":28,"steep":false,"has_stairs":false}},{"type":"Feature","geometry":{"type":"LineString","coordinates":[[-80.41614022080142,37.23023702477393],[-80.41554500445932,37.23060958883684],[-80.41553981101714,37.23066139123996],[-80.41561264302155,37.230748388762535],[-80.4156863586827,37.23083209214509],[-80.41574107518232,37.23090869079237],[-80.41579549789209,37.23101935984941],[-80.41591807205448,37.23118348535896],[-80.41597148010098,37.23125589796702],[-80.41598996917998,37.231271828817654],[-80.41601093843191,37.23128431595174],[-80.41603375380478,37.231292981793004],[-80.41605772542506,37.23129756431045],[-80.41608212845745,37.231297924941465],[-80.41610622502198,37.23129405278158],[-80.41612928650541,37.23128606491415],[-80.4161506155925,37.23127420287014],[-80.41665656001442,37.23096173159604],[-80.4170685897546,37.23070931601176]]},"properties":{"id":"E6719","from":"N276","to":"N143","length":270.1,"steep":false,"has_stairs":false}},{"type":"Feature","geometry":{"type":"LineString","coordinates":[[-80.4170685897546,37.23070931601176],[-80.41700983624604,37.23072468883166],[-80.4169572701819,37.23073520058326],[-80.41690463580068,37.23074465263874],[-80.41685127066663,37.23074809965275],[-80.41679785766895,37.23074549751542],[-80.4167450803094,37.23073687952513],[-80.4166936139557,37.23072235596235],[-80.41664411719927,37.230702112678486],[-80.41659711718273,37.230654130062625],[-80.41661320002396,37.23063369288955]]},"properties":{"id":"E6720","from":"N143","to":"N1192","length":48.5,"steep":false,"has_stairs":false}},{"type":"Feature","geometry":{"type":"LineString","coordinates":[[-80.42112556284152,37.22530463183151],[-80.42115485461201,37.22530571350792],[-80.42118398221366,37.22530243316284],[-80.42121229967702,37.22529486354521],[-80.42123917899923,37.22528317252817],[-80.42138552690199,37.22520638691714]]},"properties":{"id":"E6721","from":"N1191","to":"N934","length":26.1,"steep":false,"has_stairs":false}},{"type":"Feature","geometry":{"type":"LineString","coordinates":[[-80.42138552690199,37.22520638691714],[-80.42217287776985,37.22479327455631],[-80.4220882328065,37.22471488681038]]},"properties":{"id":"E6721-1","from":"N934","to":"N1193","length":95,"steep":false,"has_stairs":false}},{"type":"Feature","geometry":{"type":"LineString","coordinates":[[-80.4220882328065,37.22471488681038],[-80.42199487318766,37.224628428430144],[-80.42210436479515,37.22455472234495]]},"properties":{"id":"E6721-2","from":"N1193","to":"N1194","length":25.4,"steep":false,"has_stairs":false}},{"type":"Feature","geometry":{"type":"LineString","coordinates":[[-80.4220882328065,37.22471488681038],[-80.42219689665899,37.22463310511739]]},"properties":{"id":"E6722","from":"N1193","to":"N1195","length":13.2,"steep":false,"has_stairs":false}},{"type":"Feature","geometry":{"type":"LineString","coordinates":[[-80.42255076778213,37.22551390465223],[-80.42252206508797,37.22531072937796],[-80.42243551124804,37.22512844528071],[-80.42239093930155,37.22507176948035],[-80.42225964917137,37.22491253498245],[-80.4223545408441,37.224861439848254]]},"properties":{"id":"E6723","from":"N521","to":"N1091","length":83.2,"steep":false,"has_stairs":false}},{"type":"Feature","geometry":{"type":"LineString","coordinates":[[-80.42319302409057,37.22547734817241],[-80.42329017511852,37.225474932459996]]},"properties":{"id":"E6724","from":"N1196","to":"N1197","length":8.6,"steep":false,"has_stairs":false}},{"type":"Feature","geometry":{"type":"LineString","coordinates":[[-80.4243618738908,37.22547958110587],[-80.42367708595117,37.22569658964497]]},"properties":{"id":"E6725","from":"N1198","to":"N140","length":65.3,"steep":false,"has_stairs":false}},{"type":"Feature","geometry":{"type":"LineString","coordinates":[[-80.42367708595117,37.22569658964497],[-80.42357712458262,37.22567949185286]]},"properties":{"id":"E6725-1","from":"N140","to":"N928","length":9.1,"steep":false,"has_stairs":false}},{"type":"Feature","geometry":{"type":"LineString","coordinates":[[-80.42357712458262,37.22567949185286],[-80.42341470316926,37.22562361928448],[-80.42335734754414,37.225591606621045],[-80.4232970801716,37.225546302404965]]},"properties":{"id":"E6725-2","from":"N928","to":"N1199","length":29.2,"steep":false,"has_stairs":false}},{"type":"Feature","geometry":{"type":"LineString","coordinates":[[-80.43810151825222,37.22549623262001],[-80.43821031174907,37.225685094079786],[-80.43824108904859,37.225728673684],[-80.43827727951572,37.22576787411968],[-80.43831826676451,37.22580202773595],[-80.4383633527116,37.22583055283795],[-80.43841176946572,37.225852963594086],[-80.43846269240619,37.22586887831062],[-80.43851525422771,37.22587802593254],[-80.43856855971201,37.22588025066011],[-80.43858471357073,37.22585150450279],[-80.43860490853231,37.225825438198136],[-80.43862870788993,37.22580261541809],[-80.43865559699331,37.22578352969486],[-80.43868499437788,37.22576859374852],[-80.43871626433857,37.225758130562085],[-80.43878895895692,37.225730001669454]]},"properties":{"id":"E6726","from":"N658","to":"N671","length":90.4,"steep":false,"has_stairs":false}},{"type":"Feature","geometry":{"type":"LineString","coordinates":[[-80.43864669609567,37.224922651110305],[-80.43868286144782,37.224764497215745]]},"properties":{"id":"E6727","from":"N395","to":"N390","length":17.9,"steep":false,"has_stairs":false}},{"type":"Feature","geometry":{"type":"LineString","coordinates":[[-80.43730443749237,37.2249807132662],[-80.43734972979367,37.224983396798144],[-80.43739503286749,37.224980901722475],[-80.43743975653331,37.2249732605435],[-80.43748331815875,37.22496057280578],[-80.43752515024983,37.22494300379734],[-80.43756470784379,37.22492078239641]]},"properties":{"id":"E6728","from":"N424","to":"N10","length":24.7,"steep":false,"has_stairs":false}},{"type":"Feature","geometry":{"type":"LineString","coordinates":[[-80.42327770976367,37.2259021384987],[-80.42328801558392,37.225823660917754]]},"properties":{"id":"E6729","from":"N3","to":"N122","length":8.8,"steep":false,"has_stairs":false}},{"type":"Feature","geometry":{"type":"LineString","coordinates":[[-80.42328801558392,37.225823660917754],[-80.42329266940342,37.22578796914114],[-80.42330518138398,37.22568456401227],[-80.42330003671141,37.22557559275346],[-80.4232970801716,37.225546302404965]]},"properties":{"id":"E6729-1","from":"N122","to":"N1199","length":30.9,"steep":false,"has_stairs":false}},{"type":"Feature","geometry":{"type":"LineString","coordinates":[[-80.4232970801716,37.225546302404965],[-80.4232911442772,37.22548748954859],[-80.42329076882976,37.22548376886617],[-80.42327456210498,37.22524272376618],[-80.42327583870586,37.22522768738176],[-80.42327961505664,37.22521307705182],[-80.42328578452336,37.22519930533273],[-80.42329417289687,37.22518676110075],[-80.42330454331211,37.22517579857121]]},"properties":{"id":"E6729-2","from":"N1199","to":"N1200","length":41.9,"steep":false,"has_stairs":false}},{"type":"Feature","geometry":{"type":"LineString","coordinates":[[-80.42330454331211,37.22517579857121],[-80.42331660293648,37.22516672729642],[-80.42333001123865,37.225159803424745],[-80.4233443896043,37.225155222467684],[-80.42374569556463,37.2250351050016]]},"properties":{"id":"E6729-3","from":"N1200","to":"N62","length":42.2,"steep":false,"has_stairs":false}},{"type":"Feature","geometry":{"type":"LineString","coordinates":[[-80.42374569556463,37.2250351050016],[-80.42410143004886,37.22492862545618]]},"properties":{"id":"E6729-4","from":"N62","to":"N68","length":33.6,"steep":false,"has_stairs":false}},{"type":"Feature","geometry":{"type":"LineString","coordinates":[[-80.42410143004886,37.22492862545618],[-80.4243618738908,37.22547958110587]]},"properties":{"id":"E6729-5","from":"N68","to":"N1198","length":65.5,"steep":false,"has_stairs":false}},{"type":"Feature","geometry":{"type":"LineString","coordinates":[[-80.4243618738908,37.22547958110587],[-80.42441095074675,37.22558340090212]]},"properties":{"id":"E6729-6","from":"N1198","to":"N929","length":12.3,"steep":false,"has_stairs":false}},{"type":"Feature","geometry":{"type":"LineString","coordinates":[[-80.42441095074675,37.22558340090212],[-80.4244324161803,37.22562880992598]]},"properties":{"id":"E6729-7","from":"N929","to":"N229","length":5.4,"steep":false,"has_stairs":false}},{"type":"Feature","geometry":{"type":"LineString","coordinates":[[-80.43756470784379,37.22492078239641],[-80.43759384795301,37.224939408472316],[-80.4376249623492,37.22495450718147],[-80.43765998508518,37.224975624187685],[-80.43769149654806,37.225001692323275],[-80.43771880259486,37.22503213735233],[-80.43775700420764,37.22506921099753],[-80.43779832137139,37.22510277750416],[-80.43784243322801,37.22513257620368],[-80.4378889972166,37.22515837568731],[-80.43793765173359,37.22517997560313]]},"properties":{"id":"E6730","from":"N10","to":"N1201","length":44.2,"steep":false,"has_stairs":false}},{"type":"Feature","geometry":{"type":"LineString","coordinates":[[-80.43793765173359,37.22517997560313],[-80.43802197245208,37.22533570853105],[-80.43802934928956,37.22535059380105]]},"properties":{"id":"E6730-1","from":"N1201","to":"N676","length":20.6,"steep":false,"has_stairs":false}},{"type":"Feature","geometry":{"type":"LineString","coordinates":[[-80.42424833060711,37.219585707913055],[-80.424277155046,37.21964010896051],[-80.42435832285511,37.21975734032136],[-80.42438193299218,37.21977792822042],[-80.42444293228883,37.21982304658934],[-80.42450591523534,37.21986535178824],[-80.42452596188743,37.21987526915698],[-80.42454416059415,37.219888270292955],[-80.42456004114551,37.21990401927868],[-80.42457319322698,37.219922109198954],[-80.42458327702103,37.219942072654575],[-80.42459003198711,37.219963393838775],[-80.42459328359347,37.219985521864416],[-80.42459294782655,37.22000788499755],[-80.42458903336177,37.220029905429605],[-80.4245816413393,37.220051014206604],[-80.42457096275086,37.22007066592948],[-80.42454572110996,37.220092209080775],[-80.4245243283385,37.22011757829703],[-80.42450735658029,37.220146095085525],[-80.42449525974028,37.22017699677263],[-80.42448836134515,37.220209456901216],[-80.42448684589058,37.22024260733411],[-80.42449075390698,37.220275561472114],[-80.42449998087551,37.22030743796588],[-80.42451428002347,37.22033738428738],[-80.42453326892407,37.22036459953049],[-80.42455643972438,37.22038835583104],[-80.42458317272778,37.220408017833314],[-80.42461275296742,37.22042305968249],[-80.42464438932795,37.22043307908844],[-80.42467723570364,37.22043780808492],[-80.42471041362721,37.22043712019623],[-80.42476634902093,37.22044963084456],[-80.42479210491706,37.220456369715095],[-80.42481942549468,37.22046926766448],[-80.42484073643047,37.22048616887113],[-80.42484720032574,37.22049277530842],[-80.42485651292502,37.220508869956454]]},"properties":{"id":"E6731","from":"N1202","to":"N599","length":135.1,"steep":false,"has_stairs":false}},{"type":"Feature","geometry":{"type":"LineString","coordinates":[[-80.43793765173359,37.22517997560313],[-80.43799814887953,37.22519826535258],[-80.43806020606569,37.22521023720495],[-80.43812316535069,37.225215764232516]]},"properties":{"id":"E6732","from":"N1201","to":"N675","length":17,"steep":false,"has_stairs":false}},{"type":"Feature","geometry":{"type":"LineString","coordinates":[[-80.43812316535069,37.225215764232516],[-80.43818100089595,37.2252174710058],[-80.43823868353856,37.225212934915724],[-80.43829554137713,37.22520220879978],[-80.43835091211784,37.225185417598354],[-80.43840415078888,37.22516275689942],[-80.43845463725337,37.22513449066028],[-80.43850178343274,37.22510094813292],[-80.43854504015691,37.225062520028814],[-80.43858390356108,37.2250196539678],[-80.43861792095494,37.22497284926413],[-80.43864669609567,37.224922651110305]]},"properties":{"id":"E6732-1","from":"N675","to":"N395","length":60.8,"steep":false,"has_stairs":false}},{"type":"Feature","geometry":{"type":"LineString","coordinates":[[-80.43615510543754,37.224011765544],[-80.43618471947569,37.224012843502805],[-80.43626400536431,37.22401572937767],[-80.436290821284,37.2240183873801],[-80.43631699025227,37.224024817281006],[-80.43634198447177,37.22403488939684],[-80.43636529983846,37.22404840058486],[-80.4363864661088,37.22406507834028]]},"properties":{"id":"E6733","from":"N1203","to":"N681","length":22.1,"steep":false,"has_stairs":false}},{"type":"Feature","geometry":{"type":"LineString","coordinates":[[-80.43804823410606,37.22367695584012],[-80.43827076228813,37.22369255961587],[-80.43844279789836,37.22371906496784],[-80.43861130039915,37.22376681280084],[-80.4387720605383,37.2238309828001],[-80.43881871886904,37.22385566148318]]},"properties":{"id":"E6734","from":"N392","to":"N1144","length":72,"steep":false,"has_stairs":false}},{"type":"Feature","geometry":{"type":"LineString","coordinates":[[-80.43881871886904,37.22385566148318],[-80.43894059218391,37.22392012480786],[-80.43896144527572,37.223935448390336]]},"properties":{"id":"E6734-1","from":"N1144","to":"N1142","length":15.5,"steep":false,"has_stairs":false}},{"type":"Feature","geometry":{"type":"LineString","coordinates":[[-80.43896144527572,37.223935448390336],[-80.43903304183004,37.223981288557056],[-80.43910080056408,37.22403263192504],[-80.43916429945844,37.224089158714165],[-80.43922314302517,37.22415051686056],[-80.43927696477088,37.224216324209415],[-80.43932542947947,37.22428617089507],[-80.43936823529984,37.22435962189382],[-80.43940511562599,37.22443621973333],[-80.43943584075743,37.224515487341925],[-80.4394602193299,37.224596931019875],[-80.43947809950718,37.22468004351433],[-80.43948936992678,37.22476430717861],[-80.4394939603935,37.22484919719622]]},"properties":{"id":"E6734-2","from":"N1142","to":"N1149","length":115.9,"steep":false,"has_stairs":false}},{"type":"Feature","geometry":{"type":"LineString","coordinates":[[-80.4394939603935,37.22484919719622],[-80.43949431821504,37.22489421957614],[-80.43949063017016,37.2249390920739],[-80.43948292608042,37.22498345184996]]},"properties":{"id":"E6734-3","from":"N1149","to":"N26","length":15,"steep":false,"has_stairs":false}},{"type":"Feature","geometry":{"type":"LineString","coordinates":[[-80.42419438110929,37.219023752701055],[-80.42431647680003,37.21924483407488],[-80.42412158556989,37.21933866601645],[-80.42411241653937,37.219343136240745]]},"properties":{"id":"E6735","from":"N1008","to":"N1204","length":48,"steep":false,"has_stairs":false}},{"type":"Feature","geometry":{"type":"LineString","coordinates":[[-80.42411241653937,37.219343136240745],[-80.42404331976999,37.219253194355666]]},"properties":{"id":"E6737","from":"N1204","to":"N609","length":11.7,"steep":false,"has_stairs":false}},{"type":"Feature","geometry":{"type":"LineString","coordinates":[[-80.42404331976999,37.219253194355666],[-80.4239504600243,37.21913567659846]]},"properties":{"id":"E6737-1","from":"N609","to":"N1007","length":15.4,"steep":false,"has_stairs":false}},{"type":"Feature","geometry":{"type":"LineString","coordinates":[[-80.41962588928246,37.22084449988132],[-80.41963274408958,37.22080870575847]]},"properties":{"id":"E6740","from":"N1205","to":"N960","length":4,"steep":false,"has_stairs":false}},{"type":"Feature","geometry":{"type":"LineString","coordinates":[[-80.41963274408958,37.22080870575847],[-80.41969790260616,37.22046843427031],[-80.41972523055743,37.22026132411679],[-80.41972279355778,37.220120740387905],[-80.41971906530271,37.220018366764464],[-80.419697093158,37.21986147932933],[-80.41966449610149,37.219685279888765],[-80.4196050556061,37.21947199035623]]},"properties":{"id":"E6740-1","from":"N960","to":"N1206","length":150.1,"steep":false,"has_stairs":false}},{"type":"Feature","geometry":{"type":"LineString","coordinates":[[-80.41992931427438,37.218410367040235],[-80.41991457820298,37.21841383063543],[-80.4199003613835,37.21841723891554],[-80.41988657750693,37.21842065457192],[-80.4198731138237,37.21842416415931],[-80.41985985990586,37.218427856898316],[-80.41984670302661,37.21843182024448],[-80.41979436077311,37.21845010812431],[-80.4197441953916,37.21847372152196],[-80.41969674702014,37.218502406188506],[-80.4194820611885,37.21864325408925],[-80.4194537912863,37.2186592368085],[-80.41942343823445,37.218670783536496],[-80.41939169327262,37.21867763131593],[-80.4193505247325,37.21867687047106]]},"properties":{"id":"E6741","from":"N641","to":"N1207","length":60.4,"steep":false,"has_stairs":false}},{"type":"Feature","geometry":{"type":"LineString","coordinates":[[-80.4193505247325,37.21867687047106],[-80.41933886990925,37.21873011665293],[-80.41934943483633,37.2188292882009],[-80.41936672400298,37.218927510898524],[-80.41939065725106,37.21902432935363],[-80.41942112361826,37.21911929468457],[-80.4194579818527,37.219211966601385],[-80.41950106106766,37.219301915447126],[-80.419550161534,37.21938872418987],[-80.4196050556061,37.21947199035623]]},"properties":{"id":"E6741-1","from":"N1207","to":"N1206","length":92.5,"steep":false,"has_stairs":false}},{"type":"Feature","geometry":{"type":"LineString","coordinates":[[-80.4196050556061,37.21947199035623],[-80.41970959565558,37.219452968341024]]},"properties":{"id":"E6742","from":"N1206","to":"N1010","length":9.5,"steep":false,"has_stairs":false}},{"type":"Feature","geometry":{"type":"LineString","coordinates":[[-80.41970959565558,37.219452968341024],[-80.41997711207182,37.21940429188472],[-80.42011768433314,37.21938976208128],[-80.42048852029458,37.21938194227625],[-80.42062972148373,37.2193870423621],[-80.4213245702582,37.219367719071485],[-80.42139234962858,37.21936538274749]]},"properties":{"id":"E6742-1","from":"N1010","to":"N617","length":149.8,"steep":false,"has_stairs":false}},{"type":"Feature","geometry":{"type":"LineString","coordinates":[[-80.42139234962858,37.21936538274749],[-80.421396559617,37.21934163392814]]},"properties":{"id":"E6742-2","from":"N617","to":"N1208","length":2.7,"steep":false,"has_stairs":false}},{"type":"Feature","geometry":{"type":"LineString","coordinates":[[-80.40818358364251,37.19910668268856],[-80.40816529269486,37.199126014451096]]},"properties":{"id":"E6743","from":"N1209","to":"N236","length":2.7,"steep":false,"has_stairs":false}},{"type":"Feature","geometry":{"type":"LineString","coordinates":[[-80.42395706875595,37.220642697035],[-80.42387113844175,37.220668535990455],[-80.42354426397975,37.22070987608277],[-80.42341856807747,37.22072956258636]]},"properties":{"id":"E6744","from":"N600","to":"N520","length":48.8,"steep":false,"has_stairs":false}},{"type":"Feature","geometry":{"type":"LineString","coordinates":[[-80.4229904574516,37.220843583590735],[-80.42298664134358,37.22081540048171]]},"properties":{"id":"E6745","from":"N1210","to":"N540","length":3.2,"steep":false,"has_stairs":false}},{"type":"Feature","geometry":{"type":"LineString","coordinates":[[-80.42341856807747,37.22072956258636],[-80.4233938960784,37.220733426464186],[-80.42308218728006,37.2208031248276],[-80.42298664134358,37.22081540048171]]},"properties":{"id":"E6746","from":"N520","to":"N540","length":39.5,"steep":false,"has_stairs":false}},{"type":"Feature","geometry":{"type":"LineString","coordinates":[[-80.4224807016142,37.22068173907435],[-80.42255113324302,37.22091938384689]]},"properties":{"id":"E6747","from":"N542","to":"N226","length":27.2,"steep":false,"has_stairs":false}},{"type":"Feature","geometry":{"type":"LineString","coordinates":[[-80.42243483513691,37.220633916049884],[-80.4224807016142,37.22068173907435]]},"properties":{"id":"E6748","from":"N539","to":"N542","length":6.7,"steep":false,"has_stairs":false}},{"type":"Feature","geometry":{"type":"LineString","coordinates":[[-80.42241758818972,37.22061593338127],[-80.42238311690801,37.22063953520437]]},"properties":{"id":"E6749","from":"N518","to":"N1211","length":4,"steep":false,"has_stairs":false}},{"type":"Feature","geometry":{"type":"LineString","coordinates":[[-80.41962221363595,37.2209374141903],[-80.41959609495468,37.22098495617102],[-80.41957794936216,37.221069618440126],[-80.41956880119096,37.22116510640153],[-80.41956624914266,37.22126099762562],[-80.41957030532943,37.2213568370077],[-80.41958095050038,37.22145216968911],[-80.41959813413298,37.221546543216],[-80.41962177467285,37.22163950968675]]},"properties":{"id":"E6750","from":"N1212","to":"N570","length":79.1,"steep":false,"has_stairs":false}},{"type":"Feature","geometry":{"type":"LineString","coordinates":[[-80.41966720250565,37.221772280379746],[-80.41965375350121,37.221775814927845],[-80.41955710032401,37.22180941117479]]},"properties":{"id":"E6751","from":"N1080","to":"N1046","length":10.6,"steep":false,"has_stairs":false}},{"type":"Feature","geometry":{"type":"LineString","coordinates":[[-80.41962177467285,37.22163950968675],[-80.41964290698382,37.2217064361836],[-80.41966720250565,37.221772280379746]]},"properties":{"id":"E6752","from":"N570","to":"N1080","length":15.3,"steep":false,"has_stairs":false}},{"type":"Feature","geometry":{"type":"LineString","coordinates":[[-80.41960780187736,37.22164163593437],[-80.41962177467285,37.22163950968675]]},"properties":{"id":"E6753","from":"N1034","to":"N570","length":1.3,"steep":false,"has_stairs":false}},{"type":"Feature","geometry":{"type":"LineString","coordinates":[[-80.41951992082814,37.22303585757108],[-80.41935088037921,37.22289068278102]]},"properties":{"id":"E6754","from":"N96","to":"N1213","length":22,"steep":false,"has_stairs":false}},{"type":"Feature","geometry":{"type":"LineString","coordinates":[[-80.41804728798647,37.22405226053232],[-80.41796819983095,37.224108393115706],[-80.41790850684798,37.224149746746974]]},"properties":{"id":"E6755","from":"N1076","to":"N861","length":16.4,"steep":false,"has_stairs":false}},{"type":"Feature","geometry":{"type":"LineString","coordinates":[[-80.42303761858953,37.22097162556368],[-80.42304222568252,37.22094308710894],[-80.42303861179577,37.22093341574673],[-80.42300632713598,37.22088907321742],[-80.4229904574516,37.220843583590735]]},"properties":{"id":"E6756","from":"N127","to":"N1210","length":15.3,"steep":false,"has_stairs":false}},{"type":"Feature","geometry":{"type":"LineString","coordinates":[[-80.42301043382496,37.22113171979442],[-80.42300266943128,37.22111206134938],[-80.42299539530225,37.221097711810515],[-80.4229904766626,37.22108239419964],[-80.42298803676222,37.2210664923411],[-80.42298813673945,37.22105040469915],[-80.42299077408906,37.22103453439336],[-80.4229958827251,37.22101927909734],[-80.42300333463685,37.22100502107398],[-80.42301294309638,37.220992117596765],[-80.42302446733767,37.22098089199737],[-80.42303761858953,37.22097162556368]]},"properties":{"id":"E6757","from":"N738","to":"N127","length":19.4,"steep":false,"has_stairs":false}},{"type":"Feature","geometry":{"type":"LineString","coordinates":[[-80.42257372707687,37.22115313555931],[-80.42261023045603,37.22114269706804],[-80.42264790879622,37.22113802786353],[-80.42268585598252,37.22113924023407],[-80.42272315943461,37.22114630502373],[-80.42275892205312,37.22115905233353],[-80.42279228379375,37.2211771756073],[-80.42282244235017,37.22120023900396]]},"properties":{"id":"E6758","from":"N158","to":"N215","length":24.3,"steep":false,"has_stairs":false}},{"type":"Feature","geometry":{"type":"LineString","coordinates":[[-80.42282244235017,37.22120023900396],[-80.42285471445423,37.22118028972837],[-80.42290826883314,37.221153696465166],[-80.42297880679735,37.22114106583488]]},"properties":{"id":"E6759","from":"N215","to":"N739","length":15.6,"steep":false,"has_stairs":false}},{"type":"Feature","geometry":{"type":"LineString","coordinates":[[-80.42361242068523,37.22280557671701],[-80.42329711655267,37.2229000607595]]},"properties":{"id":"E6760","from":"N1214","to":"N296","length":29.8,"steep":false,"has_stairs":false}},{"type":"Feature","geometry":{"type":"LineString","coordinates":[[-80.424401520637,37.22272086283446],[-80.42448400626041,37.22270022511949]]},"properties":{"id":"E6762","from":"N1215","to":"N640","length":7.7,"steep":false,"has_stairs":false}},{"type":"Feature","geometry":{"type":"LineString","coordinates":[[-80.42448400626041,37.22270022511949],[-80.42453653238228,37.2226852212619]]},"properties":{"id":"E6762-1","from":"N640","to":"N1216","length":4.9,"steep":false,"has_stairs":false}},{"type":"Feature","geometry":{"type":"LineString","coordinates":[[-80.42453653238228,37.2226852212619],[-80.42460543506549,37.22254082273514],[-80.42457075962997,37.22246408515327]]},"properties":{"id":"E6762-2","from":"N1216","to":"N639","length":26.2,"steep":false,"has_stairs":false}},{"type":"Feature","geometry":{"type":"LineString","coordinates":[[-80.42302100473192,37.22377984036798],[-80.42303005493079,37.2237983755936],[-80.42306195176214,37.22386451743465]]},"properties":{"id":"E6763","from":"N204","to":"N1217","length":10.1,"steep":false,"has_stairs":false}},{"type":"Feature","geometry":{"type":"LineString","coordinates":[[-80.42306195176214,37.22386451743465],[-80.42322185091068,37.223817221236565]]},"properties":{"id":"E6763-1","from":"N1217","to":"N1218","length":15.1,"steep":false,"has_stairs":false}},{"type":"Feature","geometry":{"type":"LineString","coordinates":[[-80.4244324161803,37.22562880992598],[-80.42447860417344,37.225726515630704]]},"properties":{"id":"E6764","from":"N229","to":"N216","length":11.6,"steep":false,"has_stairs":false}},{"type":"Feature","geometry":{"type":"LineString","coordinates":[[-80.42447860417344,37.225726515630704],[-80.42456323321348,37.22570463345494],[-80.42458129767357,37.22574988249824],[-80.42458365251802,37.22575634974977],[-80.42458491397606,37.225763115794294],[-80.42458504783482,37.22576999712531],[-80.42458405046385,37.2257768071096],[-80.4245819489135,37.22578336104894],[-80.42457880018134,37.22578948118951],[-80.42457468966629,37.22579500154283],[-80.42456972885239,37.225799772387646],[-80.42456405228525,37.225803664330655],[-80.4245578139229,37.22580657181582],[-80.42455118296019,37.225808415987274],[-80.42454433923996,37.22580914682799],[-80.42452201702315,37.22581660296462],[-80.42452526139817,37.22582308165754]]},"properties":{"id":"E6764-1","from":"N216","to":"N91","length":24.5,"steep":false,"has_stairs":false}},{"type":"Feature","geometry":{"type":"LineString","coordinates":[[-80.42725529403539,37.225463672211134],[-80.42734063019648,37.225441671931364],[-80.42743628850509,37.225420880198506],[-80.4275267257938,37.225397426536325],[-80.42772166826344,37.225358988432276],[-80.4279831880623,37.22531305174457],[-80.42804993852646,37.225303720115306],[-80.42813368419272,37.225287243059014],[-80.42820341254675,37.22526000648567],[-80.42858517517351,37.22504845012806],[-80.42883594793655,37.22485877387528]]},"properties":{"id":"E6765","from":"N939","to":"N242","length":159,"steep":false,"has_stairs":false}},{"type":"Feature","geometry":{"type":"LineString","coordinates":[[-80.4251491138298,37.22659040576588],[-80.42498158964678,37.22670275447583],[-80.42487020533612,37.226791136294246]]},"properties":{"id":"E6766","from":"N882","to":"N415","length":33.3,"steep":false,"has_stairs":false}},{"type":"Feature","geometry":{"type":"LineString","coordinates":[[-80.4249758806608,37.227816829229894],[-80.42525533205513,37.227610732461095],[-80.42544484482934,37.22747096554577]]},"properties":{"id":"E6768","from":"N118","to":"N968","length":56.6,"steep":false,"has_stairs":false}},{"type":"Feature","geometry":{"type":"LineString","coordinates":[[-80.42483207431599,37.22792288567931],[-80.42494492295096,37.227839659724474]]},"properties":{"id":"E6769","from":"N444","to":"N1219","length":13.6,"steep":false,"has_stairs":false}},{"type":"Feature","geometry":{"type":"LineString","coordinates":[[-80.42459767073646,37.22809575753014],[-80.42483207431599,37.22792288567931]]},"properties":{"id":"E6770","from":"N446","to":"N444","length":28.3,"steep":false,"has_stairs":false}},{"type":"Feature","geometry":{"type":"LineString","coordinates":[[-80.42436242085002,37.22826925195737],[-80.42459767073646,37.22809575753014]]},"properties":{"id":"E6771","from":"N23","to":"N446","length":28.4,"steep":false,"has_stairs":false}},{"type":"Feature","geometry":{"type":"LineString","coordinates":[[-80.42414454851162,37.22825946552513],[-80.42425136483266,37.22835170725431]]},"properties":{"id":"E6772","from":"N429","to":"N1220","length":14,"steep":false,"has_stairs":false}},{"type":"Feature","geometry":{"type":"LineString","coordinates":[[-80.42413958815122,37.22870129060096],[-80.4239723385539,37.22855966026154]]},"properties":{"id":"E6773","from":"N83","to":"N1221","length":21.6,"steep":false,"has_stairs":false}},{"type":"Feature","geometry":{"type":"LineString","coordinates":[[-80.4239723385539,37.22855966026154],[-80.42420682206223,37.22838490472799]]},"properties":{"id":"E6773-1","from":"N1221","to":"N1222","length":28.4,"steep":false,"has_stairs":false}},{"type":"Feature","geometry":{"type":"LineString","coordinates":[[-80.42506786427631,37.2284295058095],[-80.42502484862325,37.22846233259969]]},"properties":{"id":"E6774","from":"N1156","to":"N774","length":5.3,"steep":false,"has_stairs":false}},{"type":"Feature","geometry":{"type":"LineString","coordinates":[[-80.42516341798971,37.228356584863675],[-80.42506786427631,37.2284295058095]]},"properties":{"id":"E6775","from":"N31","to":"N1156","length":11.7,"steep":false,"has_stairs":false}},{"type":"Feature","geometry":{"type":"LineString","coordinates":[[-80.42550035804793,37.228334008088396],[-80.42564395911593,37.22844778402973]]},"properties":{"id":"E6776","from":"N769","to":"N757","length":17.9,"steep":false,"has_stairs":false}},{"type":"Feature","geometry":{"type":"LineString","coordinates":[[-80.42564395911593,37.22844778402973],[-80.42565179246199,37.22845436087822]]},"properties":{"id":"E6776-1","from":"N757","to":"N1223","length":1,"steep":false,"has_stairs":false}},{"type":"Feature","geometry":{"type":"LineString","coordinates":[[-80.425847359733,37.22717629444449],[-80.42591908051888,37.227119837841755]]},"properties":{"id":"E6777","from":"N985","to":"N99","length":8.9,"steep":false,"has_stairs":false}},{"type":"Feature","geometry":{"type":"LineString","coordinates":[[-80.42837273070114,37.22980925860987],[-80.4283714881002,37.229789828337566],[-80.42827570159928,37.229702043555484],[-80.4282537954742,37.2296718163832]]},"properties":{"id":"E6778","from":"N220","to":"N877","length":19,"steep":false,"has_stairs":false}},{"type":"Feature","geometry":{"type":"LineString","coordinates":[[-80.42916048712286,37.224555284269016],[-80.42916690729902,37.224504279382835],[-80.42916986179922,37.22446875479431],[-80.42917281519313,37.22443323112481],[-80.42917797538526,37.22440846785603],[-80.42919467638035,37.2243819729662],[-80.42925814483651,37.2242679949349]]},"properties":{"id":"E6780","from":"N243","to":"N251","length":33.6,"steep":false,"has_stairs":false}},{"type":"Feature","geometry":{"type":"LineString","coordinates":[[-80.42950625140578,37.22366462673611],[-80.42965189596542,37.22374500882993]]},"properties":{"id":"E6781","from":"N1122","to":"N282","length":15.7,"steep":false,"has_stairs":false}},{"type":"Feature","geometry":{"type":"LineString","coordinates":[[-80.42965189596542,37.22374500882993],[-80.42962513968654,37.22377718044108],[-80.42959390377604,37.2238050233741],[-80.42957238904803,37.22381953994583],[-80.42955354546532,37.223837387460115],[-80.42953788299651,37.22385808290519],[-80.42945306094484,37.22397968712223],[-80.42944519467156,37.223999903504975]]},"properties":{"id":"E6782","from":"N282","to":"N1129","length":34,"steep":false,"has_stairs":false}},{"type":"Feature","geometry":{"type":"LineString","coordinates":[[-80.42834460039583,37.222261935712304],[-80.42850004941243,37.22218491754311]]},"properties":{"id":"E6784","from":"N1140","to":"N1224","length":16.2,"steep":false,"has_stairs":false}},{"type":"Feature","geometry":{"type":"LineString","coordinates":[[-80.42553867454957,37.22192493589693],[-80.42565909756298,37.2218103136688]]},"properties":{"id":"E6785","from":"N353","to":"N349","length":16.6,"steep":false,"has_stairs":false}},{"type":"Feature","geometry":{"type":"LineString","coordinates":[[-80.42565909756298,37.2218103136688],[-80.42579161579911,37.22168417746155]]},"properties":{"id":"E6786","from":"N349","to":"N361","length":18.3,"steep":false,"has_stairs":false}},{"type":"Feature","geometry":{"type":"LineString","coordinates":[[-80.42579161579911,37.22168417746155],[-80.42566933130264,37.22167474612059]]},"properties":{"id":"E6786-1","from":"N361","to":"N347","length":10.9,"steep":false,"has_stairs":false}},{"type":"Feature","geometry":{"type":"LineString","coordinates":[[-80.42620537826797,37.220960811397894],[-80.42614170388336,37.221006368481476]]},"properties":{"id":"E6787","from":"N1225","to":"N187","length":7.6,"steep":false,"has_stairs":false}},{"type":"Feature","geometry":{"type":"LineString","coordinates":[[-80.42354682450748,37.22229982777067],[-80.42327702804887,37.22171819261771]]},"properties":{"id":"E6788","from":"N441","to":"N843","length":68.9,"steep":false,"has_stairs":false}},{"type":"Feature","geometry":{"type":"LineString","coordinates":[[-80.42353106424817,37.22230606822273],[-80.42354682450748,37.22229982777067]]},"properties":{"id":"E6789","from":"N1226","to":"N441","length":1.6,"steep":false,"has_stairs":false}},{"type":"Feature","geometry":{"type":"LineString","coordinates":[[-80.43878895895692,37.225730001669454],[-80.4389694815937,37.225660147567524]]},"properties":{"id":"E6790","from":"N671","to":"N1135","length":17.8,"steep":false,"has_stairs":false}},{"type":"Feature","geometry":{"type":"LineString","coordinates":[[-80.43888959609743,37.225527854247],[-80.43908512975172,37.22545383279481]]},"properties":{"id":"E6791","from":"N674","to":"N1227","length":19.2,"steep":false,"has_stairs":false}},{"type":"Feature","geometry":{"type":"LineString","coordinates":[[-80.43877455177979,37.22533733764948],[-80.43888959609743,37.225527854247]]},"properties":{"id":"E6792","from":"N1228","to":"N674","length":23.5,"steep":false,"has_stairs":false}},{"type":"Feature","geometry":{"type":"LineString","coordinates":[[-80.43815707675198,37.227191667623835],[-80.43804295569369,37.22715732146284]]},"properties":{"id":"E6793","from":"N665","to":"N670","length":10.8,"steep":false,"has_stairs":false}},{"type":"Feature","geometry":{"type":"LineString","coordinates":[[-80.43804295569369,37.22715732146284],[-80.43801814198655,37.22719944301083]]},"properties":{"id":"E6794","from":"N670","to":"N1229","length":5.2,"steep":false,"has_stairs":false}},{"type":"Feature","geometry":{"type":"LineString","coordinates":[[-80.43802934928956,37.22535059380105],[-80.43810151825222,37.22549623262001]]},"properties":{"id":"E6795","from":"N676","to":"N658","length":17.4,"steep":false,"has_stairs":false}},{"type":"Feature","geometry":{"type":"LineString","coordinates":[[-80.43918525378336,37.2256254049675],[-80.43916076504833,37.22558344058483]]},"properties":{"id":"E6796","from":"N1230","to":"N27","length":5.1,"steep":false,"has_stairs":false}},{"type":"Feature","geometry":{"type":"LineString","coordinates":[[-80.43916076504833,37.22558344058483],[-80.43908512975172,37.22545383279481]]},"properties":{"id":"E6796-1","from":"N27","to":"N1227","length":15.9,"steep":false,"has_stairs":false}},{"type":"Feature","geometry":{"type":"LineString","coordinates":[[-80.43908512975172,37.22545383279481],[-80.43877393390135,37.22492056126941]]},"properties":{"id":"E6796-2","from":"N1227","to":"N396","length":65.4,"steep":false,"has_stairs":false}},{"type":"Feature","geometry":{"type":"LineString","coordinates":[[-80.43877393390135,37.22492056126941],[-80.43873852373554,37.22485988165486]]},"properties":{"id":"E6796-3","from":"N396","to":"N656","length":7.4,"steep":false,"has_stairs":false}},{"type":"Feature","geometry":{"type":"LineString","coordinates":[[-80.43873852373554,37.22485988165486],[-80.43868286144782,37.224764497215745]]},"properties":{"id":"E6797","from":"N656","to":"N390","length":11.7,"steep":false,"has_stairs":false}},{"type":"Feature","geometry":{"type":"LineString","coordinates":[[-80.4377007209601,37.22387395624612],[-80.43761652386252,37.22372883279465]]},"properties":{"id":"E6798","from":"N388","to":"N1231","length":17.8,"steep":false,"has_stairs":false}},{"type":"Feature","geometry":{"type":"LineString","coordinates":[[-80.43761652386252,37.22372883279465],[-80.43779953075199,37.223692147459396],[-80.43781784806872,37.22368869674801]]},"properties":{"id":"E6798-1","from":"N1231","to":"N389","length":18.4,"steep":false,"has_stairs":false}},{"type":"Feature","geometry":{"type":"LineString","coordinates":[[-80.43781784806872,37.22368869674801],[-80.43785637711507,37.223681437949644],[-80.43800714214966,37.22367407406629],[-80.43804823410606,37.22367695584012]]},"properties":{"id":"E6798-2","from":"N389","to":"N392","length":20.5,"steep":false,"has_stairs":false}},{"type":"Feature","geometry":{"type":"LineString","coordinates":[[-80.43804823410606,37.22367695584012],[-80.4380173780887,37.22362407757049]]},"properties":{"id":"E6799","from":"N392","to":"N1232","length":6.5,"steep":false,"has_stairs":false}},{"type":"Feature","geometry":{"type":"LineString","coordinates":[[-80.43763357779987,37.22390741459389],[-80.4377007209601,37.22387395624612]]},"properties":{"id":"E6800","from":"N1233","to":"N388","length":7,"steep":false,"has_stairs":false}},{"type":"Feature","geometry":{"type":"LineString","coordinates":[[-80.42272211765416,37.23252292727392],[-80.42263694279332,37.232588835420465]]},"properties":{"id":"E6804","from":"N1234","to":"N1235","length":10.5,"steep":false,"has_stairs":false}},{"type":"Feature","geometry":{"type":"LineString","coordinates":[[-80.42263694279332,37.232588835420465],[-80.42259296790218,37.232617724758086]]},"properties":{"id":"E6804-1","from":"N1235","to":"N272","length":5,"steep":false,"has_stairs":false}},{"type":"Feature","geometry":{"type":"LineString","coordinates":[[-80.42047493630503,37.231222113114086],[-80.42057546694578,37.2311288371578],[-80.42065433667352,37.23108463586922]]},"properties":{"id":"E6806","from":"N492","to":"N1236","length":22.2,"steep":false,"has_stairs":false}},{"type":"Feature","geometry":{"type":"LineString","coordinates":[[-80.42065433667352,37.23108463586922],[-80.420601364902,37.23103016180347],[-80.42060548767785,37.23098368238242]]},"properties":{"id":"E6806-1","from":"N1236","to":"N306","length":12.8,"steep":false,"has_stairs":false}},{"type":"Feature","geometry":{"type":"LineString","coordinates":[[-80.42060548767785,37.23098368238242],[-80.42060961157526,37.230937202942684],[-80.42051583985722,37.23084993350814]]},"properties":{"id":"E6806-2","from":"N306","to":"N308","length":18,"steep":false,"has_stairs":false}},{"type":"Feature","geometry":{"type":"LineString","coordinates":[[-80.42111774041207,37.23051114413124],[-80.42111120390972,37.23050507132802],[-80.42108970961961,37.230480379947814],[-80.42107875009455,37.23045969005063],[-80.42107339757219,37.2304082004674],[-80.4210794992393,37.23029653342962]]},"properties":{"id":"E6807","from":"N1237","to":"N1238","length":24.9,"steep":false,"has_stairs":false}},{"type":"Feature","geometry":{"type":"LineString","coordinates":[[-80.4210794992393,37.23029653342962],[-80.42107996671695,37.230287975371496],[-80.42108083067279,37.23027542089121]]},"properties":{"id":"E6808","from":"N1238","to":"N1093","length":2.4,"steep":false,"has_stairs":false}},{"type":"Feature","geometry":{"type":"LineString","coordinates":[[-80.42111774041207,37.23051114413124],[-80.42117216032477,37.23048085328301],[-80.42120663750846,37.23043701176447],[-80.4213587484148,37.230332863454606]]},"properties":{"id":"E6809","from":"N1237","to":"N1108","length":29.4,"steep":false,"has_stairs":false}},{"type":"Feature","geometry":{"type":"LineString","coordinates":[[-80.4213587484148,37.230332863454606],[-80.42141495902226,37.23029437683857]]},"properties":{"id":"E6810","from":"N1108","to":"N1094","length":6.6,"steep":false,"has_stairs":false}},{"type":"Feature","geometry":{"type":"LineString","coordinates":[[-80.42141495902226,37.23029437683857],[-80.42151879322725,37.23022328265754]]},"properties":{"id":"E6810-1","from":"N1094","to":"N412","length":12.1,"steep":false,"has_stairs":false}},{"type":"Feature","geometry":{"type":"LineString","coordinates":[[-80.42188375870094,37.229973799816634],[-80.42185522965251,37.22999292531587],[-80.42170663082717,37.23009467018205]]},"properties":{"id":"E6811","from":"N59","to":"N497","length":20.7,"steep":false,"has_stairs":false}},{"type":"Feature","geometry":{"type":"LineString","coordinates":[[-80.42108083067279,37.23027542089121],[-80.421103309547,37.22994892932545]]},"properties":{"id":"E6812","from":"N1093","to":"N89","length":36.4,"steep":false,"has_stairs":false}},{"type":"Feature","geometry":{"type":"LineString","coordinates":[[-80.42177848190313,37.23017006157092],[-80.42170663082717,37.23009467018205]]},"properties":{"id":"E6813","from":"N279","to":"N497","length":10.5,"steep":false,"has_stairs":false}},{"type":"Feature","geometry":{"type":"LineString","coordinates":[[-80.42014200425373,37.22996804990424],[-80.42008140302195,37.23007569859317]]},"properties":{"id":"E6815","from":"N280","to":"N358","length":13.1,"steep":false,"has_stairs":false}},{"type":"Feature","geometry":{"type":"LineString","coordinates":[[-80.42033364031192,37.23031463032905],[-80.42029433455045,37.23033979899236]]},"properties":{"id":"E6816","from":"N511","to":"N1239","length":4.5,"steep":false,"has_stairs":false}},{"type":"Feature","geometry":{"type":"LineString","coordinates":[[-80.42092026288371,37.22994335500084],[-80.42091769868807,37.230011958054774],[-80.42090294585883,37.230221097870654]]},"properties":{"id":"E6817","from":"N1107","to":"N921","length":30.9,"steep":false,"has_stairs":false}},{"type":"Feature","geometry":{"type":"LineString","coordinates":[[-80.42090288127332,37.23022201462283],[-80.42095924476631,37.23027606473571],[-80.42106954172743,37.23029665492119]]},"properties":{"id":"E6817-2","from":"N921","to":"N1240","length":17.8,"steep":false,"has_stairs":false}},{"type":"Feature","geometry":{"type":"LineString","coordinates":[[-80.4210794992393,37.23029653342962],[-80.42107200893737,37.23029616322808]]},"properties":{"id":"E6817-3","from":"N1238","to":"N1240","length":0.7,"steep":false,"has_stairs":false}},{"type":"Feature","geometry":{"type":"LineString","coordinates":[[-80.42059267210114,37.22956138613135],[-80.42074928352244,37.229728286829285]]},"properties":{"id":"E6818","from":"N947","to":"N945","length":23.2,"steep":false,"has_stairs":false}},{"type":"Feature","geometry":{"type":"LineString","coordinates":[[-80.42074928352244,37.229728286829285],[-80.42077450421777,37.22975516452673],[-80.4208830904561,37.229870884053135],[-80.42091270665344,37.229908018873495],[-80.42092026288371,37.22994335500084]]},"properties":{"id":"E6819","from":"N945","to":"N1107","length":28.7,"steep":false,"has_stairs":false}},{"type":"Feature","geometry":{"type":"LineString","coordinates":[[-80.42022559131176,37.22917955767115],[-80.42025592594739,37.22920251283033]]},"properties":{"id":"E6820","from":"N1241","to":"N942","length":3.7,"steep":false,"has_stairs":false}},{"type":"Feature","geometry":{"type":"LineString","coordinates":[[-80.42025592594739,37.22920251283033],[-80.42033436754411,37.22928610946942]]},"properties":{"id":"E6820-1","from":"N942","to":"N548","length":11.6,"steep":false,"has_stairs":false}},{"type":"Feature","geometry":{"type":"LineString","coordinates":[[-80.41929366477252,37.229345810718016],[-80.41961311881501,37.22914934105389],[-80.41977227135385,37.22905067900888]]},"properties":{"id":"E6821","from":"N582","to":"N304","length":53.6,"steep":false,"has_stairs":false}},{"type":"Feature","geometry":{"type":"LineString","coordinates":[[-80.41998134234497,37.22892107050408],[-80.41999800126455,37.22894136316392],[-80.42007332609738,37.22901526872208],[-80.4201518620769,37.229098559309875],[-80.42022559131176,37.22917955767115]]},"properties":{"id":"E6822","from":"N597","to":"N1241","length":36,"steep":false,"has_stairs":false}},{"type":"Feature","geometry":{"type":"LineString","coordinates":[[-80.41977227135385,37.22905067900888],[-80.41998134234497,37.22892107050408]]},"properties":{"id":"E6823","from":"N304","to":"N597","length":23.5,"steep":false,"has_stairs":false}},{"type":"Feature","geometry":{"type":"LineString","coordinates":[[-80.41912465547944,37.22944975341824],[-80.41929366477252,37.229345810718016]]},"properties":{"id":"E6824","from":"N80","to":"N582","length":18.9,"steep":false,"has_stairs":false}},{"type":"Feature","geometry":{"type":"LineString","coordinates":[[-80.417590611779,37.230390704942806],[-80.41794048835528,37.230177159511484],[-80.41830394761871,37.22995449123486]]},"properties":{"id":"E6825","from":"N11","to":"N129","length":79.6,"steep":false,"has_stairs":false}},{"type":"Feature","geometry":{"type":"LineString","coordinates":[[-80.41823131850444,37.23124347914176],[-80.41825381686323,37.231228586714224],[-80.4182813196245,37.231195947870155],[-80.41830669444457,37.23113830333405],[-80.41832162187035,37.231088297476276],[-80.41833364439258,37.23106145365846],[-80.41834956781979,37.231036723594556],[-80.41836902983384,37.231014669987026],[-80.41839158760027,37.23099579463885],[-80.41841672784462,37.23098052703558],[-80.41846887708351,37.23094847360226],[-80.41852557121442,37.2309100886918]]},"properties":{"id":"E6826","from":"N1189","to":"N1029","length":46.8,"steep":false,"has_stairs":false}},{"type":"Feature","geometry":{"type":"LineString","coordinates":[[-80.41946071636904,37.23134398566952],[-80.41976152938234,37.23162928916375]]},"properties":{"id":"E6827","from":"N161","to":"N1242","length":41.4,"steep":false,"has_stairs":false}},{"type":"Feature","geometry":{"type":"LineString","coordinates":[[-80.41976152938234,37.23162928916375],[-80.42007461935984,37.23141763983158]]},"properties":{"id":"E6827-1","from":"N1242","to":"N1243","length":36.4,"steep":false,"has_stairs":false}},{"type":"Feature","geometry":{"type":"LineString","coordinates":[[-80.42007461935984,37.23141763983158],[-80.42013098563122,37.23144879326233]]},"properties":{"id":"E6827-2","from":"N1243","to":"N490","length":6.1,"steep":false,"has_stairs":false}},{"type":"Feature","geometry":{"type":"LineString","coordinates":[[-80.4191801179998,37.23152306100001],[-80.41946071636904,37.23134398566952]]},"properties":{"id":"E6828","from":"N18","to":"N161","length":31.8,"steep":false,"has_stairs":false}},{"type":"Feature","geometry":{"type":"LineString","coordinates":[[-80.41957348560727,37.23226496202187],[-80.4197985641732,37.23209858738732]]},"properties":{"id":"E6829","from":"N829","to":"N17","length":27.2,"steep":false,"has_stairs":false}},{"type":"Feature","geometry":{"type":"LineString","coordinates":[[-80.41862255506663,37.228571760242595],[-80.41895757140186,37.22834787296396]]},"properties":{"id":"E6830","from":"N38","to":"N596","length":38.7,"steep":false,"has_stairs":false}},{"type":"Feature","geometry":{"type":"LineString","coordinates":[[-80.41895757140186,37.22834787296396],[-80.4190804759063,37.22826573663306],[-80.41908669145465,37.22826110664801]]},"properties":{"id":"E6830-1","from":"N596","to":"N41","length":15,"steep":false,"has_stairs":false}},{"type":"Feature","geometry":{"type":"LineString","coordinates":[[-80.41798267897651,37.228001918143356],[-80.4179699310718,37.22800900474852]]},"properties":{"id":"E6831","from":"N1087","to":"N1244","length":1.4,"steep":false,"has_stairs":false}},{"type":"Feature","geometry":{"type":"LineString","coordinates":[[-80.41784208681109,37.22783945290522],[-80.41798267897651,37.228001918143356]]},"properties":{"id":"E6832","from":"N647","to":"N1087","length":21.9,"steep":false,"has_stairs":false}},{"type":"Feature","geometry":{"type":"LineString","coordinates":[[-80.41897254182578,37.22723890572953],[-80.41897683999223,37.227386286273365]]},"properties":{"id":"E6833","from":"N1245","to":"N483","length":16.4,"steep":false,"has_stairs":false}},{"type":"Feature","geometry":{"type":"LineString","coordinates":[[-80.41916261869918,37.22736480500456],[-80.41897683999223,37.227386286273365]]},"properties":{"id":"E6834","from":"N481","to":"N483","length":16.6,"steep":false,"has_stairs":false}},{"type":"Feature","geometry":{"type":"LineString","coordinates":[[-80.41557760931707,37.22929311296413],[-80.41549027923837,37.22935471575834]]},"properties":{"id":"E6835","from":"N254","to":"N1016","length":10.3,"steep":false,"has_stairs":false}},{"type":"Feature","geometry":{"type":"LineString","coordinates":[[-80.41542362196667,37.22909729863161],[-80.41539222392724,37.229117433472815]]},"properties":{"id":"E6836","from":"N1246","to":"N1011","length":3.6,"steep":false,"has_stairs":false}},{"type":"Feature","geometry":{"type":"LineString","coordinates":[[-80.41557760931707,37.22929311296413],[-80.41539222392724,37.229117433472815]]},"properties":{"id":"E6837","from":"N254","to":"N1011","length":25.5,"steep":false,"has_stairs":false}},{"type":"Feature","geometry":{"type":"LineString","coordinates":[[-80.41941730477893,37.224588708691456],[-80.41937237617032,37.22457797506284],[-80.41932887472964,37.22456243751751],[-80.41928731246291,37.22454227893026],[-80.41924817855234,37.22451773656488],[-80.41921193359867,37.22448909928167],[-80.41918412617972,37.2244700898381],[-80.41915367928972,37.224455681563256],[-80.41912134798999,37.22444623177214],[-80.41908793407384,37.22444197481287],[-80.41905426618273,37.22444301625503],[-80.41902117925646,37.22444933027158],[-80.4189894938274,37.22446076027939],[-80.41895999567168,37.22447702282238]]},"properties":{"id":"E6838","from":"N724","to":"N167","length":46.3,"steep":false,"has_stairs":false}},{"type":"Feature","geometry":{"type":"LineString","coordinates":[[-80.41895999567168,37.22447702282238],[-80.41895153048496,37.22448328014204],[-80.41890814289226,37.22452130754609],[-80.41883398462497,37.22459974027084]]},"properties":{"id":"E6838-1","from":"N167","to":"N856","length":17.7,"steep":false,"has_stairs":false}},{"type":"Feature","geometry":{"type":"LineString","coordinates":[[-80.42045453088245,37.22512275649639],[-80.42045695419812,37.22513229065136],[-80.4204577391174,37.22514209659198],[-80.42045686326856,37.2251518948295],[-80.42045435161502,37.225161406094735],[-80.4204502757439,37.225170359297756],[-80.4203834434953,37.225259167428256]]},"properties":{"id":"E6839","from":"N807","to":"N780","length":16.9,"steep":false,"has_stairs":false}},{"type":"Feature","geometry":{"type":"LineString","coordinates":[[-80.42039681931415,37.22489023206815],[-80.42043636458713,37.22499986584506],[-80.42045453088245,37.22512275649639]]},"properties":{"id":"E6840","from":"N767","to":"N807","length":26.4,"steep":false,"has_stairs":false}},{"type":"Feature","geometry":{"type":"LineString","coordinates":[[-80.41951963532179,37.225021535999424],[-80.41950375238073,37.22516166408955]]},"properties":{"id":"E6841","from":"N1247","to":"N1070","length":15.6,"steep":false,"has_stairs":false}},{"type":"Feature","geometry":{"type":"LineString","coordinates":[[-80.41950375238073,37.22516166408955],[-80.41990881283682,37.22486226814533]]},"properties":{"id":"E6842","from":"N1070","to":"N762","length":48.9,"steep":false,"has_stairs":false}},{"type":"Feature","geometry":{"type":"LineString","coordinates":[[-80.41936146840486,37.22526683019059],[-80.41950375238073,37.22516166408955]]},"properties":{"id":"E6843","from":"N1248","to":"N1070","length":17.2,"steep":false,"has_stairs":false}},{"type":"Feature","geometry":{"type":"LineString","coordinates":[[-80.41936146840486,37.22526683019059],[-80.41934621800878,37.225253755435446]]},"properties":{"id":"E6844","from":"N1248","to":"N563","length":2,"steep":false,"has_stairs":false}},{"type":"Feature","geometry":{"type":"LineString","coordinates":[[-80.41923457465792,37.22536062136456],[-80.41911057860145,37.22535654566127]]},"properties":{"id":"E6845","from":"N1069","to":"N589","length":11,"steep":false,"has_stairs":false}},{"type":"Feature","geometry":{"type":"LineString","coordinates":[[-80.41923457465792,37.22536062136456],[-80.41936146840486,37.22526683019059]]},"properties":{"id":"E6846","from":"N1069","to":"N1248","length":15.3,"steep":false,"has_stairs":false}},{"type":"Feature","geometry":{"type":"LineString","coordinates":[[-80.41927691343793,37.22337703709924],[-80.4195386123705,37.22319326339819],[-80.41996493336471,37.22289548875561]]},"properties":{"id":"E6847","from":"N821","to":"N744","length":81.1,"steep":false,"has_stairs":false}},{"type":"Feature","geometry":{"type":"LineString","coordinates":[[-80.41893655100364,37.22361604878495],[-80.41927691343793,37.22337703709924]]},"properties":{"id":"E6848","from":"N1074","to":"N821","length":40.2,"steep":false,"has_stairs":false}},{"type":"Feature","geometry":{"type":"LineString","coordinates":[[-80.4213439294705,37.22406289805962],[-80.42124918335236,37.22402387719641]]},"properties":{"id":"E6850","from":"N1249","to":"N577","length":9.4,"steep":false,"has_stairs":false}},{"type":"Feature","geometry":{"type":"LineString","coordinates":[[-80.42133787178399,37.223037304906626],[-80.42133053879127,37.22299364578891],[-80.42132987892224,37.22294938004691],[-80.42133590729364,37.22290552175146],[-80.42134848580328,37.222863075639296],[-80.42136732629382,37.22282301409591],[-80.42139199715398,37.22278625487937],[-80.42142193320632,37.22275364009573],[-80.42145644865465,37.22272591690744]]},"properties":{"id":"E6851","from":"N93","to":"N452","length":37.8,"steep":false,"has_stairs":false}},{"type":"Feature","geometry":{"type":"LineString","coordinates":[[-80.42124442051418,37.22305455252036],[-80.42133787178399,37.223037304906626]]},"properties":{"id":"E6852","from":"N1250","to":"N93","length":8.5,"steep":false,"has_stairs":false}},{"type":"Feature","geometry":{"type":"LineString","coordinates":[[-80.42136805383814,37.222442309297506],[-80.42128313882718,37.22236074658309]]},"properties":{"id":"E6853","from":"N449","to":"N209","length":11.8,"steep":false,"has_stairs":false}},{"type":"Feature","geometry":{"type":"LineString","coordinates":[[-80.42127887422527,37.22198792061109],[-80.42128330108542,37.22201333319424]]},"properties":{"id":"E6854","from":"N195","to":"N827","length":2.9,"steep":false,"has_stairs":false}},{"type":"Feature","geometry":{"type":"LineString","coordinates":[[-80.42128330108542,37.22201333319424],[-80.42134576687745,37.22237080388667]]},"properties":{"id":"E6854-1","from":"N827","to":"N890","length":40.1,"steep":false,"has_stairs":false}},{"type":"Feature","geometry":{"type":"LineString","coordinates":[[-80.42134576687745,37.22237080388667],[-80.42136805383814,37.222442309297506]]},"properties":{"id":"E6854-2","from":"N890","to":"N449","length":8.2,"steep":false,"has_stairs":false}},{"type":"Feature","geometry":{"type":"LineString","coordinates":[[-80.42201538824635,37.2215088078411],[-80.42196180767415,37.22154519444452],[-80.42186611721918,37.2215781307089],[-80.42178273169665,37.22163573291294]]},"properties":{"id":"E6855","from":"N907","to":"N916","length":25.2,"steep":false,"has_stairs":false}},{"type":"Feature","geometry":{"type":"LineString","coordinates":[[-80.42209116471315,37.22143995339667],[-80.42206617254432,37.2214743206849],[-80.42201538824635,37.2215088078411]]},"properties":{"id":"E6856","from":"N159","to":"N907","length":10.3,"steep":false,"has_stairs":false}},{"type":"Feature","geometry":{"type":"LineString","coordinates":[[-80.4219956933134,37.22148701830281],[-80.42201538824635,37.2215088078411]]},"properties":{"id":"E6857","from":"N1251","to":"N907","length":3,"steep":false,"has_stairs":false}},{"type":"Feature","geometry":{"type":"LineString","coordinates":[[-80.42203598496499,37.2237031368839],[-80.42187263536681,37.223738522234356]]},"properties":{"id":"E6858","from":"N114","to":"N761","length":15,"steep":false,"has_stairs":false}},{"type":"Feature","geometry":{"type":"LineString","coordinates":[[-80.42181205549662,37.22381803275702],[-80.42189196693347,37.22406658492445]]},"properties":{"id":"E6859","from":"N760","to":"N257","length":28.5,"steep":false,"has_stairs":false}},{"type":"Feature","geometry":{"type":"LineString","coordinates":[[-80.42221610762246,37.22418925445495],[-80.42207772953621,37.22413528862604],[-80.42189196693347,37.22406658492445]]},"properties":{"id":"E6860","from":"N248","to":"N257","length":31.8,"steep":false,"has_stairs":false}},{"type":"Feature","geometry":{"type":"LineString","coordinates":[[-80.42291199169955,37.22561965516864],[-80.42295631071971,37.225608287235836],[-80.42303469759146,37.22560385211588],[-80.4230306739929,37.22553953190813],[-80.42302770680367,37.22549331836222],[-80.42305616550948,37.22548349851417]]},"properties":{"id":"E6861","from":"N416","to":"N1252","length":26.1,"steep":false,"has_stairs":false}},{"type":"Feature","geometry":{"type":"LineString","coordinates":[[-80.42327770976367,37.2259021384987],[-80.42331459401835,37.22590472264174],[-80.42342360376004,37.22592194991082],[-80.42361171350328,37.225973279583066],[-80.42377901151406,37.2259977519722]]},"properties":{"id":"E6862","from":"N3","to":"N139","length":45.8,"steep":false,"has_stairs":false}},{"type":"Feature","geometry":{"type":"LineString","coordinates":[[-80.4208009748214,37.22713708602169],[-80.42081137937566,37.2271290809764],[-80.42120088321859,37.22684605782599]]},"properties":{"id":"E6863","from":"N1253","to":"N313","length":48,"steep":false,"has_stairs":false}},{"type":"Feature","geometry":{"type":"LineString","coordinates":[[-80.4216188669833,37.22656201901477],[-80.42160716512613,37.22655217555012]]},"properties":{"id":"E6864","from":"N1254","to":"N2","length":1.5,"steep":false,"has_stairs":false}},{"type":"Feature","geometry":{"type":"LineString","coordinates":[[-80.42143985473021,37.22667241269596],[-80.42159084226103,37.22656269965863],[-80.42160716512613,37.22655217555012]]},"properties":{"id":"E6865","from":"N418","to":"N2","length":20,"steep":false,"has_stairs":false}},{"type":"Feature","geometry":{"type":"LineString","coordinates":[[-80.42120088321859,37.22684605782599],[-80.42143985473021,37.22667241269596]]},"properties":{"id":"E6866","from":"N313","to":"N418","length":28.6,"steep":false,"has_stairs":false}},{"type":"Feature","geometry":{"type":"LineString","coordinates":[[-80.42061898073979,37.22727709795943],[-80.4208009748214,37.22713708602169]]},"properties":{"id":"E6867","from":"N40","to":"N1253","length":22.4,"steep":false,"has_stairs":false}},{"type":"Feature","geometry":{"type":"LineString","coordinates":[[-80.42067226893793,37.22704845465779],[-80.4208009748214,37.22713708602169]]},"properties":{"id":"E6868","from":"N802","to":"N1253","length":15.1,"steep":false,"has_stairs":false}},{"type":"Feature","geometry":{"type":"LineString","coordinates":[[-80.41955201441257,37.22669406447718],[-80.4195771475347,37.227176337610246]]},"properties":{"id":"E6869","from":"N471","to":"N925","length":53.7,"steep":false,"has_stairs":false}},{"type":"Feature","geometry":{"type":"LineString","coordinates":[[-80.42014255501822,37.22709706066761],[-80.4195771475347,37.227176337610246]]},"properties":{"id":"E6870","from":"N473","to":"N925","length":50.8,"steep":false,"has_stairs":false}},{"type":"Feature","geometry":{"type":"LineString","coordinates":[[-80.41938828310661,37.22802819079826],[-80.41941803618191,37.22803708122176],[-80.41945030900432,37.22803655644451],[-80.41947958832974,37.22803373159832],[-80.41952042481854,37.22802367259749],[-80.4195787434887,37.228008631815364],[-80.41963412947361,37.227993638696404],[-80.41971274801473,37.227968872771214],[-80.41984366691413,37.22792319727896],[-80.41989757037287,37.227898223929756]]},"properties":{"id":"E6871","from":"N1255","to":"N39","length":48.3,"steep":false,"has_stairs":false}},{"type":"Feature","geometry":{"type":"LineString","coordinates":[[-80.42001111140517,37.22799713225583],[-80.41995631379626,37.22795319204775],[-80.41989757037287,37.227898223929756]]},"properties":{"id":"E6872","from":"N550","to":"N39","length":14.9,"steep":false,"has_stairs":false}},{"type":"Feature","geometry":{"type":"LineString","coordinates":[[-80.41938828310661,37.22802819079826],[-80.4193692939976,37.22804363477089]]},"properties":{"id":"E6873","from":"N1255","to":"N1256","length":2.4,"steep":false,"has_stairs":false}},{"type":"Feature","geometry":{"type":"LineString","coordinates":[[-80.41951408246148,37.225948312590475],[-80.41953606240793,37.22593207548644]]},"properties":{"id":"E6874","from":"N355","to":"N1257","length":2.7,"steep":false,"has_stairs":false}},{"type":"Feature","geometry":{"type":"LineString","coordinates":[[-80.41953606240793,37.22593207548644],[-80.41948935705092,37.225893110140404]]},"properties":{"id":"E6875","from":"N1257","to":"N1173","length":6,"steep":false,"has_stairs":false}},{"type":"Feature","geometry":{"type":"LineString","coordinates":[[-80.41948935705092,37.225893110140404],[-80.41939902590097,37.22581798097134]]},"properties":{"id":"E6876","from":"N1173","to":"N575","length":11.6,"steep":false,"has_stairs":false}},{"type":"Feature","geometry":{"type":"LineString","coordinates":[[-80.41939902590097,37.22581798097134],[-80.4192153220704,37.22566519241971]]},"properties":{"id":"E6876-1","from":"N575","to":"N776","length":23.5,"steep":false,"has_stairs":false}},{"type":"Feature","geometry":{"type":"LineString","coordinates":[[-80.41953606240793,37.22593207548644],[-80.41985907384074,37.22569344994207]]},"properties":{"id":"E6877","from":"N1257","to":"N572","length":39,"steep":false,"has_stairs":false}},{"type":"Feature","geometry":{"type":"LineString","coordinates":[[-80.42000895285766,37.2258219475064],[-80.41985907384074,37.22569344994207]]},"properties":{"id":"E6878","from":"N1258","to":"N572","length":19.5,"steep":false,"has_stairs":false}},{"type":"Feature","geometry":{"type":"LineString","coordinates":[[-80.42006011116901,37.2253374545803],[-80.41989556328215,37.22518827243954]]},"properties":{"id":"E6879","from":"N566","to":"N592","length":22.1,"steep":false,"has_stairs":false}},{"type":"Feature","geometry":{"type":"LineString","coordinates":[[-80.4192153220704,37.22566519241971],[-80.41941943286866,37.225522090273024]]},"properties":{"id":"E6880","from":"N776","to":"N576","length":24.1,"steep":false,"has_stairs":false}},{"type":"Feature","geometry":{"type":"LineString","coordinates":[[-80.41941943286866,37.225522090273024],[-80.41955133612404,37.22542961352162]]},"properties":{"id":"E6880-1","from":"N576","to":"N574","length":15.6,"steep":false,"has_stairs":false}},{"type":"Feature","geometry":{"type":"LineString","coordinates":[[-80.41955133612404,37.22542961352162],[-80.41948028484252,37.22536869773004]]},"properties":{"id":"E6881","from":"N574","to":"N1071","length":9.2,"steep":false,"has_stairs":false}},{"type":"Feature","geometry":{"type":"LineString","coordinates":[[-80.41948028484252,37.22536869773004],[-80.41936146840486,37.22526683019059]]},"properties":{"id":"E6881-1","from":"N1071","to":"N1248","length":15.5,"steep":false,"has_stairs":false}},{"type":"Feature","geometry":{"type":"LineString","coordinates":[[-80.42198694647219,37.22915985739904],[-80.42204668384105,37.22912447022165],[-80.42226897074177,37.228984615664295],[-80.42261064874575,37.22875993434297],[-80.42261908991675,37.228753744754506]]},"properties":{"id":"E6882","from":"N87","to":"N889","length":71.9,"steep":false,"has_stairs":false}},{"type":"Feature","geometry":{"type":"LineString","coordinates":[[-80.42260357690449,37.228738994694496],[-80.42261908991675,37.228753744754506]]},"properties":{"id":"E6883","from":"N1259","to":"N889","length":2.1,"steep":false,"has_stairs":false}},{"type":"Feature","geometry":{"type":"LineString","coordinates":[[-80.42370422490028,37.22974579188493],[-80.42352516673071,37.22957986823538]]},"properties":{"id":"E6884","from":"N1174","to":"N404","length":24.3,"steep":false,"has_stairs":false}},{"type":"Feature","geometry":{"type":"LineString","coordinates":[[-80.42352516673071,37.22957986823538],[-80.42350094165931,37.2295574200058]]},"properties":{"id":"E6885","from":"N404","to":"N4","length":3.3,"steep":false,"has_stairs":false}},{"type":"Feature","geometry":{"type":"LineString","coordinates":[[-80.42232133155164,37.23070648866729],[-80.42190198118082,37.230997150912955],[-80.42179060378251,37.231068706195984],[-80.42178244133967,37.23107519021151],[-80.4217732916134,37.231080185253],[-80.42176342334758,37.23108354460711]]},"properties":{"id":"E6887","from":"N1260","to":"N1261","length":64.8,"steep":false,"has_stairs":false}},{"type":"Feature","geometry":{"type":"LineString","coordinates":[[-80.42176342334758,37.23108354460711],[-80.42175312639091,37.23108516960358],[-80.42174270318348,37.23108501251335]]},"properties":{"id":"E6887-1","from":"N1261","to":"N1262","length":1.9,"steep":false,"has_stairs":false}},{"type":"Feature","geometry":{"type":"LineString","coordinates":[[-80.42174270318348,37.23108501251335],[-80.42173245987362,37.23108307795042],[-80.42172269732576,37.23107942273641],[-80.42171370228344,37.231074154231486],[-80.42170573894722,37.231067427181124],[-80.42167823052569,37.23104210106823],[-80.42119043061297,37.23057868197359],[-80.42111774041207,37.23051114413124]]},"properties":{"id":"E6887-2","from":"N1262","to":"N1237","length":84.8,"steep":false,"has_stairs":false}},{"type":"Feature","geometry":{"type":"LineString","coordinates":[[-80.42252591058786,37.230564688711375],[-80.4224350875711,37.23062764061717]]},"properties":{"id":"E6888","from":"N1176","to":"N21","length":10.7,"steep":false,"has_stairs":false}},{"type":"Feature","geometry":{"type":"LineString","coordinates":[[-80.4224350875711,37.23062764061717],[-80.42232133155164,37.23070648866729]]},"properties":{"id":"E6889","from":"N21","to":"N1260","length":13.4,"steep":false,"has_stairs":false}},{"type":"Feature","geometry":{"type":"LineString","coordinates":[[-80.4229801967781,37.23157246779583],[-80.42316927571802,37.23144489361595],[-80.42323104092267,37.231380397507465],[-80.42339435666413,37.23139874369664]]},"properties":{"id":"E6890","from":"N438","to":"N568","length":45.6,"steep":false,"has_stairs":false}},{"type":"Feature","geometry":{"type":"LineString","coordinates":[[-80.42304582900542,37.23173250350607],[-80.42317156293183,37.23179157374275]]},"properties":{"id":"E6891","from":"N569","to":"N561","length":12.9,"steep":false,"has_stairs":false}},{"type":"Feature","geometry":{"type":"LineString","coordinates":[[-80.42471215604274,37.23026490151237],[-80.42471281222998,37.23029063321395],[-80.42472197052858,37.23032069754628],[-80.42483006647518,37.23041515129792]]},"properties":{"id":"E6894","from":"N148","to":"N1263","length":20.5,"steep":false,"has_stairs":false}},{"type":"Feature","geometry":{"type":"LineString","coordinates":[[-80.42447320314476,37.23005864828962],[-80.42440292160606,37.23010937175027],[-80.42431941228624,37.23003358883604]]},"properties":{"id":"E6895-1","from":"N149","to":"N1264","length":19.6,"steep":false,"has_stairs":false}},{"type":"Feature","geometry":{"type":"LineString","coordinates":[[-80.42529027883994,37.23229892674443],[-80.42522378157562,37.23234839834243],[-80.42519854586124,37.232366852653676],[-80.42514921104394,37.232403513797806],[-80.42516878759136,37.232420779438414]]},"properties":{"id":"E6896","from":"N895","to":"N1265","length":19.7,"steep":false,"has_stairs":false}},{"type":"Feature","geometry":{"type":"LineString","coordinates":[[-80.43638551091959,37.224221108146786],[-80.43615001617584,37.22421513551909],[-80.4361483010094,37.22424348471191],[-80.43614743999817,37.22424814677434],[-80.4361458421708,37.224252610305925],[-80.43614354892382,37.22425675966549],[-80.43614061967068,37.22426048735142],[-80.43613713030243,37.22426369678684],[-80.43613317122166,37.2242663048217],[-80.43612884500018,37.224268243887025],[-80.4361242637218,37.22426946374552],[-80.43611954607823,37.22426993279309],[-80.4361148142942,37.22426963887765],[-80.43611019096075,37.22426858961396],[-80.4359623865742,37.2242662875913]]},"properties":{"id":"E6897","from":"N680","to":"N178","length":42.2,"steep":false,"has_stairs":false}},{"type":"Feature","geometry":{"type":"LineString","coordinates":[[-80.434283589714,37.230779567345685],[-80.43420286572719,37.23082437426453]]},"properties":{"id":"E6898","from":"N1114","to":"N1266","length":8.7,"steep":false,"has_stairs":false}},{"type":"Feature","geometry":{"type":"LineString","coordinates":[[-80.42507734994737,37.22047363957391],[-80.42485651292502,37.220508869956454]]},"properties":{"id":"E6900-1","from":"N144","to":"N599","length":19.9,"steep":false,"has_stairs":false}},{"type":"Feature","geometry":{"type":"LineString","coordinates":[[-80.4263032469118,37.22166832093726],[-80.42628084149557,37.22173111214272],[-80.42621445874902,37.22178198775823],[-80.42619602116233,37.22180161665609]]},"properties":{"id":"E6901","from":"N1","to":"N1267","length":18.1,"steep":false,"has_stairs":false}},{"type":"Feature","geometry":{"type":"LineString","coordinates":[[-80.42627148212618,37.221412444230204],[-80.42626518678959,37.22134231811626],[-80.42625448152947,37.221289021521734],[-80.42625137537196,37.22126847935047],[-80.42624496129025,37.22124871856681],[-80.42623541096285,37.221230268085485]]},"properties":{"id":"E6902","from":"N0","to":"N16","length":20.6,"steep":false,"has_stairs":false}},{"type":"Feature","geometry":{"type":"LineString","coordinates":[[-80.42494049220988,37.2206289301755],[-80.42510530114406,37.22060234018761]]},"properties":{"id":"E6903","from":"N128","to":"N974","length":14.9,"steep":false,"has_stairs":false}},{"type":"Feature","geometry":{"type":"LineString","coordinates":[[-80.42513131232143,37.220711487565765],[-80.42511313769724,37.22071142262785],[-80.42509515854086,37.22071408178515],[-80.42507778083527,37.22071940499188],[-80.42506139698222,37.220727272046005],[-80.4250463769415,37.22073750530348],[-80.42503305987702,37.220749873689606],[-80.42502174649819,37.220764097916856]]},"properties":{"id":"E6904","from":"N973","to":"N329","length":12,"steep":false,"has_stairs":false}},{"type":"Feature","geometry":{"type":"LineString","coordinates":[[-80.42301043382496,37.22113171979442],[-80.42311906006597,37.22110567932738]]},"properties":{"id":"E6905","from":"N738","to":"N428","length":10,"steep":false,"has_stairs":false}},{"type":"Feature","geometry":{"type":"LineString","coordinates":[[-80.42379087732543,37.222821827693295],[-80.42396138015397,37.223179862473344],[-80.4239684733007,37.22319496680526],[-80.4239964931145,37.22325463099961]]},"properties":{"id":"E6906","from":"N914","to":"N85","length":51.5,"steep":false,"has_stairs":false}},{"type":"Feature","geometry":{"type":"LineString","coordinates":[[-80.42379087732543,37.222821827693295],[-80.42373954144826,37.22271417165528]]},"properties":{"id":"E6907","from":"N914","to":"N440","length":12.8,"steep":false,"has_stairs":false}},{"type":"Feature","geometry":{"type":"LineString","coordinates":[[-80.42361242068523,37.22280557671701],[-80.42362728409132,37.22283644764294],[-80.42366394938288,37.22293933349741]]},"properties":{"id":"E6908","from":"N1214","to":"N227","length":15.6,"steep":false,"has_stairs":false}},{"type":"Feature","geometry":{"type":"LineString","coordinates":[[-80.42352120335269,37.22260860726491],[-80.42357690672388,37.222729643851515],[-80.42361242068523,37.22280557671701]]},"properties":{"id":"E6909","from":"N852","to":"N1214","length":23.3,"steep":false,"has_stairs":false}},{"type":"Feature","geometry":{"type":"LineString","coordinates":[[-80.42346731598434,37.22249151391091],[-80.42352120335269,37.22260860726491]]},"properties":{"id":"E6910","from":"N120","to":"N852","length":13.9,"steep":false,"has_stairs":false}},{"type":"Feature","geometry":{"type":"LineString","coordinates":[[-80.42310675643087,37.22395931071383],[-80.42339818959341,37.223874020875]]},"properties":{"id":"E6911","from":"N718","to":"N200","length":27.5,"steep":false,"has_stairs":false}},{"type":"Feature","geometry":{"type":"LineString","coordinates":[[-80.42306195176214,37.22386451743465],[-80.42310675643087,37.22395931071383]]},"properties":{"id":"E6912","from":"N1217","to":"N718","length":11.3,"steep":false,"has_stairs":false}},{"type":"Feature","geometry":{"type":"LineString","coordinates":[[-80.42027257088192,37.222483759355434],[-80.42035180568183,37.22249355061491],[-80.42043172715735,37.2225515501104],[-80.42044219144606,37.22256212943719]]},"properties":{"id":"E6913","from":"N622","to":"N300","length":18.2,"steep":false,"has_stairs":false}},{"type":"Feature","geometry":{"type":"LineString","coordinates":[[-80.42024374944306,37.22247862498013],[-80.42027257088192,37.222483759355434]]},"properties":{"id":"E6914","from":"N1268","to":"N622","length":2.6,"steep":false,"has_stairs":false}},{"type":"Feature","geometry":{"type":"LineString","coordinates":[[-80.42014910304208,37.222426409589],[-80.42019509609575,37.22245492832864],[-80.42024374944306,37.22247862498013]]},"properties":{"id":"E6915","from":"N736","to":"N1268","length":10.2,"steep":false,"has_stairs":false}},{"type":"Feature","geometry":{"type":"LineString","coordinates":[[-80.41966720250565,37.221772280379746],[-80.41970057320076,37.221849879603305],[-80.41973808143624,37.22192556563279],[-80.41977961797906,37.22199911805218],[-80.41982506186476,37.22207032265906]]},"properties":{"id":"E6916","from":"N1080","to":"N735","length":36,"steep":false,"has_stairs":false}},{"type":"Feature","geometry":{"type":"LineString","coordinates":[[-80.41953498691679,37.22181552188081],[-80.41950769632814,37.221738575409596],[-80.41948426786374,37.22166036644133]]},"properties":{"id":"E6917","from":"N1047","to":"N153","length":17.8,"steep":false,"has_stairs":false}},{"type":"Feature","geometry":{"type":"LineString","coordinates":[[-80.4191647987524,37.22327948210404],[-80.41897045929252,37.22341491110163]]},"properties":{"id":"E6918","from":"N591","to":"N728","length":22.9,"steep":false,"has_stairs":false}},{"type":"Feature","geometry":{"type":"LineString","coordinates":[[-80.4183579899731,37.2258226687097],[-80.41829178022374,37.22579022880743],[-80.41817586406192,37.22582103195114]]},"properties":{"id":"E6919","from":"N560","to":"N741","length":17.7,"steep":false,"has_stairs":false}},{"type":"Feature","geometry":{"type":"LineString","coordinates":[[-80.41741577850556,37.22519403444655],[-80.41753419590329,37.22526876921849]]},"properties":{"id":"E6920","from":"N742","to":"N813","length":13.4,"steep":false,"has_stairs":false}},{"type":"Feature","geometry":{"type":"LineString","coordinates":[[-80.416941829276,37.2268324118641],[-80.41741626277644,37.22735142077614],[-80.41746749759731,37.227395658849126]]},"properties":{"id":"E6921","from":"N121","to":"N106","length":78.1,"steep":false,"has_stairs":false}},{"type":"Feature","geometry":{"type":"LineString","coordinates":[[-80.41775084364548,37.22756112741274],[-80.41780818651213,37.22758259757124],[-80.41786673167258,37.22760053179136],[-80.41792626131615,37.22761486335084]]},"properties":{"id":"E6922","from":"N824","to":"N1269","length":16.7,"steep":false,"has_stairs":false}},{"type":"Feature","geometry":{"type":"LineString","coordinates":[[-80.41792626131615,37.22761486335084],[-80.41803673327486,37.2274523394042]]},"properties":{"id":"E6922-1","from":"N1269","to":"N755","length":20.5,"steep":false,"has_stairs":false}},{"type":"Feature","geometry":{"type":"LineString","coordinates":[[-80.4176544375026,37.22764451907835],[-80.41766106780089,37.22764773889176],[-80.41772188814694,37.227669229640135],[-80.417855575977,37.22771325096648],[-80.41802493512206,37.227735954071115]]},"properties":{"id":"E6923","from":"N646","to":"N701","length":34.6,"steep":false,"has_stairs":false}},{"type":"Feature","geometry":{"type":"LineString","coordinates":[[-80.41843696108076,37.22762571662222],[-80.41847402196156,37.227625114292046],[-80.41857994066756,37.22763513286969],[-80.41866825562032,37.22764543748988]]},"properties":{"id":"E6924","from":"N53","to":"N952","length":20.6,"steep":false,"has_stairs":false}},{"type":"Feature","geometry":{"type":"LineString","coordinates":[[-80.41866825562032,37.22764543748988],[-80.4187656702289,37.227667333308816],[-80.41884818130951,37.22769677259154]]},"properties":{"id":"E6925","from":"N952","to":"N953","length":17,"steep":false,"has_stairs":false}},{"type":"Feature","geometry":{"type":"LineString","coordinates":[[-80.41884818130951,37.22769677259154],[-80.41886637670011,37.2277032643544]]},"properties":{"id":"E6926","from":"N953","to":"N486","length":1.8,"steep":false,"has_stairs":false}},{"type":"Feature","geometry":{"type":"LineString","coordinates":[[-80.4192478828018,37.2279318591383],[-80.41932371570829,37.22799465401864],[-80.41938828310661,37.22802819079826]]},"properties":{"id":"E6927","from":"N931","to":"N1255","length":16.5,"steep":false,"has_stairs":false}},{"type":"Feature","geometry":{"type":"LineString","coordinates":[[-80.41878946986746,37.22740795084116],[-80.4188376066618,37.22736784457652],[-80.41888258204851,37.227323488772306],[-80.41897254182578,37.22723890572953]]},"properties":{"id":"E6928","from":"N54","to":"N1245","length":24.8,"steep":false,"has_stairs":false}},{"type":"Feature","geometry":{"type":"LineString","coordinates":[[-80.41897254182578,37.22723890572953],[-80.41897553048491,37.22723609652043]]},"properties":{"id":"E6929","from":"N1245","to":"N479","length":0.4,"steep":false,"has_stairs":false}},{"type":"Feature","geometry":{"type":"LineString","coordinates":[[-80.41897553048491,37.22723609652043],[-80.41903776896629,37.22717757758059]]},"properties":{"id":"E6930","from":"N479","to":"N393","length":8.5,"steep":false,"has_stairs":false}},{"type":"Feature","geometry":{"type":"LineString","coordinates":[[-80.41980805643483,37.226453319625],[-80.42067226893793,37.22704845465779]]},"properties":{"id":"E6931","from":"N803","to":"N802","length":101.2,"steep":false,"has_stairs":false}},{"type":"Feature","geometry":{"type":"LineString","coordinates":[[-80.41975743664213,37.22650091577744],[-80.41980805643483,37.226453319625]]},"properties":{"id":"E6932","from":"N688","to":"N803","length":6.9,"steep":false,"has_stairs":false}},{"type":"Feature","geometry":{"type":"LineString","coordinates":[[-80.41964261554017,37.22660887651897],[-80.41975743664213,37.22650091577744]]},"properties":{"id":"E6933","from":"N476","to":"N688","length":15.7,"steep":false,"has_stairs":false}},{"type":"Feature","geometry":{"type":"LineString","coordinates":[[-80.41903776896629,37.22717757758059],[-80.4192654196924,37.226963532726955]]},"properties":{"id":"E6934","from":"N393","to":"N104","length":31.2,"steep":false,"has_stairs":false}},{"type":"Feature","geometry":{"type":"LineString","coordinates":[[-80.41955201441257,37.22669406447718],[-80.41964261554017,37.22660887651897]]},"properties":{"id":"E6935","from":"N471","to":"N476","length":12.4,"steep":false,"has_stairs":false}},{"type":"Feature","geometry":{"type":"LineString","coordinates":[[-80.41948610450879,37.22675603492682],[-80.41955201441257,37.22669406447718]]},"properties":{"id":"E6936","from":"N105","to":"N471","length":9,"steep":false,"has_stairs":false}},{"type":"Feature","geometry":{"type":"LineString","coordinates":[[-80.41894225880962,37.226191406825954],[-80.41895582235377,37.226200812904295],[-80.41905141911774,37.22626538572163]]},"properties":{"id":"E6937","from":"N957","to":"N462","length":12.7,"steep":false,"has_stairs":false}},{"type":"Feature","geometry":{"type":"LineString","coordinates":[[-80.41964261554017,37.22660887651897],[-80.41941464978935,37.22644257774302]]},"properties":{"id":"E6938","from":"N476","to":"N457","length":27.4,"steep":false,"has_stairs":false}},{"type":"Feature","geometry":{"type":"LineString","coordinates":[[-80.41992912371448,37.2239851948779],[-80.41986188679138,37.22392000018379]]},"properties":{"id":"E6939","from":"N818","to":"N819","length":9.4,"steep":false,"has_stairs":false}},{"type":"Feature","geometry":{"type":"LineString","coordinates":[[-80.42011043280502,37.224235702125334],[-80.42013589558968,37.22421799232692],[-80.42033915845796,37.22424113458728],[-80.4203777471621,37.22424833169969],[-80.42039770197077,37.22425197448399]]},"properties":{"id":"E6941","from":"N1270","to":"N245","length":26.5,"steep":false,"has_stairs":false}},{"type":"Feature","geometry":{"type":"LineString","coordinates":[[-80.42256139584973,37.22352483810418],[-80.42275375076663,37.22346557661609]]},"properties":{"id":"E6943","from":"N635","to":"N1271","length":18.3,"steep":false,"has_stairs":false}},{"type":"Feature","geometry":{"type":"LineString","coordinates":[[-80.42226860139235,37.224172878607106],[-80.42241455198467,37.224127348268446]]},"properties":{"id":"E6944","from":"N716","to":"N717","length":13.9,"steep":false,"has_stairs":false}},{"type":"Feature","geometry":{"type":"LineString","coordinates":[[-80.42221610762246,37.22418925445495],[-80.42226860139235,37.224172878607106]]},"properties":{"id":"E6945","from":"N248","to":"N716","length":5,"steep":false,"has_stairs":false}},{"type":"Feature","geometry":{"type":"LineString","coordinates":[[-80.42178273169665,37.22163573291294],[-80.42172292624444,37.221677027293104]]},"properties":{"id":"E6946","from":"N916","to":"N194","length":7,"steep":false,"has_stairs":false}},{"type":"Feature","geometry":{"type":"LineString","coordinates":[[-80.4210527675512,37.222139468745],[-80.42127887422527,37.22198792061109]]},"properties":{"id":"E6947","from":"N210","to":"N195","length":26.2,"steep":false,"has_stairs":false}},{"type":"Feature","geometry":{"type":"LineString","coordinates":[[-80.42044219144606,37.22256212943719],[-80.42091735137053,37.22223023258715],[-80.4210527675512,37.222139468745]]},"properties":{"id":"E6948","from":"N300","to":"N210","length":71.6,"steep":false,"has_stairs":false}},{"type":"Feature","geometry":{"type":"LineString","coordinates":[[-80.41996493336471,37.22289548875561],[-80.42044219144606,37.22256212943719]]},"properties":{"id":"E6949","from":"N744","to":"N300","length":56.2,"steep":false,"has_stairs":false}},{"type":"Feature","geometry":{"type":"LineString","coordinates":[[-80.41879045183647,37.22371864273445],[-80.41893655100364,37.22361604878495]]},"properties":{"id":"E6950","from":"N97","to":"N1074","length":17.2,"steep":false,"has_stairs":false}},{"type":"Feature","geometry":{"type":"LineString","coordinates":[[-80.42262568467203,37.221266591617855],[-80.42262003648368,37.22126359853355],[-80.42257372707687,37.22115313555931]]},"properties":{"id":"E6951","from":"N207","to":"N158","length":13.6,"steep":false,"has_stairs":false}},{"type":"Feature","geometry":{"type":"LineString","coordinates":[[-80.42230026219185,37.22214259709241],[-80.42241838082259,37.222065666841736],[-80.42244671009753,37.22205267130459]]},"properties":{"id":"E6952","from":"N292","to":"N733","length":16.4,"steep":false,"has_stairs":false}},{"type":"Feature","geometry":{"type":"LineString","coordinates":[[-80.42244671009753,37.22205267130459],[-80.42245561872576,37.222061590397566],[-80.42248227867192,37.22208544842135]]},"properties":{"id":"E6953","from":"N733","to":"N1272","length":4.8,"steep":false,"has_stairs":false}},{"type":"Feature","geometry":{"type":"LineString","coordinates":[[-80.42213451428246,37.2225632108619],[-80.42213468828527,37.22253521359215],[-80.42213867081533,37.22250750047532],[-80.42214638776962,37.222480587169926]]},"properties":{"id":"E6954","from":"N891","to":"N291","length":9.3,"steep":false,"has_stairs":false}},{"type":"Feature","geometry":{"type":"LineString","coordinates":[[-80.42162433247363,37.22560099290437],[-80.42164878655643,37.2256024295835],[-80.42167319605754,37.225600369858036],[-80.42169706361368,37.22559485569653],[-80.42171990290416,37.22558599945447],[-80.42174124856004,37.22557398158494]]},"properties":{"id":"E6955","from":"N904","to":"N791","length":11.1,"steep":false,"has_stairs":false}},{"type":"Feature","geometry":{"type":"LineString","coordinates":[[-80.42155762559763,37.22557732065731],[-80.42157861854152,37.225588458498834],[-80.42160101472142,37.22559640622381],[-80.42162433247363,37.22560099290437]]},"properties":{"id":"E6956","from":"N1163","to":"N904","length":6.5,"steep":false,"has_stairs":false}},{"type":"Feature","geometry":{"type":"LineString","coordinates":[[-80.42906895670674,37.23034407540381],[-80.42897515178583,37.230381073764576]]},"properties":{"id":"E6957","from":"N1118","to":"N221","length":9.3,"steep":false,"has_stairs":false}},{"type":"Feature","geometry":{"type":"LineString","coordinates":[[-80.43002807442537,37.229893530794875],[-80.43002094163543,37.22989629898913],[-80.42996501889624,37.22995432758307],[-80.4299350871753,37.22999477801052]]},"properties":{"id":"E6958","from":"N1168","to":"N1117","length":14.1,"steep":false,"has_stairs":false}},{"type":"Feature","geometry":{"type":"LineString","coordinates":[[-80.4299350871753,37.22999477801052],[-80.42993052110089,37.23000094893695],[-80.42991901227505,37.23006726419224]]},"properties":{"id":"E6959","from":"N1117","to":"N644","length":8.2,"steep":false,"has_stairs":false}},{"type":"Feature","geometry":{"type":"LineString","coordinates":[[-80.4251491138298,37.22659040576588],[-80.42529234706312,37.22671059170488]]},"properties":{"id":"E6960","from":"N882","to":"N992","length":18.4,"steep":false,"has_stairs":false}},{"type":"Feature","geometry":{"type":"LineString","coordinates":[[-80.42574206590984,37.22708794447144],[-80.425847359733,37.22717629444449]]},"properties":{"id":"E6961","from":"N103","to":"N985","length":13.5,"steep":false,"has_stairs":false}},{"type":"Feature","geometry":{"type":"LineString","coordinates":[[-80.42529234706312,37.22671059170488],[-80.42549516428808,37.22688077393777]]},"properties":{"id":"E6962","from":"N992","to":"N102","length":26.1,"steep":false,"has_stairs":false}},{"type":"Feature","geometry":{"type":"LineString","coordinates":[[-80.41597694060441,37.229037445297266],[-80.41574127685647,37.22917766173262],[-80.41557760931707,37.22929311296413]]},"properties":{"id":"E6963","from":"N378","to":"N254","length":45.4,"steep":false,"has_stairs":false}},{"type":"Feature","geometry":{"type":"LineString","coordinates":[[-80.41607003285993,37.22898205575377],[-80.41597694060441,37.229037445297266]]},"properties":{"id":"E6964","from":"N1048","to":"N378","length":10.3,"steep":false,"has_stairs":false}},{"type":"Feature","geometry":{"type":"LineString","coordinates":[[-80.41625005233871,37.228874946488865],[-80.41607003285993,37.22898205575377]]},"properties":{"id":"E6965","from":"N111","to":"N1048","length":19.9,"steep":false,"has_stairs":false}},{"type":"Feature","geometry":{"type":"LineString","coordinates":[[-80.41685224797234,37.22850949614666],[-80.41715331616916,37.22883634821288]]},"properties":{"id":"E6966","from":"N45","to":"N1273","length":45.1,"steep":false,"has_stairs":false}},{"type":"Feature","geometry":{"type":"LineString","coordinates":[[-80.41658945597244,37.22822419547535],[-80.41661846747182,37.22825569193041]]},"properties":{"id":"E6967","from":"N637","to":"N44","length":4.3,"steep":false,"has_stairs":false}},{"type":"Feature","geometry":{"type":"LineString","coordinates":[[-80.41529633833696,37.229178921688955],[-80.41549027923837,37.22935471575834]]},"properties":{"id":"E6968","from":"N1012","to":"N1016","length":26,"steep":false,"has_stairs":false}},{"type":"Feature","geometry":{"type":"LineString","coordinates":[[-80.41488552054838,37.2287851039072],[-80.41487194377137,37.228794233298046],[-80.41507279542964,37.22897629428133]]},"properties":{"id":"E6969","from":"N723","to":"N1041","length":28.5,"steep":false,"has_stairs":false}},{"type":"Feature","geometry":{"type":"LineString","coordinates":[[-80.41507279542964,37.22897629428133],[-80.41529633833696,37.229178921688955]]},"properties":{"id":"E6970","from":"N1041","to":"N1012","length":30,"steep":false,"has_stairs":false}},{"type":"Feature","geometry":{"type":"LineString","coordinates":[[-80.41661188709857,37.22968844104872],[-80.41662703034817,37.229682395945645],[-80.41664104643871,37.22967406465009],[-80.41665359284258,37.22966365076369],[-80.41666436294858,37.229651408782786],[-80.41667309355502,37.22963763787901],[-80.41667957130184,37.229622674588065],[-80.41668363788477,37.229606884585436]]},"properties":{"id":"E6971","from":"N1020","to":"N1274","length":11.6,"steep":false,"has_stairs":false}},{"type":"Feature","geometry":{"type":"LineString","coordinates":[[-80.4166693049344,37.22972627012355],[-80.41661188709857,37.22968844104872]]},"properties":{"id":"E6972","from":"N1019","to":"N1020","length":6.6,"steep":false,"has_stairs":false}},{"type":"Feature","geometry":{"type":"LineString","coordinates":[[-80.41830394761871,37.22995449123486],[-80.41854200925259,37.22980808305505]]},"properties":{"id":"E6973","from":"N129","to":"N61","length":26.6,"steep":false,"has_stairs":false}},{"type":"Feature","geometry":{"type":"LineString","coordinates":[[-80.41691201168732,37.23123447667592],[-80.41660686819775,37.23142308876035]]},"properties":{"id":"E6975","from":"N1028","to":"N1061","length":34.2,"steep":false,"has_stairs":false}},{"type":"Feature","geometry":{"type":"LineString","coordinates":[[-80.4205490914341,37.2332494085791],[-80.42075981549998,37.233232625856836]]},"properties":{"id":"E6976","from":"N867","to":"N1275","length":18.7,"steep":false,"has_stairs":false}},{"type":"Feature","geometry":{"type":"LineString","coordinates":[[-80.42273910873791,37.23219922680877],[-80.42286363979872,37.23229702608197]]},"properties":{"id":"E6977","from":"N696","to":"N1276","length":15.5,"steep":false,"has_stairs":false}},{"type":"Feature","geometry":{"type":"LineString","coordinates":[[-80.42281739483057,37.23233360616212],[-80.42286363979872,37.23229702608197]]},"properties":{"id":"E6978","from":"N1277","to":"N1276","length":5.8,"steep":false,"has_stairs":false}},{"type":"Feature","geometry":{"type":"LineString","coordinates":[[-80.42521410979066,37.232235783253145],[-80.42529027883994,37.23229892674443]]},"properties":{"id":"E6979","from":"N979","to":"N895","length":9.7,"steep":false,"has_stairs":false}},{"type":"Feature","geometry":{"type":"LineString","coordinates":[[-80.42551848699622,37.23212589528488],[-80.42569078039264,37.232274509116266]]},"properties":{"id":"E6980","from":"N975","to":"N1278","length":22.5,"steep":false,"has_stairs":false}},{"type":"Feature","geometry":{"type":"LineString","coordinates":[[-80.42292222903555,37.22933980503735],[-80.42287681705291,37.22937162456725]]},"properties":{"id":"E6982","from":"N5","to":"N55","length":5.4,"steep":false,"has_stairs":false}},{"type":"Feature","geometry":{"type":"LineString","coordinates":[[-80.42587830115295,37.22916303693124],[-80.42587034542363,37.22915475957223]]},"properties":{"id":"E6983","from":"N408","to":"N409","length":1.2,"steep":false,"has_stairs":false}},{"type":"Feature","geometry":{"type":"LineString","coordinates":[[-80.42484953854778,37.23329715748632],[-80.42500582128075,37.23353300159705]]},"properties":{"id":"E6984","from":"N1279","to":"N1280","length":29.7,"steep":false,"has_stairs":false}},{"type":"Feature","geometry":{"type":"LineString","coordinates":[[-80.42500582128075,37.23353300159705],[-80.42497175696992,37.23353108485356],[-80.42492208867358,37.233546440529125]]},"properties":{"id":"E6984-1","from":"N1280","to":"N320","length":7.7,"steep":false,"has_stairs":false}},{"type":"Feature","geometry":{"type":"LineString","coordinates":[[-80.42117121485987,37.233917939839344],[-80.42115182969522,37.233987435789125],[-80.42110825246456,37.23410311947952],[-80.421056225837,37.234136091359126],[-80.42096954806699,37.23416854463728],[-80.4208626752249,37.23405422670243]]},"properties":{"id":"E6985","from":"N1160","to":"N1281","length":51.6,"steep":false,"has_stairs":false}},{"type":"Feature","geometry":{"type":"LineString","coordinates":[[-80.42106767078499,37.23371417262195],[-80.42106738140222,37.233730613980704],[-80.42100420264262,37.23384968186976],[-80.42099180566039,37.23392186615544],[-80.4209492791944,37.234004927069485],[-80.42090206323556,37.234038642568905],[-80.4208626752249,37.23405422670243]]},"properties":{"id":"E6986","from":"N1167","to":"N1281","length":43.8,"steep":false,"has_stairs":false}},{"type":"Feature","geometry":{"type":"LineString","coordinates":[[-80.4208626752249,37.23405422670243],[-80.42074403320484,37.234103372488185]]},"properties":{"id":"E6986-1","from":"N1281","to":"N1282","length":11.8,"steep":false,"has_stairs":false}},{"type":"Feature","geometry":{"type":"LineString","coordinates":[[-80.41807350090006,37.232553205021425],[-80.41814128714033,37.2325384744466]]},"properties":{"id":"E6987","from":"N1187","to":"N1054","length":6.2,"steep":false,"has_stairs":false}},{"type":"Feature","geometry":{"type":"LineString","coordinates":[[-80.41842557140019,37.23214865228933],[-80.4180667647219,37.23238536727124],[-80.41805085341983,37.232404703190696],[-80.41803968662511,37.232434692658266],[-80.41803877145226,37.23245736119809],[-80.41804384801478,37.232481124778126],[-80.41805932994414,37.2325035277996],[-80.41806738780417,37.2325272429384],[-80.41807350090006,37.232553205021425]]},"properties":{"id":"E6988","from":"N1013","to":"N1187","length":61,"steep":false,"has_stairs":false}},{"type":"Feature","geometry":{"type":"LineString","coordinates":[[-80.41842303025237,37.23214588339502],[-80.41856098595626,37.23228031417629]]},"properties":{"id":"E6989","from":"N1283","to":"N1284","length":19.3,"steep":false,"has_stairs":false}},{"type":"Feature","geometry":{"type":"LineString","coordinates":[[-80.4186360761374,37.2322273693004],[-80.41863754514922,37.23221008861567],[-80.41871820951957,37.23215410139544],[-80.41875913573631,37.23212229695963]]},"properties":{"id":"E6990","from":"N1053","to":"N1181","length":16.5,"steep":false,"has_stairs":false}},{"type":"Feature","geometry":{"type":"LineString","coordinates":[[-80.41889550629323,37.23218469397876],[-80.41884659963316,37.23210858452826],[-80.41880899539177,37.232072250497986]]},"properties":{"id":"E6991","from":"N1285","to":"N1286","length":14.7,"steep":false,"has_stairs":false}},{"type":"Feature","geometry":{"type":"LineString","coordinates":[[-80.41887224271642,37.23203462955509],[-80.4189474690406,37.23202048417097],[-80.41902187528582,37.232016954729396],[-80.41911990871792,37.23202643415606],[-80.41921533777911,37.23203814955941]]},"properties":{"id":"E6992","from":"N1287","to":"N1288","length":30.7,"steep":false,"has_stairs":false}},{"type":"Feature","geometry":{"type":"LineString","coordinates":[[-80.4189752504594,37.23188775347927],[-80.4190444062054,37.23189277960383]]},"properties":{"id":"E6993","from":"N1180","to":"N1289","length":6.1,"steep":false,"has_stairs":false}},{"type":"Feature","geometry":{"type":"LineString","coordinates":[[-80.41889550629323,37.23218469397876],[-80.41896617209227,37.2321687705868],[-80.41902424295046,37.23216544269883],[-80.41908553635737,37.23217159974027],[-80.41915936100236,37.232201399996356],[-80.41924511952762,37.23225005474107],[-80.4193433238092,37.23230032405138],[-80.41942028268576,37.23234139957613],[-80.41951492670609,37.23239291993031],[-80.41965791097753,37.23245560420504],[-80.41977074496216,37.23250173181972],[-80.41984511789796,37.23252377263001],[-80.42005774518967,37.232587680640506],[-80.42011192155073,37.23260525046223],[-80.42016983806886,37.23262517395239]]},"properties":{"id":"E6994","from":"N1285","to":"N844","length":126.1,"steep":false,"has_stairs":false}},{"type":"Feature","geometry":{"type":"LineString","coordinates":[[-80.42024087028292,37.232667416977776],[-80.42025244213568,37.23266591828229],[-80.42031998920191,37.23266660764317],[-80.42038338418534,37.23269123672226],[-80.42040212827806,37.232703425345676]]},"properties":{"id":"E6995","from":"N845","to":"N866","length":15.4,"steep":false,"has_stairs":false}},{"type":"Feature","geometry":{"type":"LineString","coordinates":[[-80.41913595847295,37.232191953801454],[-80.41915081148713,37.23217706833194],[-80.41920496490599,37.232107629349095],[-80.41923506324191,37.232051400339465]]},"properties":{"id":"E6996","from":"N1290","to":"N1291","length":18,"steep":false,"has_stairs":false}},{"type":"Feature","geometry":{"type":"LineString","coordinates":[[-80.41960388134142,37.23243191750736],[-80.41961374147796,37.2324173646263],[-80.41966635741429,37.23234616229122],[-80.41967812990735,37.23232552080167]]},"properties":{"id":"E6997","from":"N1292","to":"N1293","length":13.5,"steep":false,"has_stairs":false}},{"type":"Feature","geometry":{"type":"LineString","coordinates":[[-80.4199003926215,37.23241255426811],[-80.41991207803179,37.232425668018024],[-80.42004775381095,37.23247030899094],[-80.42011553207914,37.232477833620365]]},"properties":{"id":"E6998","from":"N1294","to":"N1177","length":20.8,"steep":false,"has_stairs":false}},{"type":"Feature","geometry":{"type":"LineString","coordinates":[[-80.420286906864,37.23209181078441],[-80.42059550352921,37.232083261926]]},"properties":{"id":"E6999","from":"N1295","to":"N1296","length":27.3,"steep":false,"has_stairs":false}},{"type":"Feature","geometry":{"type":"LineString","coordinates":[[-80.42136450119442,37.23297782839652],[-80.42138932593305,37.232972232071134],[-80.42153561020298,37.23300619336998],[-80.42154952960401,37.233011762031474]]},"properties":{"id":"E7000","from":"N1297","to":"N1161","length":17.2,"steep":false,"has_stairs":false}},{"type":"Feature","geometry":{"type":"LineString","coordinates":[[-80.42259296790218,37.232617724758086],[-80.42257899047226,37.232628551461346],[-80.42246544427172,37.232733228674405],[-80.42245579496685,37.23274611434998],[-80.42244800037588,37.232760199592995],[-80.42244220724496,37.23277521922527],[-80.42235684088295,37.23296174506625],[-80.4223498228717,37.2329787175983],[-80.42234495204849,37.23299642619531],[-80.4223423028102,37.23301460037652],[-80.42234414035966,37.23307280399974],[-80.42234637523879,37.23308020169353],[-80.42234962666284,37.23308721231404],[-80.42235383021428,37.23309369696619],[-80.42235890261195,37.233099527175455],[-80.42236474336104,37.23310458743318]]},"properties":{"id":"E7001","from":"N272","to":"N1298","length":60.9,"steep":false,"has_stairs":false}},{"type":"Feature","geometry":{"type":"LineString","coordinates":[[-80.42275142810327,37.232379896992974],[-80.42281739483057,37.23233360616212]]},"properties":{"id":"E7006","from":"N698","to":"N1277","length":7.8,"steep":false,"has_stairs":false}},{"type":"Feature","geometry":{"type":"LineString","coordinates":[[-80.42255547786856,37.23252427226298],[-80.42263694279332,37.232588835420465]]},"properties":{"id":"E7007","from":"N697","to":"N1235","length":10.2,"steep":false,"has_stairs":false}},{"type":"Feature","geometry":{"type":"LineString","coordinates":[[-80.42311610616248,37.23280614152381],[-80.42310993564547,37.23281944490945]]},"properties":{"id":"E7008","from":"N1299","to":"N1300","length":1.6,"steep":false,"has_stairs":false}},{"type":"Feature","geometry":{"type":"LineString","coordinates":[[-80.42330434053379,37.23287010133802],[-80.42330050295867,37.23288489439578]]},"properties":{"id":"E7009","from":"N1301","to":"N1302","length":1.7,"steep":false,"has_stairs":false}},{"type":"Feature","geometry":{"type":"LineString","coordinates":[[-80.42319918894732,37.23289771457039],[-80.42322258079058,37.23285823141002]]},"properties":{"id":"E7010","from":"N1303","to":"N1304","length":4.9,"steep":false,"has_stairs":false}},{"type":"Feature","geometry":{"type":"LineString","coordinates":[[-80.42315310510061,37.23288462346533],[-80.42317487106578,37.23284180322188]]},"properties":{"id":"E7011","from":"N1305","to":"N1306","length":5.1,"steep":false,"has_stairs":false}},{"type":"Feature","geometry":{"type":"LineString","coordinates":[[-80.42338065450352,37.23355784392107],[-80.42342113652575,37.23355354857797],[-80.42354478614462,37.23352575452452],[-80.42372606517837,37.23349351254817]]},"properties":{"id":"E7015","from":"N1099","to":"N169","length":31.4,"steep":false,"has_stairs":false}},{"type":"Feature","geometry":{"type":"LineString","coordinates":[[-80.42372606517837,37.23349351254817],[-80.42383894724902,37.233514832300536],[-80.42389081956867,37.23351398693698],[-80.42437183186209,37.23343031570938],[-80.42456968284655,37.23339990497055],[-80.4247724614748,37.233352245049986],[-80.42478590817895,37.233347376703996],[-80.42479845834706,37.233340520471394],[-80.42480982015674,37.23333183577648],[-80.4248197294179,37.23332152455986],[-80.42482795571578,37.233309826582754],[-80.42483430776863,37.233297013851995],[-80.42483863787557,37.23328338429518]]},"properties":{"id":"E7016","from":"N169","to":"N1307","length":105.1,"steep":false,"has_stairs":false}},{"type":"Feature","geometry":{"type":"LineString","coordinates":[[-80.42543948200307,37.232652997778274],[-80.42543084218634,37.23266506174843]]},"properties":{"id":"E7019","from":"N1308","to":"N894","length":1.5,"steep":false,"has_stairs":false}},{"type":"Feature","geometry":{"type":"LineString","coordinates":[[-80.42514906113094,37.23311925792598],[-80.4251475802137,37.233130402084186],[-80.42514021709376,37.23318522992995],[-80.42514036363164,37.23320012211318],[-80.42509085230253,37.23322334529201]]},"properties":{"id":"E7020","from":"N1132","to":"N1309","length":14.1,"steep":false,"has_stairs":false}},{"type":"Feature","geometry":{"type":"LineString","coordinates":[[-80.42509085230253,37.23322334529201],[-80.42509880219801,37.23323111537865],[-80.42527053806053,37.23341617862173],[-80.42500582128075,37.23353300159705]]},"properties":{"id":"E7020-1","from":"N1309","to":"N1280","length":53.5,"steep":false,"has_stairs":false}},{"type":"Feature","geometry":{"type":"LineString","coordinates":[[-80.42484953854778,37.23329715748632],[-80.42505072039407,37.23321241106134],[-80.42506826769997,37.2332031427458],[-80.42509085230253,37.23322334529201]]},"properties":{"id":"E7021","from":"N1279","to":"N1309","length":25,"steep":false,"has_stairs":false}},{"type":"Feature","geometry":{"type":"LineString","coordinates":[[-80.42615966168567,37.23186998102553],[-80.42619974831534,37.23184285809618],[-80.42626951766252,37.23189751978236]]},"properties":{"id":"E7023","from":"N1310","to":"N1311","length":13.3,"steep":false,"has_stairs":false}},{"type":"Feature","geometry":{"type":"LineString","coordinates":[[-80.42626951766252,37.23189751978236],[-80.42628417258405,37.23189334565101],[-80.42630965190942,37.23187504574999],[-80.42625939686657,37.23183401479572],[-80.42627168864801,37.23182487170617],[-80.42632229232574,37.23186481182321],[-80.42636500022445,37.23183515311742],[-80.42635935762661,37.23183025209633]]},"properties":{"id":"E7023-1","from":"N1311","to":"N1312","length":24.3,"steep":false,"has_stairs":false}},{"type":"Feature","geometry":{"type":"LineString","coordinates":[[-80.4344920447457,37.23076736753372],[-80.4345007008186,37.230768139581905],[-80.43457423514268,37.23083013068138],[-80.43457165269675,37.23084037192523]]},"properties":{"id":"E7024","from":"N1112","to":"N360","length":11.4,"steep":false,"has_stairs":false}},{"type":"Feature","geometry":{"type":"LineString","coordinates":[[-80.43534483699217,37.230305298071166],[-80.43527288070597,37.23022063051734],[-80.43455267762094,37.230626106263514],[-80.43445330023725,37.23068162797458],[-80.43444832252713,37.230688129386856]]},"properties":{"id":"E7025","from":"N1313","to":"N1113","length":101.1,"steep":false,"has_stairs":false}},{"type":"Feature","geometry":{"type":"LineString","coordinates":[[-80.43475356261015,37.230637577871505],[-80.43467855538591,37.23055523751237]]},"properties":{"id":"E7027","from":"N1314","to":"N1315","length":11.3,"steep":false,"has_stairs":false}},{"type":"Feature","geometry":{"type":"LineString","coordinates":[[-80.434283589714,37.230779567345685],[-80.43402772095779,37.2304961394998],[-80.4338677519757,37.2305846075131],[-80.43404483457383,37.23079155571783],[-80.43390009832281,37.23086928145142]]},"properties":{"id":"E7028","from":"N1114","to":"N1316","length":99.4,"steep":false,"has_stairs":false}},{"type":"Feature","geometry":{"type":"LineString","coordinates":[[-80.43309299995852,37.23149941845542],[-80.43284442436578,37.23149902292165]]},"properties":{"id":"E7029","from":"N901","to":"N1100","length":22,"steep":false,"has_stairs":false}},{"type":"Feature","geometry":{"type":"LineString","coordinates":[[-80.43091103479685,37.230081693108026],[-80.43092378329989,37.23009897575686],[-80.43093393882137,37.23011789874985],[-80.43094129406731,37.23013807583184],[-80.43094569890279,37.23015909514926],[-80.43094961197154,37.23018801243777],[-80.43094891570708,37.23021718497447],[-80.43094362753483,37.230245882655844],[-80.43093387980237,37.23027338726261],[-80.43092348138033,37.23030817472098]]},"properties":{"id":"E7385","from":"N1169","to":"N1166","length":26.1,"steep":false,"has_stairs":false}},{"type":"Feature","geometry":{"type":"LineString","coordinates":[[-80.43074676218501,37.23028605288093],[-80.43077117391235,37.23033817404175],[-80.4307797651965,37.23036395530992]]},"properties":{"id":"E7386","from":"N315","to":"N1165","length":9.2,"steep":false,"has_stairs":false}},{"type":"Feature","geometry":{"type":"LineString","coordinates":[[-80.42905518104403,37.23134666966041],[-80.42905244702803,37.23135215718119],[-80.42902411319902,37.23141044825903],[-80.42901562515948,37.231421013896565],[-80.42896332888422,37.231428545162196],[-80.42895561388717,37.231406732220265],[-80.42891330945443,37.2314175079384],[-80.42870300222701,37.23144898040397],[-80.42868939236237,37.231447198316026]]},"properties":{"id":"E7387","from":"N1162","to":"N1317","length":40.3,"steep":false,"has_stairs":false}},{"type":"Feature","geometry":{"type":"LineString","coordinates":[[-80.42352136992355,37.23151930064076],[-80.42355828210061,37.231542155008334]]},"properties":{"id":"E7399","from":"N586","to":"N1318","length":4.1,"steep":false,"has_stairs":false}},{"type":"Feature","geometry":{"type":"LineString","coordinates":[[-80.4219318495961,37.23118380566987],[-80.42187397708203,37.23119196804632]]},"properties":{"id":"E7400","from":"N1319","to":"N1320","length":5.2,"steep":false,"has_stairs":false}},{"type":"Feature","geometry":{"type":"LineString","coordinates":[[-80.42187397708203,37.23119196804632],[-80.42175468501145,37.23128625536416],[-80.42172623057175,37.23130208993107]]},"properties":{"id":"E7400-1","from":"N1320","to":"N1321","length":18,"steep":false,"has_stairs":false}},{"type":"Feature","geometry":{"type":"LineString","coordinates":[[-80.42175966618963,37.2310844036462],[-80.42176561319822,37.23109945916294],[-80.42187397708203,37.23119196804632]]},"properties":{"id":"E7401","from":"N1261","to":"N1320","length":15.8,"steep":false,"has_stairs":false}},{"type":"Feature","geometry":{"type":"LineString","coordinates":[[-80.42174398715188,37.23108514648804],[-80.42173844250446,37.23110541552753],[-80.42165397783111,37.23116726828205],[-80.42159935699414,37.23120163279931]]},"properties":{"id":"E7402","from":"N1262","to":"N1322","length":18.6,"steep":false,"has_stairs":false}},{"type":"Feature","geometry":{"type":"LineString","coordinates":[[-80.42241741582988,37.230639889308975],[-80.42241856461929,37.23065082837438],[-80.42245264314482,37.23082208998336]]},"properties":{"id":"E7403","from":"N1323","to":"N783","length":20.5,"steep":false,"has_stairs":false}},{"type":"Feature","geometry":{"type":"LineString","coordinates":[[-80.42241981783486,37.23082482278377],[-80.42230445503625,37.23071818632684]]},"properties":{"id":"E7404","from":"N319","to":"N512","length":15.6,"steep":false,"has_stairs":false}},{"type":"Feature","geometry":{"type":"LineString","coordinates":[[-80.42311321407313,37.23015358708471],[-80.4231947315833,37.23023060198798]]},"properties":{"id":"E7405","from":"N1324","to":"N1325","length":11.2,"steep":false,"has_stairs":false}},{"type":"Feature","geometry":{"type":"LineString","coordinates":[[-80.42159298893824,37.2309611206386],[-80.4219344540477,37.23097464268484]]},"properties":{"id":"E7407","from":"N1326","to":"N1327","length":30.3,"steep":false,"has_stairs":false}},{"type":"Feature","geometry":{"type":"LineString","coordinates":[[-80.42077406525203,37.23143730022822],[-80.42087271928986,37.23148770335527],[-80.42092428779924,37.231496986498364],[-80.42100891501038,37.231545773745005],[-80.42105191966188,37.23154971009963],[-80.42114460672556,37.2316032537327],[-80.42120091904873,37.231655866129174]]},"properties":{"id":"E7410","from":"N1328","to":"N1329","length":46,"steep":false,"has_stairs":false}},{"type":"Feature","geometry":{"type":"LineString","coordinates":[[-80.42112707112658,37.2310699503388],[-80.42113462227569,37.23120661751657]]},"properties":{"id":"E7411","from":"N28","to":"N74","length":15.2,"steep":false,"has_stairs":false}},{"type":"Feature","geometry":{"type":"LineString","coordinates":[[-80.42125122622359,37.230636438889725],[-80.42124066943519,37.23064162453085],[-80.42115155014962,37.23069600986866],[-80.42113667689866,37.23070653103078]]},"properties":{"id":"E7412","from":"N1330","to":"N510","length":12.8,"steep":false,"has_stairs":false}},{"type":"Feature","geometry":{"type":"LineString","coordinates":[[-80.4207836445238,37.23024777480482],[-80.42078223896438,37.230283959760314],[-80.42076831379929,37.23035077926912],[-80.42080563151299,37.23040060861739]]},"properties":{"id":"E7413","from":"N920","to":"N509","length":18,"steep":false,"has_stairs":false}},{"type":"Feature","geometry":{"type":"LineString","coordinates":[[-80.420716238074,37.230410737097365],[-80.42075255209387,37.23044468960999]]},"properties":{"id":"E7414","from":"N1331","to":"N1332","length":5,"steep":false,"has_stairs":false}},{"type":"Feature","geometry":{"type":"LineString","coordinates":[[-80.41932587943585,37.23048737778479],[-80.41966048309412,37.23079285433119]]},"properties":{"id":"E7416","from":"N493","to":"N1333","length":45.1,"steep":false,"has_stairs":false}},{"type":"Feature","geometry":{"type":"LineString","coordinates":[[-80.42065433667352,37.23108463586922],[-80.42068092149263,37.23106982789738]]},"properties":{"id":"E7417","from":"N1236","to":"N1334","length":2.9,"steep":false,"has_stairs":false}},{"type":"Feature","geometry":{"type":"LineString","coordinates":[[-80.42040584541405,37.23074756559182],[-80.42033987471177,37.23131436717124]]},"properties":{"id":"E7418","from":"N1335","to":"N491","length":63.3,"steep":false,"has_stairs":false}},{"type":"Feature","geometry":{"type":"LineString","coordinates":[[-80.42007461935984,37.23141763983158],[-80.42002071112242,37.23140082812629],[-80.41948984259614,37.23137161038356]]},"properties":{"id":"E7419","from":"N1243","to":"N1336","length":52.2,"steep":false,"has_stairs":false}},{"type":"Feature","geometry":{"type":"LineString","coordinates":[[-80.42055217630332,37.23163167636435],[-80.42052192969173,37.23160318597691]]},"properties":{"id":"E7420","from":"N1337","to":"N1338","length":4.1,"steep":false,"has_stairs":false}},{"type":"Feature","geometry":{"type":"LineString","coordinates":[[-80.41997861726789,37.231482536976664],[-80.4200854251404,37.23158572501113]]},"properties":{"id":"E7421","from":"N1339","to":"N1340","length":14.9,"steep":false,"has_stairs":false}},{"type":"Feature","geometry":{"type":"LineString","coordinates":[[-80.41976152938234,37.23162928916375],[-80.41977194698474,37.231663689253686]]},"properties":{"id":"E7422","from":"N1242","to":"N1341","length":3.9,"steep":false,"has_stairs":false}},{"type":"Feature","geometry":{"type":"LineString","coordinates":[[-80.41737332744363,37.230956609692484],[-80.4176924672478,37.23092653406279],[-80.41848309511005,37.23087362464645],[-80.41852557121442,37.2309100886918]]},"properties":{"id":"E7424","from":"N1027","to":"N1029","length":104.2,"steep":false,"has_stairs":false}},{"type":"Feature","geometry":{"type":"LineString","coordinates":[[-80.41554211091736,37.230638450601546],[-80.41550963812055,37.230631983606905],[-80.41545366239195,37.23058560536673],[-80.41541957272943,37.23054900326159]]},"properties":{"id":"E7425","from":"N1342","to":"N1343","length":15.2,"steep":false,"has_stairs":false}},{"type":"Feature","geometry":{"type":"LineString","coordinates":[[-80.41581792930917,37.23043875736343],[-80.4158075079817,37.230423937313184],[-80.41573142891791,37.230347648434325]]},"properties":{"id":"E7426","from":"N1344","to":"N1345","length":12.7,"steep":false,"has_stairs":false}},{"type":"Feature","geometry":{"type":"LineString","coordinates":[[-80.41617241027016,37.2300629175746],[-80.41618589653895,37.23005470430501]]},"properties":{"id":"E7427","from":"N1032","to":"N1346","length":1.5,"steep":false,"has_stairs":false}},{"type":"Feature","geometry":{"type":"LineString","coordinates":[[-80.41618589653895,37.23005470430501],[-80.41626041111577,37.23012854428021],[-80.41628303841597,37.23014762928452]]},"properties":{"id":"E7427-1","from":"N1346","to":"N1347","length":13.5,"steep":false,"has_stairs":false}},{"type":"Feature","geometry":{"type":"LineString","coordinates":[[-80.41618589653895,37.23005470430501],[-80.41619690604269,37.2300410577663],[-80.41630011731766,37.22998334343767]]},"properties":{"id":"E7428","from":"N1346","to":"N1348","length":13,"steep":false,"has_stairs":false}},{"type":"Feature","geometry":{"type":"LineString","coordinates":[[-80.41638453978263,37.23008409513835],[-80.41629096079232,37.22998846354099]]},"properties":{"id":"E7429","from":"N1349","to":"N1017","length":13.5,"steep":false,"has_stairs":false}},{"type":"Feature","geometry":{"type":"LineString","coordinates":[[-80.416701398758,37.229756217686244],[-80.41672278198573,37.22978268175815],[-80.41676216575642,37.229819269633985],[-80.41678030410849,37.22983668435865]]},"properties":{"id":"E7430","from":"N1018","to":"N76","length":11.4,"steep":false,"has_stairs":false}},{"type":"Feature","geometry":{"type":"LineString","coordinates":[[-80.41675689380493,37.229617667709036],[-80.41678910274614,37.22965214861968]]},"properties":{"id":"E7431","from":"N1350","to":"N1351","length":4.8,"steep":false,"has_stairs":false}},{"type":"Feature","geometry":{"type":"LineString","coordinates":[[-80.41488552054838,37.2287851039072],[-80.41487597613855,37.22878186361506],[-80.41477560853515,37.22870479828878],[-80.41515398689552,37.22846821356834],[-80.4157374548802,37.228074818544684],[-80.41616079085831,37.22778775107737]]},"properties":{"id":"E7432","from":"N723","to":"N1352","length":172.8,"steep":false,"has_stairs":false}},{"type":"Feature","geometry":{"type":"LineString","coordinates":[[-80.41645269787601,37.22807568398645],[-80.41635691473739,37.22813339778465]]},"properties":{"id":"E7433","from":"N1353","to":"N1354","length":10.6,"steep":false,"has_stairs":false}},{"type":"Feature","geometry":{"type":"LineString","coordinates":[[-80.41695151613206,37.22877205924015],[-80.41687433785206,37.22869223429192],[-80.41696736424772,37.22863447111848],[-80.41697280908453,37.228627137305324],[-80.41705944429881,37.22856563659084],[-80.41706554929804,37.22856108602028]]},"properties":{"id":"E7434","from":"N1355","to":"N266","length":33.6,"steep":false,"has_stairs":false}},{"type":"Feature","geometry":{"type":"LineString","coordinates":[[-80.41715331616916,37.22883634821288],[-80.41716678988305,37.228870341076345],[-80.41730353845638,37.22892616247028]]},"properties":{"id":"E7435","from":"N1273","to":"N1356","length":17.6,"steep":false,"has_stairs":false}},{"type":"Feature","geometry":{"type":"LineString","coordinates":[[-80.41730353845638,37.22892616247028],[-80.41738270168835,37.22888221815011],[-80.41738314643884,37.22887487901169]]},"properties":{"id":"E7435-1","from":"N1356","to":"N49","length":9.4,"steep":false,"has_stairs":false}},{"type":"Feature","geometry":{"type":"LineString","coordinates":[[-80.41736895579928,37.2291263143181],[-80.41741780357242,37.22909965864334]]},"properties":{"id":"E7436","from":"N1357","to":"N1358","length":5.2,"steep":false,"has_stairs":false}},{"type":"Feature","geometry":{"type":"LineString","coordinates":[[-80.41731623032379,37.22906993943284],[-80.41736244453621,37.22904179708369]]},"properties":{"id":"E7437","from":"N1359","to":"N1360","length":5.2,"steep":false,"has_stairs":false}},{"type":"Feature","geometry":{"type":"LineString","coordinates":[[-80.41718424504137,37.2290115125972],[-80.41725293611857,37.228973196601515],[-80.4172580537388,37.228977422449184],[-80.41726379882195,37.22898074537638],[-80.4172700136834,37.22898307417916],[-80.41727652774469,37.22898434493916],[-80.41728316221518,37.22898452277799],[-80.41728973499943,37.228983602814544],[-80.41729606569504,37.22898161029893]]},"properties":{"id":"E7438","from":"N1361","to":"N1036","length":11.7,"steep":false,"has_stairs":false}},{"type":"Feature","geometry":{"type":"LineString","coordinates":[[-80.41730499395115,37.22897632526137],[-80.41730757177456,37.22897356672602],[-80.4173096373616,37.22897040633981],[-80.41731112929102,37.22896693807838],[-80.4173120031996,37.22896326507217],[-80.41731223310121,37.22895949653982],[-80.41731181215962,37.22895574454049],[-80.41731075289175,37.228952120641715],[-80.41730908679544,37.228948732601886],[-80.41730686341288,37.22894568116604],[-80.41730414885741,37.2289430570701],[-80.41730102384771,37.22894093834285],[-80.41730353845638,37.22892616247028]]},"properties":{"id":"E7439-1","from":"N1036","to":"N1356","length":6.1,"steep":false,"has_stairs":false}},{"type":"Feature","geometry":{"type":"LineString","coordinates":[[-80.41698369535843,37.22970958534585],[-80.417371786692,37.22946780573776]]},"properties":{"id":"E7440","from":"N77","to":"N421","length":43.6,"steep":false,"has_stairs":false}},{"type":"Feature","geometry":{"type":"LineString","coordinates":[[-80.4175353263216,37.229068618444806],[-80.41762182495393,37.22916459752669],[-80.41761406491382,37.22922054978492]]},"properties":{"id":"E7441","from":"N790","to":"N1362","length":19.4,"steep":false,"has_stairs":false}},{"type":"Feature","geometry":{"type":"LineString","coordinates":[[-80.4201675998328,37.22811649041912],[-80.42014442154249,37.228193170788465],[-80.42013098282555,37.2282744668076],[-80.42012565403535,37.228331992149734],[-80.42012552904075,37.22838976364244],[-80.42013060885817,37.22844731150468],[-80.4201331106972,37.228498779905344],[-80.42013054651598,37.22850914122438],[-80.42012629567334,37.22851893215357],[-80.42012047644953,37.228527880259044],[-80.42011325076517,37.22853573655863],[-80.42010481967588,37.228542282449766],[-80.42009541777779,37.2285473357922],[-80.42008530667992,37.22855075597604],[-80.42007476772488,37.22855244783421],[-80.42006409416044,37.22855236429055],[-80.41996841484182,37.22856165985777],[-80.4198944261296,37.228572163581646],[-80.41986197717503,37.2285886377006],[-80.41978658235479,37.22863364001385]]},"properties":{"id":"E7442","from":"N1363","to":"N310","length":79.3,"steep":false,"has_stairs":false}},{"type":"Feature","geometry":{"type":"LineString","coordinates":[[-80.41996942945347,37.228908652647256],[-80.4201461816782,37.228822153209336],[-80.42016469146373,37.22881320883598],[-80.42020834901935,37.228875069859264],[-80.42025649785556,37.22893350322248],[-80.42030886987625,37.22898818356459],[-80.42036517347037,37.22903880642162],[-80.42042509513557,37.229085089921966],[-80.42040997849303,37.22909321304472],[-80.42024587683804,37.22919490816409]]},"properties":{"id":"E7444","from":"N1364","to":"N1365","length":78.5,"steep":false,"has_stairs":false}},{"type":"Feature","geometry":{"type":"LineString","coordinates":[[-80.42042509223658,37.229382795612395],[-80.42049461229622,37.229342911317936],[-80.42061173372677,37.229269466609075],[-80.42071051147101,37.229213009271604],[-80.4207436811601,37.22919587669327],[-80.4207789393237,37.22918360414608],[-80.4208155781029,37.22917643801926],[-80.42085286192093,37.22917452218323],[-80.42089004225093,37.229177895101195],[-80.42092287374079,37.229187865766235],[-80.42095461260543,37.22920090284256],[-80.42098497317296,37.22921688898739],[-80.42102813174006,37.2292349155272],[-80.42107311034678,37.22924774295834],[-80.421119285119,37.22925519335841],[-80.4211660155913,37.2292571633869],[-80.42121265359033,37.229253625718606],[-80.42125855222551,37.22924462942264],[-80.42132579384617,37.22922339940145],[-80.42139482686612,37.22920902611011],[-80.42153737192676,37.229190037525946]]},"properties":{"id":"E7445","from":"N1366","to":"N1367","length":108.6,"steep":false,"has_stairs":false}},{"type":"Feature","geometry":{"type":"LineString","coordinates":[[-80.42153737192676,37.229190037525946],[-80.42149746669385,37.227853928726816],[-80.42147325018372,37.22686579055082],[-80.42146656776693,37.22678503908208],[-80.42144221665237,37.2266864738921],[-80.42143985473021,37.22667241269596]]},"properties":{"id":"E7446","from":"N1367","to":"N418","length":280.3,"steep":false,"has_stairs":false}},{"type":"Feature","geometry":{"type":"LineString","coordinates":[[-80.42061898073979,37.22727709795943],[-80.42064158617356,37.22728543562049],[-80.42079715397135,37.22729329783916]]},"properties":{"id":"E7447","from":"N40","to":"N150","length":16,"steep":false,"has_stairs":false}},{"type":"Feature","geometry":{"type":"LineString","coordinates":[[-80.42074739403097,37.22736347553501],[-80.42077783951565,37.22738801861204]]},"properties":{"id":"E7448","from":"N1368","to":"N1369","length":3.8,"steep":false,"has_stairs":false}},{"type":"Feature","geometry":{"type":"LineString","coordinates":[[-80.42077783951565,37.22738801861204],[-80.42084891563152,37.22733499690905],[-80.42091095338489,37.22728689002268],[-80.42088036593064,37.22726345606303]]},"properties":{"id":"E7448-1","from":"N1369","to":"N1370","length":20,"steep":false,"has_stairs":false}},{"type":"Feature","geometry":{"type":"LineString","coordinates":[[-80.42077783951565,37.22738801861204],[-80.42082440366175,37.22745999247793],[-80.42102239905498,37.22789673706075],[-80.42137621883518,37.228792373896034],[-80.4214343574733,37.22893243206846],[-80.4215366790761,37.22916685163515]]},"properties":{"id":"E7449","from":"N1369","to":"N1371","length":209,"steep":false,"has_stairs":false}},{"type":"Feature","geometry":{"type":"LineString","coordinates":[[-80.42147802195083,37.22706049506302],[-80.42151208033256,37.2271005947399],[-80.42178525407647,37.227657373579014]]},"properties":{"id":"E7450","from":"N1372","to":"N1373","length":71.9,"steep":false,"has_stairs":false}},{"type":"Feature","geometry":{"type":"LineString","coordinates":[[-80.42178525407647,37.227657373579014],[-80.42205248257291,37.22812689915063],[-80.42212583032963,37.228255190985195],[-80.42220401751344,37.22841788879096]]},"properties":{"id":"E7450-1","from":"N1373","to":"N152","length":92.4,"steep":false,"has_stairs":false}},{"type":"Feature","geometry":{"type":"LineString","coordinates":[[-80.42247861428345,37.228638566885905],[-80.42253303710028,37.228682405704326],[-80.42260357690449,37.228738994694496]]},"properties":{"id":"E7452","from":"N1015","to":"N1259","length":15.7,"steep":false,"has_stairs":false}},{"type":"Feature","geometry":{"type":"LineString","coordinates":[[-80.423462962593,37.228142980250745],[-80.42343732283285,37.2281261240819],[-80.42336833104089,37.228079331625175],[-80.42331672224226,37.2280336222424]]},"properties":{"id":"E7453","from":"N1374","to":"N1375","length":17.8,"steep":false,"has_stairs":false}},{"type":"Feature","geometry":{"type":"LineString","coordinates":[[-80.42417051767798,37.22985324871972],[-80.42413799049804,37.22987583688159],[-80.42407522414065,37.22982356268998],[-80.42405061075641,37.229808199052094],[-80.42402380189888,37.229797101970924],[-80.42399553075008,37.22979057493499],[-80.4239665704835,37.22978879644892],[-80.42393771311899,37.22979181515164],[-80.42390974786215,37.22979954848617],[-80.4238834395208,37.2298117849574],[-80.4239017164075,37.22983160638312]]},"properties":{"id":"E7454","from":"N528","to":"N1376","length":33.1,"steep":false,"has_stairs":false}},{"type":"Feature","geometry":{"type":"LineString","coordinates":[[-80.42417051767798,37.22985324871972],[-80.42389146383182,37.229616522258574]]},"properties":{"id":"E7455","from":"N528","to":"N1377","length":36.1,"steep":false,"has_stairs":false}},{"type":"Feature","geometry":{"type":"LineString","coordinates":[[-80.42494881603359,37.22971739855648],[-80.42514337582313,37.22990452950913]]},"properties":{"id":"E7456","from":"N555","to":"N295","length":27,"steep":false,"has_stairs":false}},{"type":"Feature","geometry":{"type":"LineString","coordinates":[[-80.4247015973898,37.22903451886815],[-80.42477069452634,37.22900161843244],[-80.42480188602293,37.22899842580753],[-80.42483324047389,37.228998452610924],[-80.42488793815455,37.22900328382541],[-80.4249373789705,37.22901249264197],[-80.42495405288895,37.229015235574366],[-80.42497095080047,37.229015173760686],[-80.4249876042053,37.22901230891473],[-80.42500355138269,37.229006720465236],[-80.42501835019229,37.22899856335367],[-80.42503159033257,37.228988063738434],[-80.42504829996427,37.22897338965896]]},"properties":{"id":"E7457","from":"N629","to":"N1378","length":33.6,"steep":false,"has_stairs":false}},{"type":"Feature","geometry":{"type":"LineString","coordinates":[[-80.42508758509146,37.22900477242842],[-80.425106191817,37.228990766796734]]},"properties":{"id":"E7459","from":"N1379","to":"N1380","length":2.3,"steep":false,"has_stairs":false}},{"type":"Feature","geometry":{"type":"LineString","coordinates":[[-80.42544929472287,37.228594543568995],[-80.42545634493017,37.228606828404054]]},"properties":{"id":"E7460","from":"N756","to":"N1381","length":1.5,"steep":false,"has_stairs":false}},{"type":"Feature","geometry":{"type":"LineString","coordinates":[[-80.42562171147068,37.22874265881619],[-80.4256334217372,37.228752002446925]]},"properties":{"id":"E7461","from":"N1382","to":"N1383","length":1.5,"steep":false,"has_stairs":false}},{"type":"Feature","geometry":{"type":"LineString","coordinates":[[-80.42655327334134,37.229696303352085],[-80.42662015899202,37.22964570159999]]},"properties":{"id":"E7462","from":"N924","to":"N1384","length":8.2,"steep":false,"has_stairs":false}},{"type":"Feature","geometry":{"type":"LineString","coordinates":[[-80.42694360043976,37.22844484636813],[-80.4269655358096,37.2284510009531],[-80.42703020217748,37.228536028552625],[-80.42704055755354,37.228539050040155]]},"properties":{"id":"E7463","from":"N1000","to":"N874","length":14.1,"steep":false,"has_stairs":false}},{"type":"Feature","geometry":{"type":"LineString","coordinates":[[-80.43829552271089,37.22759414944966],[-80.43844029972084,37.22763319056396]]},"properties":{"id":"E7464","from":"N668","to":"N1385","length":13.5,"steep":false,"has_stairs":false}},{"type":"Feature","geometry":{"type":"LineString","coordinates":[[-80.42570547971263,37.227379184957016],[-80.42568768540102,37.227364534699866]]},"properties":{"id":"E7466","from":"N1386","to":"N897","length":2.3,"steep":false,"has_stairs":false}},{"type":"Feature","geometry":{"type":"LineString","coordinates":[[-80.42568768540102,37.227364534699866],[-80.42574563708398,37.22732143631549],[-80.42576329786306,37.22733513789]]},"properties":{"id":"E7466-1","from":"N897","to":"N1387","length":9.2,"steep":false,"has_stairs":false}},{"type":"Feature","geometry":{"type":"LineString","coordinates":[[-80.42543242669133,37.22748012414454],[-80.42546548514653,37.22750342471121]]},"properties":{"id":"E7467","from":"N1388","to":"N1389","length":3.9,"steep":false,"has_stairs":false}},{"type":"Feature","geometry":{"type":"LineString","coordinates":[[-80.42546548514653,37.22750342471121],[-80.42544772649744,37.2276138843824]]},"properties":{"id":"E7467-1","from":"N1389","to":"N1390","length":12.4,"steep":false,"has_stairs":false}},{"type":"Feature","geometry":{"type":"LineString","coordinates":[[-80.42544772649744,37.2276138843824],[-80.42528704421986,37.22763600090301]]},"properties":{"id":"E7467-2","from":"N1390","to":"N1065","length":14.4,"steep":false,"has_stairs":false}},{"type":"Feature","geometry":{"type":"LineString","coordinates":[[-80.42544772649744,37.2276138843824],[-80.42547625326075,37.2276347244615]]},"properties":{"id":"E7468","from":"N1390","to":"N1391","length":3.4,"steep":false,"has_stairs":false}},{"type":"Feature","geometry":{"type":"LineString","coordinates":[[-80.42546548514653,37.22750342471121],[-80.42559801288948,37.2275151417005],[-80.42562462328823,37.22753380576627]]},"properties":{"id":"E7469","from":"N1389","to":"N1392","length":14.9,"steep":false,"has_stairs":false}},{"type":"Feature","geometry":{"type":"LineString","coordinates":[[-80.42544567075505,37.22765833669173],[-80.42549469265715,37.22769679599004],[-80.42553211665249,37.2276711046479]]},"properties":{"id":"E7470","from":"N1393","to":"N1394","length":10.5,"steep":false,"has_stairs":false}},{"type":"Feature","geometry":{"type":"LineString","coordinates":[[-80.42463818520893,37.22699090424898],[-80.42483291465605,37.22714800127304],[-80.42484547825704,37.2271586220838],[-80.42485629649906,37.22717101608764],[-80.42486512193592,37.2271848997959],[-80.42487175270303,37.22719995564589],[-80.42487603713452,37.22721583926444],[-80.42487787723238,37.22723218734478],[-80.42487723090798,37.22724862595653],[-80.42488324939195,37.22734549402036],[-80.42506916247137,37.227349228115514],[-80.42521920417704,37.22723740328942]]},"properties":{"id":"E7472","from":"N343","to":"N1395","length":82.3,"steep":false,"has_stairs":false}},{"type":"Feature","geometry":{"type":"LineString","coordinates":[[-80.42590732981378,37.22684965215738],[-80.4258819829689,37.22685872522595],[-80.42575896444714,37.22690876339911]]},"properties":{"id":"E7473","from":"N1396","to":"N100","length":14.7,"steep":false,"has_stairs":false}},{"type":"Feature","geometry":{"type":"LineString","coordinates":[[-80.42569342525704,37.22644085321001],[-80.42566151516021,37.226448102760386],[-80.42554608569047,37.22647728021943],[-80.42553130750815,37.22648126611872]]},"properties":{"id":"E7474","from":"N1397","to":"N883","length":15,"steep":false,"has_stairs":false}},{"type":"Feature","geometry":{"type":"LineString","coordinates":[[-80.42393851383703,37.227632555819916],[-80.42392051291233,37.22761168982601],[-80.42397322129298,37.22757363033431],[-80.42402192932036,37.22761815826881],[-80.42408118596391,37.22766317037373],[-80.42409638570788,37.227673764131794]]},"properties":{"id":"E7475","from":"N1398","to":"N1399","length":24.7,"steep":false,"has_stairs":false}},{"type":"Feature","geometry":{"type":"LineString","coordinates":[[-80.42272769474665,37.22609859439394],[-80.4227379820101,37.22612064251299],[-80.4228368319355,37.22609113222638],[-80.42279860451224,37.226035116606155],[-80.42274500866652,37.22596164113124],[-80.42273535341688,37.22594904977923]]},"properties":{"id":"E7476","from":"N1400","to":"N1401","length":30.1,"steep":false,"has_stairs":false}},{"type":"Feature","geometry":{"type":"LineString","coordinates":[[-80.42147121695957,37.22684122047364],[-80.42173067306499,37.226663336939566],[-80.42168009710234,37.2266252249755],[-80.4216188669833,37.22656201901477]]},"properties":{"id":"E7477","from":"N1402","to":"N1254","length":45.4,"steep":false,"has_stairs":false}},{"type":"Feature","geometry":{"type":"LineString","coordinates":[[-80.4216188669833,37.22656201901477],[-80.42160716512613,37.22655217555012]]},"properties":{"id":"E7477-1","from":"N1254","to":"N2","length":1.5,"steep":false,"has_stairs":false}},{"type":"Feature","geometry":{"type":"LineString","coordinates":[[-80.42178525407647,37.227657373579014],[-80.42149087686437,37.22758502341358],[-80.42101893911186,37.227471967347654]]},"properties":{"id":"E7478","from":"N1373","to":"N151","length":70.9,"steep":false,"has_stairs":false}},{"type":"Feature","geometry":{"type":"LineString","coordinates":[[-80.42141327592319,37.226650641377375],[-80.42140873909244,37.22649871955549],[-80.4214223613099,37.22644692470091]]},"properties":{"id":"E7479","from":"N1403","to":"N1067","length":22.8,"steep":false,"has_stairs":false}},{"type":"Feature","geometry":{"type":"LineString","coordinates":[[-80.4208009748214,37.22713708602169],[-80.42081274605019,37.22715297783482],[-80.42082430758867,37.22727449778906],[-80.42079715397135,37.22729329783916]]},"properties":{"id":"E7480","from":"N1253","to":"N150","length":18.8,"steep":false,"has_stairs":false}},{"type":"Feature","geometry":{"type":"LineString","coordinates":[[-80.42058463676531,37.22713167627788],[-80.42070280344149,37.22721261194509]]},"properties":{"id":"E7482","from":"N801","to":"N1404","length":13.8,"steep":false,"has_stairs":false}},{"type":"Feature","geometry":{"type":"LineString","coordinates":[[-80.42005265740832,37.2266778645334],[-80.42008545765809,37.226644352222095]]},"properties":{"id":"E7483","from":"N1405","to":"N1406","length":4.7,"steep":false,"has_stairs":false}},{"type":"Feature","geometry":{"type":"LineString","coordinates":[[-80.41991761962656,37.22680327872602],[-80.41993271037676,37.22678281033251]]},"properties":{"id":"E7484","from":"N477","to":"N1407","length":2.6,"steep":false,"has_stairs":false}},{"type":"Feature","geometry":{"type":"LineString","coordinates":[[-80.41935604565953,37.22801144644588],[-80.41933191875376,37.2280280266488],[-80.41925024152903,37.22809443344612],[-80.41924171567798,37.22810137853967]]},"properties":{"id":"E7486","from":"N1408","to":"N42","length":14.2,"steep":false,"has_stairs":false}},{"type":"Feature","geometry":{"type":"LineString","coordinates":[[-80.41866825562032,37.22764543748988],[-80.41867261535751,37.22766530475432],[-80.41867936649913,37.22775681109]]},"properties":{"id":"E7487","from":"N952","to":"N465","length":12.4,"steep":false,"has_stairs":false}},{"type":"Feature","geometry":{"type":"LineString","coordinates":[[-80.41864750169086,37.227836300129546],[-80.41866555361324,37.22785240010355]]},"properties":{"id":"E7488","from":"N1409","to":"N1410","length":2.4,"steep":false,"has_stairs":false}},{"type":"Feature","geometry":{"type":"LineString","coordinates":[[-80.41812871892365,37.227619782514516],[-80.41810825646469,37.227633627017966]]},"properties":{"id":"E7489","from":"N373","to":"N1411","length":2.4,"steep":false,"has_stairs":false}},{"type":"Feature","geometry":{"type":"LineString","coordinates":[[-80.41810825646469,37.227633627017966],[-80.41808728603324,37.22764673170918],[-80.41807581362022,37.22772764762021],[-80.41807469137851,37.22773808465772]]},"properties":{"id":"E7489-1","from":"N1411","to":"N1412","length":12.6,"steep":false,"has_stairs":false}},{"type":"Feature","geometry":{"type":"LineString","coordinates":[[-80.41792626131615,37.22761486335084],[-80.41793582600049,37.22761717204439],[-80.41810825646469,37.227633627017966]]},"properties":{"id":"E7490","from":"N1269","to":"N1411","length":16.3,"steep":false,"has_stairs":false}},{"type":"Feature","geometry":{"type":"LineString","coordinates":[[-80.41749559236182,37.22741968394956],[-80.417399914335,37.22749145508853]]},"properties":{"id":"E7491","from":"N1413","to":"N1414","length":11.6,"steep":false,"has_stairs":false}},{"type":"Feature","geometry":{"type":"LineString","coordinates":[[-80.41825961856556,37.2270457658306],[-80.41823634076054,37.227024706254674],[-80.41814057239631,37.22695840240522],[-80.41810488971035,37.226939999470154]]},"properties":{"id":"E7492","from":"N372","to":"N754","length":18.1,"steep":false,"has_stairs":false}},{"type":"Feature","geometry":{"type":"LineString","coordinates":[[-80.41810488971035,37.226939999470154],[-80.41771853383072,37.22696015940057]]},"properties":{"id":"E7493","from":"N754","to":"N1415","length":34.3,"steep":false,"has_stairs":false}},{"type":"Feature","geometry":{"type":"LineString","coordinates":[[-80.41759816989274,37.22659361998777],[-80.41762280144688,37.226563900279864],[-80.41750518638668,37.226482854392884],[-80.41753437328781,37.22645729131349]]},"properties":{"id":"E7494","from":"N1416","to":"N1417","length":21.6,"steep":false,"has_stairs":false}},{"type":"Feature","geometry":{"type":"LineString","coordinates":[[-80.41732360279191,37.22655764688097],[-80.41733107352637,37.226560545723665]]},"properties":{"id":"E7495","from":"N1418","to":"N1419","length":0.7,"steep":false,"has_stairs":false}},{"type":"Feature","geometry":{"type":"LineString","coordinates":[[-80.41583140025132,37.22577635445518],[-80.41607149681768,37.2260027244899],[-80.41607618634505,37.226005350184835],[-80.41608122196753,37.226007228600935],[-80.41608648545471,37.22600831563522],[-80.41609185322618,37.22600858576543],[-80.41609719925304,37.226008032649226],[-80.41610239801697,37.22600666927311],[-80.41610732745718,37.22600452764754],[-80.41611746120931,37.226014345727044],[-80.41612478187376,37.226029939810694]]},"properties":{"id":"E7496","from":"N98","to":"N1420","length":39.6,"steep":false,"has_stairs":false}},{"type":"Feature","geometry":{"type":"LineString","coordinates":[[-80.41612478187376,37.226029939810694],[-80.41669238127282,37.22565104459465],[-80.41682568546145,37.22549864729819],[-80.41711144624044,37.225149544243266],[-80.41713145370024,37.22513105882426],[-80.41715419973826,37.22511607126552],[-80.41717907938983,37.22510498018345],[-80.41720543094357,37.22509808056188],[-80.41723255354076,37.22509555590649],[-80.41725972581558,37.225097473364265],[-80.41728622508097,37.22510378193755],[-80.41732309849804,37.22511921020827],[-80.4173574283502,37.2251396831581],[-80.41738852879459,37.22516479177779],[-80.41741577850556,37.22519403444655]]},"properties":{"id":"E7497","from":"N1420","to":"N742","length":165.6,"steep":false,"has_stairs":false}},{"type":"Feature","geometry":{"type":"LineString","coordinates":[[-80.4170303592423,37.22475809574767],[-80.4170505583807,37.22477202595065],[-80.41713369543444,37.22484964858835],[-80.41715010754443,37.22486432796022]]},"properties":{"id":"E7499","from":"N858","to":"N1421","length":15.9,"steep":false,"has_stairs":false}},{"type":"Feature","geometry":{"type":"LineString","coordinates":[[-80.41807068460069,37.225778217855506],[-80.4181471349495,37.22582866669457]]},"properties":{"id":"E7500","from":"N1422","to":"N1423","length":8.8,"steep":false,"has_stairs":false}},{"type":"Feature","geometry":{"type":"LineString","coordinates":[[-80.4183979570088,37.226027619314756],[-80.41834334649738,37.2259727202779],[-80.41824842639566,37.225918945864784]]},"properties":{"id":"E7501","from":"N1424","to":"N1425","length":18.1,"steep":false,"has_stairs":false}},{"type":"Feature","geometry":{"type":"LineString","coordinates":[[-80.41853819047775,37.22530748259635],[-80.41847269044601,37.22537159539003],[-80.41858985511344,37.22562818648954],[-80.41883534249386,37.225563182067255]]},"properties":{"id":"E7502","from":"N1426","to":"N1427","length":62.5,"steep":false,"has_stairs":false}},{"type":"Feature","geometry":{"type":"LineString","coordinates":[[-80.41949166473695,37.2260967386683],[-80.41954315580621,37.226106674342496],[-80.4196088999947,37.226159021408904],[-80.41963442750803,37.22614263015804]]},"properties":{"id":"E7503","from":"N356","to":"N1428","length":15.8,"steep":false,"has_stairs":false}},{"type":"Feature","geometry":{"type":"LineString","coordinates":[[-80.4195609441489,37.22604412367965],[-80.41949940806339,37.22604547046535]]},"properties":{"id":"E7504","from":"N1429","to":"N1430","length":5.5,"steep":false,"has_stairs":false}},{"type":"Feature","geometry":{"type":"LineString","coordinates":[[-80.42074264363062,37.2255665461119],[-80.42080773707475,37.225589276192956],[-80.42089545759832,37.22569658918135],[-80.42090595723482,37.22569161989328]]},"properties":{"id":"E7505","from":"N983","to":"N1431","length":21.6,"steep":false,"has_stairs":false}},{"type":"Feature","geometry":{"type":"LineString","coordinates":[[-80.42273535341688,37.22594904977923],[-80.42271874389654,37.22592596542304],[-80.42259111690657,37.2258676647098],[-80.42252479950669,37.22596847075967],[-80.42251135106477,37.226029179305904]]},"properties":{"id":"E7506","from":"N1401","to":"N1432","length":35.5,"steep":false,"has_stairs":false}},{"type":"Feature","geometry":{"type":"LineString","coordinates":[[-80.42252203593581,37.22561641662122],[-80.42256055922873,37.225613752276274]]},"properties":{"id":"E7507","from":"N515","to":"N1433","length":3.4,"steep":false,"has_stairs":false}},{"type":"Feature","geometry":{"type":"LineString","coordinates":[[-80.4220109538883,37.22487823436183],[-80.42208591151909,37.22497435940665],[-80.42206760347044,37.22498312506971]]},"properties":{"id":"E7508","from":"N1434","to":"N1435","length":14.5,"steep":false,"has_stairs":false}},{"type":"Feature","geometry":{"type":"LineString","coordinates":[[-80.4220882328065,37.22471488681038],[-80.42202209790324,37.22476831556432],[-80.42199562112116,37.224805947987626],[-80.42198578854912,37.22484140047409],[-80.4220109538883,37.22487823436183]]},"properties":{"id":"E7509","from":"N1193","to":"N1434","length":21.8,"steep":false,"has_stairs":false}},{"type":"Feature","geometry":{"type":"LineString","coordinates":[[-80.42241339308326,37.22487434097347],[-80.42241314302949,37.22488095069492],[-80.42241175583953,37.22488741804743],[-80.42240927315504,37.22489354888932],[-80.42240576950307,37.22489915918052],[-80.42240135005878,37.22490408050723],[-80.42239614748824,37.22490816513749],[-80.42235429349242,37.22492744653088],[-80.42247599459608,37.22508096705738],[-80.42248411587583,37.22507785424693]]},"properties":{"id":"E7510-1","from":"N1090","to":"N1436","length":29.5,"steep":false,"has_stairs":false}},{"type":"Feature","geometry":{"type":"LineString","coordinates":[[-80.42329808998782,37.22518279812761],[-80.42326295580564,37.22514993394793],[-80.42321567677011,37.22507294080015]]},"properties":{"id":"E7511","from":"N1200","to":"N1437","length":14.3,"steep":false,"has_stairs":false}},{"type":"Feature","geometry":{"type":"LineString","coordinates":[[-80.42377901151406,37.2259977519722],[-80.42378838854877,37.226011890770444],[-80.42391262522376,37.22609313622059]]},"properties":{"id":"E7512","from":"N139","to":"N341","length":16,"steep":false,"has_stairs":false}},{"type":"Feature","geometry":{"type":"LineString","coordinates":[[-80.42509809622439,37.22558745482327],[-80.42511142415091,37.22559320844853],[-80.42518517787043,37.225743273130604],[-80.42520327723781,37.22577065359864]]},"properties":{"id":"E7514","from":"N554","to":"N323","length":22.7,"steep":false,"has_stairs":false}},{"type":"Feature","geometry":{"type":"LineString","coordinates":[[-80.43682642037174,37.22477959237896],[-80.43683506556468,37.224839789712284],[-80.43683841798743,37.22485841528257],[-80.43684469085974,37.2248762703009],[-80.43685372439965,37.224892899966065],[-80.43708268789159,37.22530314229714],[-80.43708708146096,37.22530691499837],[-80.43709206112597,37.22530987129041],[-80.43709747691311,37.225311922138054],[-80.43710316571405,37.22531300577553],[-80.43710895619809,37.22531308956671],[-80.43711467397209,37.22531217098804],[-80.43712014683275,37.22531027770454],[-80.43715433484833,37.22529716174352]]},"properties":{"id":"E7515","from":"N1153","to":"N1136","length":69.9,"steep":false,"has_stairs":false}},{"type":"Feature","geometry":{"type":"LineString","coordinates":[[-80.43142620979611,37.223231519946914],[-80.43143274855768,37.22322485521166],[-80.43148579555834,37.22325856491542],[-80.43179228046083,37.22323864472416],[-80.43194474659202,37.22307309897267],[-80.43205916913402,37.223058110596476],[-80.43218105188048,37.222944334654365]]},"properties":{"id":"E7516","from":"N1438","to":"N1439","length":83.9,"steep":false,"has_stairs":false}},{"type":"Feature","geometry":{"type":"LineString","coordinates":[[-80.42927925187598,37.22399039365128],[-80.4293805174475,37.22401172024243],[-80.42944519467156,37.223999903504975]]},"properties":{"id":"E7517","from":"N1186","to":"N1129","length":15.1,"steep":false,"has_stairs":false}},{"type":"Feature","geometry":{"type":"LineString","coordinates":[[-80.42945671721732,37.22364137850875],[-80.42949152534283,37.223559778749106],[-80.42951670740138,37.22349498213439],[-80.42960385909824,37.223334739612554],[-80.42967809343857,37.22322907810781],[-80.4297391535799,37.22316798678998],[-80.42975769626408,37.223162449260656],[-80.429776917905,37.22316020785756],[-80.4297962372048,37.223161330364846],[-80.42991157778732,37.2232023735675]]},"properties":{"id":"E7518","from":"N1123","to":"N1120","length":75.1,"steep":false,"has_stairs":false}},{"type":"Feature","geometry":{"type":"LineString","coordinates":[[-80.42554821541785,37.22376111441047],[-80.4255149951012,37.224001885035875],[-80.42550859577332,37.22402075412617]]},"properties":{"id":"E7519","from":"N1440","to":"N1441","length":29.1,"steep":false,"has_stairs":false}},{"type":"Feature","geometry":{"type":"LineString","coordinates":[[-80.42550859577332,37.22402075412617],[-80.4255640169529,37.22403685542195],[-80.42562142998516,37.22404307318125],[-80.42564011916451,37.2240461287185],[-80.42565825231824,37.22405158861491],[-80.42567552150948,37.22405936015063],[-80.42570081529935,37.224068962544045],[-80.42571822996887,37.22407483121459],[-80.42573634854412,37.22407790192109],[-80.4257547244299,37.22407809897533],[-80.42602567648557,37.22407367805979],[-80.42602465467316,37.22403363272992],[-80.42588948254584,37.224035360627305]]},"properties":{"id":"E7520","from":"N1441","to":"N1442","length":63.4,"steep":false,"has_stairs":false}},{"type":"Feature","geometry":{"type":"LineString","coordinates":[[-80.42545875729577,37.22304934573854],[-80.42544241098793,37.223049975608205],[-80.42531488945397,37.22310298812308]]},"properties":{"id":"E7521","from":"N1443","to":"N125","length":14.2,"steep":false,"has_stairs":false}},{"type":"Feature","geometry":{"type":"LineString","coordinates":[[-80.42571606374455,37.22276315570902],[-80.42560689549747,37.222771854085686],[-80.4255846288464,37.222773977130245],[-80.42556300666517,37.22277970359049],[-80.42554260806561,37.22278888009332],[-80.4255239793881,37.22280126086236],[-80.42550761956876,37.22281651430064],[-80.42549396677639,37.22283423187182],[-80.42548338667686,37.22285393904213],[-80.42547616263938,37.22287510798993],[-80.42546748611154,37.22292669022451]]},"properties":{"id":"E7522","from":"N171","to":"N884","length":33.1,"steep":false,"has_stairs":false}},{"type":"Feature","geometry":{"type":"LineString","coordinates":[[-80.42548625090237,37.22284440706947],[-80.4254695930909,37.22283852304934],[-80.42537689988235,37.22280843254418],[-80.425365468259,37.222804319900874]]},"properties":{"id":"E7523","from":"N1444","to":"N872","length":11.6,"steep":false,"has_stairs":false}},{"type":"Feature","geometry":{"type":"LineString","coordinates":[[-80.42470043771849,37.223433778245536],[-80.42471300941064,37.22345479754233],[-80.42471428556831,37.22356327759254],[-80.42472575107996,37.2235744179459]]},"properties":{"id":"E7524","from":"N855","to":"N926","length":16.3,"steep":false,"has_stairs":false}},{"type":"Feature","geometry":{"type":"LineString","coordinates":[[-80.42453653238228,37.2226852212619],[-80.4246920572965,37.22302078063694]]},"properties":{"id":"E7525","from":"N1216","to":"N720","length":39.8,"steep":false,"has_stairs":false}},{"type":"Feature","geometry":{"type":"LineString","coordinates":[[-80.4245021474811,37.222937092744914],[-80.42463597764777,37.22289978493257]]},"properties":{"id":"E7526","from":"N1445","to":"N1446","length":12.6,"steep":false,"has_stairs":false}},{"type":"Feature","geometry":{"type":"LineString","coordinates":[[-80.4239397532668,37.22313444788593],[-80.42392069672073,37.22313995439563],[-80.42379734655127,37.22317626049264],[-80.42378879017072,37.22318267737977]]},"properties":{"id":"E7527","from":"N1447","to":"N199","length":14.5,"steep":false,"has_stairs":false}},{"type":"Feature","geometry":{"type":"LineString","coordinates":[[-80.42422331965989,37.22354815194058],[-80.42443259128633,37.22366738753986],[-80.42446128267548,37.223670264411]]},"properties":{"id":"E7528","from":"N1448","to":"N1449","length":25.3,"steep":false,"has_stairs":false}},{"type":"Feature","geometry":{"type":"LineString","coordinates":[[-80.42401224505919,37.22365219293911],[-80.42383850658362,37.22383334436782]]},"properties":{"id":"E7529","from":"N1450","to":"N1451","length":25.3,"steep":false,"has_stairs":false}},{"type":"Feature","geometry":{"type":"LineString","coordinates":[[-80.42309587054321,37.223760167787],[-80.42309470422785,37.22378278012328],[-80.42312460131836,37.22384598660812],[-80.4231725512341,37.223940055361105]]},"properties":{"id":"E7530","from":"N203","to":"N1452","length":21.3,"steep":false,"has_stairs":false}},{"type":"Feature","geometry":{"type":"LineString","coordinates":[[-80.42290066824911,37.22344904035576],[-80.42283071840247,37.22346847320794],[-80.42276419373127,37.22346357599858],[-80.42275375076663,37.22346557661609]]},"properties":{"id":"E7532","from":"N1453","to":"N1271","length":13.4,"steep":false,"has_stairs":false}},{"type":"Feature","geometry":{"type":"LineString","coordinates":[[-80.42276920325884,37.22325738835791],[-80.42259251601875,37.2232050584344]]},"properties":{"id":"E7533","from":"N902","to":"N906","length":16.7,"steep":false,"has_stairs":false}},{"type":"Feature","geometry":{"type":"LineString","coordinates":[[-80.42263845393398,37.22295402870029],[-80.42264989036138,37.22299070785342],[-80.42265529599237,37.22302874640359],[-80.42265453087191,37.2230671595099],[-80.42264761480942,37.22310495263395],[-80.42263472686591,37.223141147289056],[-80.42261620071798,37.22317480637385],[-80.42259251601875,37.2232050584344]]},"properties":{"id":"E7534","from":"N892","to":"N906","length":29.2,"steep":false,"has_stairs":false}},{"type":"Feature","geometry":{"type":"LineString","coordinates":[[-80.42276594817767,37.223059120614714],[-80.42265043030966,37.2230928067756]]},"properties":{"id":"E7535","from":"N533","to":"N1454","length":10.9,"steep":false,"has_stairs":false}},{"type":"Feature","geometry":{"type":"LineString","coordinates":[[-80.42195273870112,37.22285800953043],[-80.42194644240796,37.222866590105816],[-80.42194165902247,37.22287609740853],[-80.42193852147288,37.2228862672347],[-80.42193711695036,37.2228968169692],[-80.42193748448598,37.22290745343944]]},"properties":{"id":"E7536","from":"N751","to":"N887","length":5.8,"steep":false,"has_stairs":false}},{"type":"Feature","geometry":{"type":"LineString","coordinates":[[-80.42193748448598,37.22290745343944],[-80.42193961386607,37.22291788106247],[-80.4219434459161,37.222927810059105],[-80.42194887414503,37.22293696450679],[-80.42195574770469,37.22294509000734],[-80.42196387558181,37.22295196075658]]},"properties":{"id":"E7536-1","from":"N887","to":"N1455","length":5.6,"steep":false,"has_stairs":false}},{"type":"Feature","geometry":{"type":"LineString","coordinates":[[-80.42226480448511,37.223798255112435],[-80.42227524905184,37.223829153098045]]},"properties":{"id":"E7537","from":"N115","to":"N1456","length":3.6,"steep":false,"has_stairs":false}},{"type":"Feature","geometry":{"type":"LineString","coordinates":[[-80.42211545138433,37.22373617087092],[-80.42206026561654,37.2238559945378],[-80.42199258999139,37.22396202104104],[-80.42191294626039,37.22407434404902]]},"properties":{"id":"E7538","from":"N1457","to":"N1458","length":41.8,"steep":false,"has_stairs":false}},{"type":"Feature","geometry":{"type":"LineString","coordinates":[[-80.42174484213855,37.22361464341293],[-80.42167991095198,37.223627537985344],[-80.42165959227131,37.22363546292079],[-80.4216408082784,37.22364654511357],[-80.4216240456413,37.22366049743894],[-80.4216097386574,37.223676958410906],[-80.42159825800145,37.22369550154779],[-80.42158990112182,37.2237156464218],[-80.42158488453406,37.22373687110633],[-80.42158295387081,37.22377033268645],[-80.42158661153117,37.22380364974402],[-80.4215957557684,37.22383589548374],[-80.42160568553683,37.22386867386676]]},"properties":{"id":"E7539","from":"N1459","to":"N1460","length":36.3,"steep":false,"has_stairs":false}},{"type":"Feature","geometry":{"type":"LineString","coordinates":[[-80.42134997568984,37.223583977606424],[-80.42171091553828,37.223510780494756]]},"properties":{"id":"E7540","from":"N955","to":"N1461","length":33,"steep":false,"has_stairs":false}},{"type":"Feature","geometry":{"type":"LineString","coordinates":[[-80.4215341126925,37.223916600239306],[-80.42164883622377,37.22383978018058],[-80.42168859146986,37.223813159812174]]},"properties":{"id":"E7541","from":"N258","to":"N759","length":17.9,"steep":false,"has_stairs":false}},{"type":"Feature","geometry":{"type":"LineString","coordinates":[[-80.42186601917226,37.2243998317731],[-80.4219090527424,37.22437358967182],[-80.42195201466059,37.22432758181321],[-80.42197305882266,37.22431880676288]]},"properties":{"id":"E7542","from":"N1083","to":"N1462","length":13.3,"steep":false,"has_stairs":false}},{"type":"Feature","geometry":{"type":"LineString","coordinates":[[-80.4214363409165,37.22414479656585],[-80.42156702957608,37.224266801685395],[-80.42148581382746,37.22431639014151]]},"properties":{"id":"E7543","from":"N1463","to":"N1464","length":26.9,"steep":false,"has_stairs":false}},{"type":"Feature","geometry":{"type":"LineString","coordinates":[[-80.4215341126925,37.223916600239306],[-80.42136613830743,37.223770369019626],[-80.42132901486735,37.22373186580055]]},"properties":{"id":"E7545","from":"N258","to":"N219","length":27.4,"steep":false,"has_stairs":false}},{"type":"Feature","geometry":{"type":"LineString","coordinates":[[-80.42132901486735,37.22373186580055],[-80.42115311157889,37.22356677785623],[-80.42110937396949,37.223422980053975],[-80.42107620754156,37.22326804158745],[-80.4210470137886,37.22317858866083]]},"properties":{"id":"E7546","from":"N219","to":"N1465","length":68.3,"steep":false,"has_stairs":false}},{"type":"Feature","geometry":{"type":"LineString","coordinates":[[-80.42048213205578,37.22259569583202],[-80.42051901344989,37.222631723819674],[-80.42056556896932,37.22276416850028]]},"properties":{"id":"E7547","from":"N299","to":"N1466","length":20.5,"steep":false,"has_stairs":false}},{"type":"Feature","geometry":{"type":"LineString","coordinates":[[-80.4209952930143,37.222519498540976],[-80.42088743527137,37.22254386884316],[-80.42082525854379,37.22264920854859],[-80.42066432839566,37.22268229878137]]},"properties":{"id":"E7549","from":"N1467","to":"N1468","length":37.6,"steep":false,"has_stairs":false}},{"type":"Feature","geometry":{"type":"LineString","coordinates":[[-80.42066432839566,37.22268229878137],[-80.4207579477118,37.22299220236295],[-80.42076832287151,37.22307868813931]]},"properties":{"id":"E7550","from":"N1468","to":"N1469","length":45.1,"steep":false,"has_stairs":false}},{"type":"Feature","geometry":{"type":"LineString","coordinates":[[-80.42081753034874,37.222650797995264],[-80.42082732522302,37.22267182862817]]},"properties":{"id":"E7551","from":"N1470","to":"N1471","length":2.5,"steep":false,"has_stairs":false}},{"type":"Feature","geometry":{"type":"LineString","coordinates":[[-80.42082732522302,37.22267182862817],[-80.42083706973712,37.222679277888595],[-80.42084551957909,37.22268816873818],[-80.42085246388598,37.222698279308766],[-80.42085772936494,37.22270935729446],[-80.4208611846177,37.22272112624786],[-80.42086274341962,37.22273329247869],[-80.4208623668713,37.222745552382726],[-80.42086006436936,37.222757600018205],[-80.420855893372,37.22276913474043],[-80.42085099579782,37.2227817332435]]},"properties":{"id":"E7551-1","from":"N1471","to":"N1472","length":13.3,"steep":false,"has_stairs":false}},{"type":"Feature","geometry":{"type":"LineString","coordinates":[[-80.42085099579782,37.2227817332435],[-80.42096046433394,37.22295283915695],[-80.42100863398896,37.22302914451587]]},"properties":{"id":"E7551-2","from":"N1472","to":"N1473","length":30.8,"steep":false,"has_stairs":false}},{"type":"Feature","geometry":{"type":"LineString","coordinates":[[-80.42082732522302,37.22267182862817],[-80.42082207153221,37.22268595822678],[-80.42081917033688,37.22270075112676],[-80.42081869790798,37.22271581843026],[-80.42082066666542,37.222730764025535],[-80.42082502485158,37.22274519500047],[-80.42083165789194,37.22275873197204],[-80.42084039140725,37.22277101906016],[-80.42085099579782,37.2227817332435]]},"properties":{"id":"E7552","from":"N1471","to":"N1472","length":13,"steep":false,"has_stairs":false}},{"type":"Feature","geometry":{"type":"LineString","coordinates":[[-80.42009854010463,37.22301781390019],[-80.42015270297554,37.223016204158675],[-80.42020661746373,37.22302162963713],[-80.42025937362436,37.223033998766745],[-80.42031008106238,37.22305310278683],[-80.42035788396011,37.2230786192682],[-80.42040197552144,37.22311011755501],[-80.42044161158857,37.22314706603313],[-80.42047800780256,37.223219164902986]]},"properties":{"id":"E7553","from":"N1474","to":"N881","length":43.8,"steep":false,"has_stairs":false}},{"type":"Feature","geometry":{"type":"LineString","coordinates":[[-80.42026909111763,37.223173964110956],[-80.42026447115651,37.22312114915614],[-80.42026452023757,37.223068132544746],[-80.42026923797943,37.22301532623447],[-80.42027858772356,37.222963140548906],[-80.42029249681917,37.222911980989174],[-80.42039723029762,37.22266847402899],[-80.42039932605182,37.22265720205738],[-80.42039950988251,37.22264573838711],[-80.4203977766262,37.222634405013714],[-80.42039417496719,37.222623520272926],[-80.42038880607011,37.222613389899095],[-80.4203818207384,37.22260429843767]]},"properties":{"id":"E7554","from":"N1475","to":"N1476","length":65.4,"steep":false,"has_stairs":false}},{"type":"Feature","geometry":{"type":"LineString","coordinates":[[-80.41996493336471,37.22289548875561],[-80.419954517633,37.222884070405826],[-80.41986571158736,37.222806567168234],[-80.41985906851035,37.22279857810903]]},"properties":{"id":"E7555","from":"N744","to":"N1477","length":14.3,"steep":false,"has_stairs":false}},{"type":"Feature","geometry":{"type":"LineString","coordinates":[[-80.42051332299172,37.22338906047118],[-80.42052591600658,37.223436780847116],[-80.42054378391154,37.22348278689319],[-80.42056670104223,37.2235264975718],[-80.42059437796465,37.22356736083486],[-80.42062646513054,37.22360486059604],[-80.42066255729206,37.22363852324863],[-80.42073508702353,37.2236964436491]]},"properties":{"id":"E7556","from":"N580","to":"N579","length":40.3,"steep":false,"has_stairs":false}},{"type":"Feature","geometry":{"type":"LineString","coordinates":[[-80.4207570721745,37.22375919632002],[-80.42093613059899,37.22379123950516]]},"properties":{"id":"E7557","from":"N1478","to":"N1479","length":16.2,"steep":false,"has_stairs":false}},{"type":"Feature","geometry":{"type":"LineString","coordinates":[[-80.4191647987524,37.22327948210404],[-80.41917565897292,37.22328781722214],[-80.41926354702576,37.22336570272],[-80.41927691343793,37.22337703709924]]},"properties":{"id":"E7562","from":"N591","to":"N821","length":14.7,"steep":false,"has_stairs":false}},{"type":"Feature","geometry":{"type":"LineString","coordinates":[[-80.41791749811168,37.223586492089424],[-80.41777964588893,37.22367530987833]]},"properties":{"id":"E7563","from":"N1480","to":"N1481","length":15.7,"steep":false,"has_stairs":false}},{"type":"Feature","geometry":{"type":"LineString","coordinates":[[-80.42009586704702,37.22262287892296],[-80.42026060435815,37.22250760546605]]},"properties":{"id":"E7564","from":"N1085","to":"N1084","length":19.4,"steep":false,"has_stairs":false}},{"type":"Feature","geometry":{"type":"LineString","coordinates":[[-80.41971285022296,37.22214342018994],[-80.41960570312851,37.2222283024153],[-80.41954218149971,37.22227031132957],[-80.41953318086217,37.22227540033198],[-80.41977809382577,37.22250196489809],[-80.41983441876803,37.222559233695456],[-80.4198432992197,37.22257350319318],[-80.4198497797954,37.222589010711545],[-80.41985369320243,37.222605355932025],[-80.41985493841824,37.22262211691125],[-80.41985348329821,37.22263886097327],[-80.41984936540551,37.222655155878826],[-80.41984269104142,37.2226705809834],[-80.41983363250117,37.222684738095936],[-80.41982242362624,37.22269726175795],[-80.41979835451214,37.22273580718564],[-80.41985906851035,37.22279857810903]]},"properties":{"id":"E7565","from":"N256","to":"N1477","length":92.9,"steep":false,"has_stairs":false}},{"type":"Feature","geometry":{"type":"LineString","coordinates":[[-80.42032569765843,37.22240613107901],[-80.42033455916956,37.22241542152152]]},"properties":{"id":"E7566","from":"N1482","to":"N1483","length":1.3,"steep":false,"has_stairs":false}},{"type":"Feature","geometry":{"type":"LineString","coordinates":[[-80.42210483264229,37.221931307100135],[-80.42206197614718,37.22196143635369]]},"properties":{"id":"E7567","from":"N917","to":"N1484","length":5.1,"steep":false,"has_stairs":false}},{"type":"Feature","geometry":{"type":"LineString","coordinates":[[-80.42234795305303,37.22184492729607],[-80.422484026822,37.22177489856973],[-80.42267387971714,37.22166607492216]]},"properties":{"id":"E7568","from":"N1485","to":"N205","length":35.1,"steep":false,"has_stairs":false}},{"type":"Feature","geometry":{"type":"LineString","coordinates":[[-80.42226769390035,37.22185481913552],[-80.42227241323296,37.221860961178756],[-80.42227811964025,37.22186619889878],[-80.42228464267066,37.221870375843814],[-80.42229178747986,37.22187336724762],[-80.42229934065094,37.22187508375633],[-80.42230707656906,37.22187547409748],[-80.42231476416072,37.221874526611494],[-80.42232217379596,37.22187226959997]]},"properties":{"id":"E7572","from":"N918","to":"N910","length":5.8,"steep":false,"has_stairs":false}},{"type":"Feature","geometry":{"type":"LineString","coordinates":[[-80.42232217379596,37.22187226959997],[-80.42232908414739,37.221868770480334],[-80.42233528880139,37.22186413377201],[-80.42234060242363,37.22185849797445],[-80.42234486629509,37.22185203143013],[-80.42234795305303,37.22184492729607]]},"properties":{"id":"E7572-1","from":"N910","to":"N1485","length":3.9,"steep":false,"has_stairs":false}},{"type":"Feature","geometry":{"type":"LineString","coordinates":[[-80.42234510083208,37.22183764802785],[-80.42234103317122,37.22183097142352],[-80.42233587255355,37.221825098525144],[-80.42232977437259,37.22182020617406],[-80.42232292225326,37.22181644168592],[-80.42231552252264,37.22181391841483],[-80.42230779799716,37.22181271234008],[-80.42229998127328,37.2218128597783],[-80.42229230772371,37.221814356289904]]},"properties":{"id":"E7572-3","from":"N1485","to":"N909","length":5.9,"steep":false,"has_stairs":false}},{"type":"Feature","geometry":{"type":"LineString","coordinates":[[-80.42229230772371,37.221814356289904],[-80.42228683932059,37.22181631167103],[-80.42228178119039,37.22181916513678],[-80.42227727953873,37.22182283420753],[-80.42227346448615,37.221827212828515],[-80.42227044630705,37.22183217443539],[-80.4222683122421,37.221837575612554],[-80.4222671239766,37.22184326023857],[-80.42226691585745,37.22184906399893]]},"properties":{"id":"E7572-4","from":"N909","to":"N918","length":4.8,"steep":false,"has_stairs":false}},{"type":"Feature","geometry":{"type":"LineString","coordinates":[[-80.42246530735932,37.22202493427936],[-80.42254889989317,37.22201918167794],[-80.42280475884289,37.22187908973327],[-80.42307369294726,37.22178409163602],[-80.42313277307605,37.22176986937466]]},"properties":{"id":"E7573","from":"N732","to":"N1486","length":66.4,"steep":false,"has_stairs":false}},{"type":"Feature","geometry":{"type":"LineString","coordinates":[[-80.42333897628572,37.221851922156674],[-80.42330901103428,37.221858336369415],[-80.42320781776662,37.221888319760765]]},"properties":{"id":"E7574","from":"N1487","to":"N1488","length":12.3,"steep":false,"has_stairs":false}},{"type":"Feature","geometry":{"type":"LineString","coordinates":[[-80.42320781776662,37.221888319760765],[-80.42319152388201,37.22189223634558]]},"properties":{"id":"E7574-1","from":"N1488","to":"N1489","length":1.5,"steep":false,"has_stairs":false}},{"type":"Feature","geometry":{"type":"LineString","coordinates":[[-80.42327702804887,37.22171819261771],[-80.42325152916375,37.22172628523024],[-80.42320781776662,37.221888319760765]]},"properties":{"id":"E7575","from":"N843","to":"N1488","length":20.9,"steep":false,"has_stairs":false}},{"type":"Feature","geometry":{"type":"LineString","coordinates":[[-80.42252026881897,37.22148759603389],[-80.4225523021275,37.22150640676295]]},"properties":{"id":"E7576","from":"N208","to":"N1490","length":3.5,"steep":false,"has_stairs":false}},{"type":"Feature","geometry":{"type":"LineString","coordinates":[[-80.42246812161682,37.22100861096401],[-80.4224998371957,37.22103265521732],[-80.42254243750969,37.221078251176095],[-80.42257303858406,37.221122475243895],[-80.42257372707687,37.22115313555931]]},"properties":{"id":"E7577","from":"N1491","to":"N158","length":19.2,"steep":false,"has_stairs":false}},{"type":"Feature","geometry":{"type":"LineString","coordinates":[[-80.42497544610386,37.22234753934713],[-80.42513006191537,37.222298873781256]]},"properties":{"id":"E7579","from":"N873","to":"N352","length":14.7,"steep":false,"has_stairs":false}},{"type":"Feature","geometry":{"type":"LineString","coordinates":[[-80.42562195927624,37.22101466610334],[-80.42575136459065,37.22102830655127],[-80.42579858862975,37.221028529261304]]},"properties":{"id":"E7580","from":"N196","to":"N186","length":15.7,"steep":false,"has_stairs":false}},{"type":"Feature","geometry":{"type":"LineString","coordinates":[[-80.4253013423936,37.220682319198836],[-80.42530842859767,37.22073773588432],[-80.42530847185712,37.220793603777125],[-80.42530147148165,37.22084903137008],[-80.42528753917912,37.220903134182066],[-80.42523425045117,37.221058528308205],[-80.42504031508379,37.22140488996831],[-80.42493232972527,37.22159274972823]]},"properties":{"id":"E7581","from":"N982","to":"N1492","length":107.8,"steep":false,"has_stairs":false}},{"type":"Feature","geometry":{"type":"LineString","coordinates":[[-80.42493232972527,37.22159274972823],[-80.4249611919327,37.221597758818454],[-80.42506628071342,37.22162250293877],[-80.42508601837515,37.2216297572009]]},"properties":{"id":"E7582","from":"N1492","to":"N348","length":14.2,"steep":false,"has_stairs":false}},{"type":"Feature","geometry":{"type":"LineString","coordinates":[[-80.42536596428707,37.22236265186479],[-80.4254652617073,37.22226785207528]]},"properties":{"id":"E7583","from":"N1493","to":"N1494","length":13.7,"steep":false,"has_stairs":false}},{"type":"Feature","geometry":{"type":"LineString","coordinates":[[-80.42772359037998,37.22086837203145],[-80.42760107512261,37.22069738156952]]},"properties":{"id":"E7584","from":"N1495","to":"N1496","length":21.9,"steep":false,"has_stairs":false}},{"type":"Feature","geometry":{"type":"LineString","coordinates":[[-80.42846661460192,37.219340477594926],[-80.42739707974391,37.21983273224155],[-80.42696791470071,37.2200282457492]]},"properties":{"id":"E7585","from":"N1497","to":"N1116","length":153.2,"steep":false,"has_stairs":false}},{"type":"Feature","geometry":{"type":"LineString","coordinates":[[-80.42696791470071,37.2200282457492],[-80.4269465607974,37.21999766684854]]},"properties":{"id":"E7585-1","from":"N1116","to":"N1498","length":3.9,"steep":false,"has_stairs":false}},{"type":"Feature","geometry":{"type":"LineString","coordinates":[[-80.42658229205587,37.22036429598679],[-80.4264801369024,37.220240632810594],[-80.42647647859745,37.220214929349034]]},"properties":{"id":"E7586","from":"N369","to":"N1499","length":19.3,"steep":false,"has_stairs":false}},{"type":"Feature","geometry":{"type":"LineString","coordinates":[[-80.42629748443345,37.220262856324254],[-80.42644042965111,37.22039931275544]]},"properties":{"id":"E7587","from":"N145","to":"N971","length":19.8,"steep":false,"has_stairs":false}},{"type":"Feature","geometry":{"type":"LineString","coordinates":[[-80.42546810088501,37.22054367557622],[-80.42522612343815,37.22058292514818],[-80.42520759493344,37.22059969470702]]},"properties":{"id":"E7589","from":"N970","to":"N1500","length":24.3,"steep":false,"has_stairs":false}},{"type":"Feature","geometry":{"type":"LineString","coordinates":[[-80.42512953626081,37.220465704315544],[-80.4251326385859,37.22048363340219],[-80.42515007430299,37.22056188858576],[-80.42515401224372,37.22059495009695]]},"properties":{"id":"E7590","from":"N1501","to":"N981","length":14.5,"steep":false,"has_stairs":false}},{"type":"Feature","geometry":{"type":"LineString","coordinates":[[-80.42531333318537,37.22043618068931],[-80.42540615599829,37.22030666093707],[-80.42540968635379,37.220290336094784]]},"properties":{"id":"E7591","from":"N1502","to":"N1503","length":18.4,"steep":false,"has_stairs":false}},{"type":"Feature","geometry":{"type":"LineString","coordinates":[[-80.42402425489139,37.21938611895653],[-80.42411241653937,37.219343136240745]]},"properties":{"id":"E7592","from":"N1504","to":"N1204","length":9.2,"steep":false,"has_stairs":false}},{"type":"Feature","geometry":{"type":"LineString","coordinates":[[-80.42395305111062,37.21928920569827],[-80.42391961555956,37.21930856589586],[-80.4239057527148,37.219385469379674]]},"properties":{"id":"E7593","from":"N608","to":"N615","length":12.3,"steep":false,"has_stairs":false}},{"type":"Feature","geometry":{"type":"LineString","coordinates":[[-80.4239057527148,37.219385469379674],[-80.42400409087,37.21939398958969],[-80.42402425489139,37.21938611895653]]},"properties":{"id":"E7594","from":"N615","to":"N1504","length":10.7,"steep":false,"has_stairs":false}},{"type":"Feature","geometry":{"type":"LineString","coordinates":[[-80.42485989687019,37.21942740538106],[-80.42487620794512,37.219440627967636],[-80.42486029434,37.21947141123718],[-80.42485936826034,37.21952865779146],[-80.4248432126161,37.219549905829275],[-80.42497915964817,37.2200728796204]]},"properties":{"id":"E7595","from":"N1505","to":"N443","length":74.3,"steep":false,"has_stairs":false}},{"type":"Feature","geometry":{"type":"LineString","coordinates":[[-80.42441502551395,37.21850926234227],[-80.4245908210584,37.218585874593536]]},"properties":{"id":"E7596","from":"N536","to":"N1506","length":17.7,"steep":false,"has_stairs":false}},{"type":"Feature","geometry":{"type":"LineString","coordinates":[[-80.42395706875595,37.220642697035],[-80.42394765498304,37.22061006814024],[-80.42395484936304,37.22047116509425]]},"properties":{"id":"E7597","from":"N600","to":"N1507","length":19.2,"steep":false,"has_stairs":false}},{"type":"Feature","geometry":{"type":"LineString","coordinates":[[-80.41962221363595,37.2209374141903],[-80.41963813034363,37.22085564882971],[-80.41962588928246,37.22084449988132]]},"properties":{"id":"E7598","from":"N1212","to":"N1205","length":10.8,"steep":false,"has_stairs":false}},{"type":"Feature","geometry":{"type":"LineString","coordinates":[[-80.41949382484572,37.22085426621538],[-80.41962588928246,37.22084449988132]]},"properties":{"id":"E7599","from":"N154","to":"N1205","length":11.7,"steep":false,"has_stairs":false}},{"type":"Feature","geometry":{"type":"LineString","coordinates":[[-80.41889497044825,37.21922306755205],[-80.41898074500567,37.21918884201352]]},"properties":{"id":"E7600","from":"N1508","to":"N367","length":8.5,"steep":false,"has_stairs":false}},{"type":"Feature","geometry":{"type":"LineString","coordinates":[[-80.41898074500567,37.21918884201352],[-80.41903077674125,37.2191642590504]]},"properties":{"id":"E7600-1","from":"N367","to":"N1509","length":5.2,"steep":false,"has_stairs":false}},{"type":"Feature","geometry":{"type":"LineString","coordinates":[[-80.41940341348086,37.21942054836971],[-80.41916536196298,37.21948373002522]]},"properties":{"id":"E7601","from":"N1510","to":"N366","length":22.2,"steep":false,"has_stairs":false}},{"type":"Feature","geometry":{"type":"LineString","coordinates":[[-80.41932363985985,37.22028274079672],[-80.41930846068786,37.22039968285823],[-80.4192156317091,37.22068925722072],[-80.41914159595719,37.22087310663399]]},"properties":{"id":"E7602","from":"N363","to":"N1511","length":67.8,"steep":false,"has_stairs":false}},{"type":"Feature","geometry":{"type":"LineString","coordinates":[[-80.41954998022209,37.22051651341065],[-80.41928942528727,37.22045906328761],[-80.41904415439635,37.22040770190425]]},"properties":{"id":"E7603","from":"N1512","to":"N1513","length":46.4,"steep":false,"has_stairs":false}},{"type":"Feature","geometry":{"type":"LineString","coordinates":[[-80.41303034865861,37.21939360140917],[-80.41306914371846,37.21949111392792]]},"properties":{"id":"E7604","from":"N1514","to":"N1515","length":11.4,"steep":false,"has_stairs":false}},{"type":"Feature","geometry":{"type":"LineString","coordinates":[[-80.41305961438701,37.219467162738525],[-80.4146167291926,37.21900004216189],[-80.41481572918266,37.21888366165671],[-80.41500378060806,37.218763128693496],[-80.4152268263878,37.21862239316458],[-80.41536735268687,37.218519957006436],[-80.41545534847884,37.21845554473606],[-80.41554860213745,37.218397333498054],[-80.41602155451005,37.21806174080216]]},"properties":{"id":"E7605","from":"N1516","to":"N1517","length":309.8,"steep":false,"has_stairs":false}},{"type":"Feature","geometry":{"type":"LineString","coordinates":[[-80.41597271577082,37.21801722533151],[-80.41602155451005,37.21806174080216]]},"properties":{"id":"E7606","from":"N1518","to":"N1517","length":6.6,"steep":false,"has_stairs":false}},{"type":"Feature","geometry":{"type":"LineString","coordinates":[[-80.41602155451005,37.21806174080216],[-80.41602972516928,37.21806938441393],[-80.41609446322934,37.218113901314176]]},"properties":{"id":"E7606-1","from":"N1517","to":"N787","length":8.7,"steep":false,"has_stairs":false}},{"type":"Feature","geometry":{"type":"LineString","coordinates":[[-80.41609446322934,37.218113901314176],[-80.41609360128085,37.21812860438763]]},"properties":{"id":"E7606-2","from":"N787","to":"N612","length":1.6,"steep":false,"has_stairs":false}},{"type":"Feature","geometry":{"type":"LineString","coordinates":[[-80.41474295583095,37.21922106326664],[-80.41472315285127,37.21922662997909],[-80.41476919523063,37.21932551332026],[-80.41475733374857,37.219328090537566],[-80.41468937392169,37.21918802181545],[-80.41464667657853,37.21914987646961],[-80.4150099914503,37.218923236001864]]},"properties":{"id":"E7607","from":"N1519","to":"N1520","length":77.9,"steep":false,"has_stairs":false}},{"type":"Feature","geometry":{"type":"LineString","coordinates":[[-80.41537611887637,37.21851354092931],[-80.41538424442784,37.218520606694646],[-80.41538661532299,37.218614046376345],[-80.41538688859785,37.21862201827795],[-80.41539074453954,37.21864038419385],[-80.41548109376038,37.218724141258825]]},"properties":{"id":"E7608","from":"N1521","to":"N1522","length":26.7,"steep":false,"has_stairs":false}},{"type":"Feature","geometry":{"type":"LineString","coordinates":[[-80.41807313947012,37.218588826460504],[-80.41807318562212,37.218676155379065],[-80.41807174650081,37.21869021622537]]},"properties":{"id":"E7609","from":"N376","to":"N1523","length":11.3,"steep":false,"has_stairs":false}},{"type":"Feature","geometry":{"type":"LineString","coordinates":[[-80.4181122633472,37.21775921712552],[-80.41807616211706,37.217689974331876],[-80.41807335120663,37.21761718023788]]},"properties":{"id":"E7610","from":"N377","to":"N1524","length":16.4,"steep":false,"has_stairs":false}},{"type":"Feature","geometry":{"type":"LineString","coordinates":[[-80.41907486889419,37.21746488028704],[-80.41909768662768,37.21746174323669],[-80.4192768604575,37.21743001753764]]},"properties":{"id":"E7611","from":"N335","to":"N238","length":18.3,"steep":false,"has_stairs":false}},{"type":"Feature","geometry":{"type":"LineString","coordinates":[[-80.41881484957045,37.21724181724864],[-80.41889003609015,37.21727053183657],[-80.41899008970033,37.21733567474372],[-80.41907486889419,37.21746488028704]]},"properties":{"id":"E7612","from":"N1525","to":"N335","length":35,"steep":false,"has_stairs":false}},{"type":"Feature","geometry":{"type":"LineString","coordinates":[[-80.41927873273282,37.21742994473114],[-80.41922142813817,37.217260571268554],[-80.41900989297076,37.217293621606245],[-80.41896995590938,37.21732256669402]]},"properties":{"id":"E7613","from":"N238","to":"N1526","length":43.4,"steep":false,"has_stairs":false}},{"type":"Feature","geometry":{"type":"LineString","coordinates":[[-80.41749913076247,37.21398621959684],[-80.41752348182543,37.21406451757997],[-80.41725584549584,37.21415113560339],[-80.41719952818002,37.21416453401411],[-80.41714222303303,37.21417273630648],[-80.41708440843813,37.21417567400778],[-80.41702656703146,37.214173322594064],[-80.41696918167297,37.214165701694945],[-80.41691273141552,37.214152874929674],[-80.41685768750578,37.21413494937605],[-80.41575286009919,37.21368877640279]]},"properties":{"id":"E7615","from":"N1527","to":"N1528","length":180.5,"steep":false,"has_stairs":false}},{"type":"Feature","geometry":{"type":"LineString","coordinates":[[-80.41579052710883,37.213998168870276],[-80.41686193153053,37.214184660038164],[-80.4169043819682,37.214184997556764],[-80.4169465009022,37.214179691996144],[-80.41698754151585,37.21416883742995]]},"properties":{"id":"E7616","from":"N1529","to":"N1530","length":108.5,"steep":false,"has_stairs":false}},{"type":"Feature","geometry":{"type":"LineString","coordinates":[[-80.42680453366022,37.217457961412514],[-80.42681263589502,37.2174440746553]]},"properties":{"id":"E7617","from":"N837","to":"N1531","length":1.7,"steep":false,"has_stairs":false}},{"type":"Feature","geometry":{"type":"LineString","coordinates":[[-80.419209241037,37.21854488507789],[-80.41920079087522,37.21857457911624],[-80.4191946637904,37.2187059305973]]},"properties":{"id":"E7618","from":"N336","to":"N1532","length":18,"steep":false,"has_stairs":false}},{"type":"Feature","geometry":{"type":"LineString","coordinates":[[-80.4191946637904,37.2187059305973],[-80.41917162382488,37.218721263811986]]},"properties":{"id":"E7618-1","from":"N1532","to":"N778","length":2.7,"steep":false,"has_stairs":false}},{"type":"Feature","geometry":{"type":"LineString","coordinates":[[-80.41935056781892,37.21853610939295],[-80.41935210826158,37.21854674199874],[-80.4193505247325,37.21867687047106]]},"properties":{"id":"E7619","from":"N239","to":"N1207","length":15.7,"steep":false,"has_stairs":false}},{"type":"Feature","geometry":{"type":"LineString","coordinates":[[-80.4191946637904,37.2187059305973],[-80.41931817296215,37.21869447766156],[-80.4193505247325,37.21867687047106]]},"properties":{"id":"E7620","from":"N1532","to":"N1207","length":14.5,"steep":false,"has_stairs":false}},{"type":"Feature","geometry":{"type":"LineString","coordinates":[[-80.42425136483266,37.22835170725431],[-80.42432233566889,37.22829881404111],[-80.42436242085002,37.22826925195737]]},"properties":{"id":"E8025","from":"N1220","to":"N23","length":13.4,"steep":false,"has_stairs":false}},{"type":"Feature","geometry":{"type":"LineString","coordinates":[[-80.42494492295096,37.227839659724474],[-80.4249758806608,37.227816829229894]]},"properties":{"id":"E8026","from":"N1219","to":"N118","length":3.7,"steep":false,"has_stairs":false}},{"type":"Feature","geometry":{"type":"LineString","coordinates":[[-80.42502484862325,37.22846233259969],[-80.42485910416858,37.22832010212772]]},"properties":{"id":"E8027","from":"N774","to":"N1533","length":21.6,"steep":false,"has_stairs":false}},{"type":"Feature","geometry":{"type":"LineString","coordinates":[[-80.42485910416858,37.22832010212772],[-80.4248222386216,37.2282884671301]]},"properties":{"id":"E8028","from":"N1533","to":"N936","length":4.8,"steep":false,"has_stairs":false}},{"type":"Feature","geometry":{"type":"LineString","coordinates":[[-80.42420682206223,37.22838490472799],[-80.42425136483266,37.22835170725431]]},"properties":{"id":"E8031","from":"N1222","to":"N1220","length":5.4,"steep":false,"has_stairs":false}},{"type":"Feature","geometry":{"type":"LineString","coordinates":[[-80.42721225786161,37.22843421275655],[-80.42720052221043,37.22841856767059],[-80.42719162784614,37.22840114973422],[-80.42718583557892,37.228382469695035],[-80.42718331525592,37.228363075309375],[-80.42718414078074,37.2283435352804],[-80.42718828794648,37.22832442258202],[-80.42719563514545,37.22830629765745],[-80.42720596693512,37.22828969198535],[-80.42721898035556,37.22827509249524],[-80.42725912737512,37.22822747030988],[-80.42728200131032,37.22818894286808],[-80.42729966674068,37.22813333013503],[-80.42730317096378,37.22808367265732],[-80.42730706187922,37.22802369008546],[-80.42730272650833,37.22797070238685],[-80.42729620334742,37.227941812841216],[-80.42719297435644,37.227871448846344]]},"properties":{"id":"E8032","from":"N1138","to":"N1534","length":69.8,"steep":false,"has_stairs":false}},{"type":"Feature","geometry":{"type":"LineString","coordinates":[[-80.42721225786161,37.22843421275655],[-80.42726697474971,37.228406610814275],[-80.42731637579939,37.22836977187568],[-80.4274703733392,37.22823644259578],[-80.4275111051236,37.22820395772226],[-80.4275580244221,37.228171371795284],[-80.42774914765273,37.228072084781495],[-80.42782487456348,37.22802488626033],[-80.42784742373229,37.22800754774581],[-80.4279589196599,37.22792448155112],[-80.42804966216642,37.22784359104181],[-80.42810051369239,37.2277997169928],[-80.42818258555303,37.22774271589286],[-80.42820526691709,37.227722308083244],[-80.42825378889526,37.2276599182178],[-80.42833678743597,37.227566538725384],[-80.42837992980803,37.22751602726313],[-80.42851667564689,37.227329717988496],[-80.42855318396745,37.22727652897844],[-80.42860302823429,37.22719921554714],[-80.42866415319416,37.22709542195637],[-80.42867017833292,37.227055445361856],[-80.42866530385943,37.22700265576989],[-80.42866503257953,37.22695754560092],[-80.42871444862037,37.22692501753494],[-80.42876659767964,37.22689596790372],[-80.42879905586291,37.22685525745199],[-80.4288044945338,37.22674924263638],[-80.4287802890508,37.226680526003946],[-80.42877355618074,37.2266366552291],[-80.4288563483881,37.226494385017666],[-80.42890060968341,37.22651340794532],[-80.42896767516399,37.22645845855102],[-80.429052209459,37.226384374206404],[-80.4291307352605,37.22630923886056],[-80.42915770277715,37.2262846617694],[-80.4291926043709,37.226266851615335],[-80.42921823432695,37.22622367857194],[-80.42927879315293,37.226144187954375],[-80.42930541603474,37.2261257100332],[-80.42937191250084,37.22609566042448],[-80.42940234494739,37.22607171702158],[-80.42948875249279,37.225977209301256],[-80.42954391254487,37.22591894277226],[-80.42955832330367,37.22589645182339],[-80.42956410956108,37.22587153410235],[-80.42954908376575,37.22582812518936],[-80.42955489190001,37.22580406332966],[-80.42961563777317,37.22575171160127],[-80.42971732304085,37.22562593359],[-80.42979843933882,37.225533019071044],[-80.42985059679934,37.22547702043451],[-80.42986737279772,37.22546875537934],[-80.42993737171997,37.22547080775309],[-80.429977018228,37.225458173354376],[-80.43000339353672,37.22543456921245],[-80.43001541893858,37.22539681792554],[-80.43000544831303,37.225358625952936],[-80.42999366517874,37.22532765585392],[-80.42998885332726,37.2252957723306],[-80.43000226489906,37.225273179590985],[-80.43008612043968,37.22519190340181],[-80.43011428999024,37.22516028001906],[-80.43017238023663,37.225087414944426],[-80.43019386438777,37.2250678861253],[-80.43023956433503,37.22505755095904],[-80.43027024647661,37.225053579273904],[-80.43030413633363,37.22504277927705],[-80.43033229662767,37.225016705190974],[-80.43034196495329,37.22497727366489],[-80.43034512054227,37.22493367926758],[-80.43033982349867,37.22485180230262],[-80.43032291831256,37.22477523896753],[-80.4303154671178,37.22473437857452],[-80.43032509175637,37.22469323983082],[-80.43034162193437,37.224671625312205],[-80.43038030152705,37.22463940277086],[-80.43043997241814,37.224596549665726],[-80.43053005288257,37.22451391674115],[-80.43065118692516,37.2244035165076],[-80.43072533725046,37.22433415400942],[-80.43073595779488,37.22432530723796],[-80.43074829948665,37.22430734467257]]},"properties":{"id":"E8033","from":"N1138","to":"N792","length":594.6,"steep":false,"has_stairs":false}},{"type":"Feature","geometry":{"type":"LineString","coordinates":[[-80.43070138151944,37.224307582162126],[-80.43071301032468,37.224309968217575],[-80.43072485702997,37.224310728444905],[-80.43073669543217,37.224309848328204],[-80.43074829948665,37.22430734467257]]},"properties":{"id":"E8034","from":"N1179","to":"N792","length":4.2,"steep":false,"has_stairs":false}},{"type":"Feature","geometry":{"type":"LineString","coordinates":[[-80.42272211765416,37.23252292727392],[-80.42294296404306,37.23236454585208]]},"properties":{"id":"E8035","from":"N1234","to":"N1535","length":26.3,"steep":false,"has_stairs":false}},{"type":"Feature","geometry":{"type":"LineString","coordinates":[[-80.42388709283874,37.23185523907985],[-80.42386917413941,37.23186951989345],[-80.42371896727518,37.232012096254714],[-80.423675154112,37.232050220603604]]},"properties":{"id":"E8037","from":"N431","to":"N1536","length":28.7,"steep":false,"has_stairs":false}},{"type":"Feature","geometry":{"type":"LineString","coordinates":[[-80.4246679912351,37.23300859727367],[-80.42481936718018,37.23324589697548]]},"properties":{"id":"E8045","from":"N1537","to":"N1538","length":29.6,"steep":false,"has_stairs":false}},{"type":"Feature","geometry":{"type":"LineString","coordinates":[[-80.42481936718018,37.23324589697548],[-80.42484536979543,37.23329647919866]]},"properties":{"id":"E8045-1","from":"N1538","to":"N1279","length":6.1,"steep":false,"has_stairs":false}},{"type":"Feature","geometry":{"type":"LineString","coordinates":[[-80.42411476956077,37.232657425004234],[-80.4240658658485,37.232672955332134],[-80.42402166746444,37.23269071532781],[-80.42397905908956,37.2327326893454]]},"properties":{"id":"E8046","from":"N1539","to":"N1009","length":15,"steep":false,"has_stairs":false}},{"type":"Feature","geometry":{"type":"LineString","coordinates":[[-80.42411476956077,37.232657425004234],[-80.42411640392318,37.23265804187993],[-80.42425296386472,37.232727516480686],[-80.4244896396375,37.23285591861675],[-80.4245775370414,37.232920209764295],[-80.4246679912351,37.23300859727367]]},"properties":{"id":"E8047","from":"N1539","to":"N1537","length":63.1,"steep":false,"has_stairs":false}},{"type":"Feature","geometry":{"type":"LineString","coordinates":[[-80.4246679912351,37.23300859727367],[-80.42481936718018,37.23324589697548]]},"properties":{"id":"E8047-1","from":"N1537","to":"N1538","length":29.6,"steep":false,"has_stairs":false}},{"type":"Feature","geometry":{"type":"LineString","coordinates":[[-80.42481936718018,37.23324589697548],[-80.42484536979543,37.23329647919866]]},"properties":{"id":"E8047-2","from":"N1538","to":"N1279","length":6.1,"steep":false,"has_stairs":false}},{"type":"Feature","geometry":{"type":"LineString","coordinates":[[-80.4238173676906,37.232598298248554],[-80.42386353114885,37.232617831054355],[-80.42390538923611,37.23262769747068]]},"properties":{"id":"E8048","from":"N1540","to":"N1541","length":8.5,"steep":false,"has_stairs":false}},{"type":"Feature","geometry":{"type":"LineString","coordinates":[[-80.42390538923611,37.23262769747068],[-80.42397905908956,37.2327326893454]]},"properties":{"id":"E8048-1","from":"N1541","to":"N1009","length":13.4,"steep":false,"has_stairs":false}},{"type":"Feature","geometry":{"type":"LineString","coordinates":[[-80.42387508489159,37.23255354095062],[-80.42388378048003,37.23253635961666],[-80.42393135568116,37.23241224935341],[-80.4239655971326,37.23236219473474]]},"properties":{"id":"E8049","from":"N1542","to":"N1543","length":22.8,"steep":false,"has_stairs":false}},{"type":"Feature","geometry":{"type":"LineString","coordinates":[[-80.4238173676906,37.232598298248554],[-80.42384815158549,37.232571831560804],[-80.42387508489159,37.23255354095062]]},"properties":{"id":"E8050","from":"N1540","to":"N1542","length":7.1,"steep":false,"has_stairs":false}},{"type":"Feature","geometry":{"type":"LineString","coordinates":[[-80.42387508489159,37.23255354095062],[-80.42391002847965,37.23257082313245],[-80.42392267589533,37.232589278934164]]},"properties":{"id":"E8051","from":"N1542","to":"N1544","length":6,"steep":false,"has_stairs":false}},{"type":"Feature","geometry":{"type":"LineString","coordinates":[[-80.42392267589533,37.232589278934164],[-80.42390538923611,37.23262769747068]]},"properties":{"id":"E8052","from":"N1544","to":"N1541","length":4.5,"steep":false,"has_stairs":false}},{"type":"Feature","geometry":{"type":"LineString","coordinates":[[-80.42392267589533,37.232589278934164],[-80.42398691284336,37.23260121495556],[-80.42406054723892,37.2326235454671],[-80.42411476956077,37.232657425004234]]},"properties":{"id":"E8053","from":"N1544","to":"N1539","length":18.9,"steep":false,"has_stairs":false}},{"type":"Feature","geometry":{"type":"LineString","coordinates":[[-80.42392755346212,37.23222325229792],[-80.42402165997107,37.2322525522566],[-80.42410763242142,37.23228117266709],[-80.42416369028022,37.232290807542114]]},"properties":{"id":"E8054","from":"N1545","to":"N1546","length":22.3,"steep":false,"has_stairs":false}},{"type":"Feature","geometry":{"type":"LineString","coordinates":[[-80.4239655971326,37.23236219473474],[-80.42394462934891,37.232296001196616],[-80.42394371961363,37.23226031357664],[-80.42392755346212,37.23222325229792]]},"properties":{"id":"E8055","from":"N1543","to":"N1545","length":15.9,"steep":false,"has_stairs":false}},{"type":"Feature","geometry":{"type":"LineString","coordinates":[[-80.42392755346212,37.23222325229792],[-80.42385292708722,37.232161989014884],[-80.42376122198361,37.232107495937235],[-80.423675154112,37.232050220603604]]},"properties":{"id":"E8056","from":"N1545","to":"N1536","length":29.6,"steep":false,"has_stairs":false}},{"type":"Feature","geometry":{"type":"LineString","coordinates":[[-80.42314462915519,37.23245082094907],[-80.42321816981216,37.23250014326484],[-80.42333720005388,37.23255175810613],[-80.42343244591757,37.23258590779128],[-80.42352640911496,37.23260953061013],[-80.42363726531426,37.2326190839751],[-80.42373838469852,37.23261275220639],[-80.4238173676906,37.232598298248554]]},"properties":{"id":"E8057","from":"N1547","to":"N1540","length":64.5,"steep":false,"has_stairs":false}},{"type":"Feature","geometry":{"type":"LineString","coordinates":[[-80.42344771199623,37.23213625693287],[-80.42337426190639,37.23216098433261],[-80.42329902316285,37.23217519313651],[-80.42319851809235,37.23217358506034]]},"properties":{"id":"E8058","from":"N1548","to":"N706","length":22.8,"steep":false,"has_stairs":false}},{"type":"Feature","geometry":{"type":"LineString","coordinates":[[-80.42416369028022,37.232290807542114],[-80.42406985160564,37.23231181103739],[-80.42400851252239,37.232333907974905],[-80.4239655971326,37.23236219473474]]},"properties":{"id":"E8059","from":"N1546","to":"N1543","length":19.5,"steep":false,"has_stairs":false}},{"type":"Feature","geometry":{"type":"LineString","coordinates":[[-80.42416369028022,37.232290807542114],[-80.4242420866999,37.232300889416884]]},"properties":{"id":"E8060","from":"N1546","to":"N1549","length":7,"steep":false,"has_stairs":false}},{"type":"Feature","geometry":{"type":"LineString","coordinates":[[-80.4227083300208,37.2319045027633],[-80.42265563978873,37.23190642716202],[-80.42252637443511,37.2319855856521],[-80.42249702802637,37.23200910933445]]},"properties":{"id":"E8061","from":"N707","to":"N1550","length":22.8,"steep":false,"has_stairs":false}},{"type":"Feature","geometry":{"type":"LineString","coordinates":[[-80.423675154112,37.232050220603604],[-80.4236490549795,37.232072930979626],[-80.42359297576058,37.232101853915005],[-80.42354514333718,37.232116817695626],[-80.42344771199623,37.23213625693287]]},"properties":{"id":"E8062","from":"N1536","to":"N1548","length":22.8,"steep":false,"has_stairs":false}},{"type":"Feature","geometry":{"type":"LineString","coordinates":[[-80.42305381312694,37.232409360685764],[-80.42308688062911,37.23244256054757],[-80.42311245218995,37.23245257178727]]},"properties":{"id":"E8063","from":"N1551","to":"N1552","length":7.2,"steep":false,"has_stairs":false}},{"type":"Feature","geometry":{"type":"LineString","coordinates":[[-80.42311245218995,37.23245257178727],[-80.42314462915519,37.23245082094907]]},"properties":{"id":"E8063-1","from":"N1552","to":"N1547","length":2.9,"steep":false,"has_stairs":false}},{"type":"Feature","geometry":{"type":"LineString","coordinates":[[-80.42294296404306,37.23236454585208],[-80.42297897452829,37.23239279032929],[-80.42305381312694,37.232409360685764]]},"properties":{"id":"E8064","from":"N1535","to":"N1551","length":11.4,"steep":false,"has_stairs":false}},{"type":"Feature","geometry":{"type":"LineString","coordinates":[[-80.42294296404306,37.23236454585208],[-80.42286363979872,37.23229702608197]]},"properties":{"id":"E8065","from":"N1535","to":"N1276","length":10.3,"steep":false,"has_stairs":false}},{"type":"Feature","geometry":{"type":"LineString","coordinates":[[-80.42311245218995,37.23245257178727],[-80.4231013245594,37.23246747548866]]},"properties":{"id":"E8066","from":"N1552","to":"N1553","length":1.9,"steep":false,"has_stairs":false}},{"type":"Feature","geometry":{"type":"LineString","coordinates":[[-80.42314462915519,37.23245082094907],[-80.42315027975374,37.232431712768765],[-80.42314508452428,37.23240848667613],[-80.42313635198776,37.23239697447562],[-80.42312923213107,37.23238850215997]]},"properties":{"id":"E8067","from":"N1547","to":"N1554","length":7.4,"steep":false,"has_stairs":false}},{"type":"Feature","geometry":{"type":"LineString","coordinates":[[-80.42312923213107,37.23238850215997],[-80.42309245370124,37.23239032795562],[-80.42306891558204,37.23239991348367],[-80.42305381312694,37.232409360685764]]},"properties":{"id":"E8068","from":"N1554","to":"N1551","length":7.3,"steep":false,"has_stairs":false}},{"type":"Feature","geometry":{"type":"LineString","coordinates":[[-80.42312923213107,37.23238850215997],[-80.42319851809235,37.23217358506034]]},"properties":{"id":"E8069","from":"N1554","to":"N706","length":24.7,"steep":false,"has_stairs":false}},{"type":"Feature","geometry":{"type":"LineString","coordinates":[[-80.42678372914641,37.2323858782796],[-80.42654674338628,37.2325028722763]]},"properties":{"id":"E8070","from":"N1104","to":"N1157","length":24.7,"steep":false,"has_stairs":false}},{"type":"Feature","geometry":{"type":"LineString","coordinates":[[-80.4260826355022,37.23191663356992],[-80.42618891776668,37.23199657353786],[-80.42620929130841,37.232053100248514],[-80.42628851019728,37.232155379261705]]},"properties":{"id":"E8071","from":"N1555","to":"N1158","length":32.8,"steep":false,"has_stairs":false}},{"type":"Feature","geometry":{"type":"LineString","coordinates":[[-80.42615966168567,37.23186998102553],[-80.4260826355022,37.23191663356992]]},"properties":{"id":"E8072","from":"N1310","to":"N1555","length":8.6,"steep":false,"has_stairs":false}},{"type":"Feature","geometry":{"type":"LineString","coordinates":[[-80.42583182405839,37.2317263885624],[-80.42590973168602,37.23166511653242]]},"properties":{"id":"E8073","from":"N980","to":"N1556","length":9.7,"steep":false,"has_stairs":false}},{"type":"Feature","geometry":{"type":"LineString","coordinates":[[-80.42583182405839,37.2317263885624],[-80.42584039799311,37.231759324815975],[-80.42597845637714,37.23186530102086],[-80.4260826355022,37.23191663356992]]},"properties":{"id":"E8074","from":"N980","to":"N1555","length":31.6,"steep":false,"has_stairs":false}},{"type":"Feature","geometry":{"type":"LineString","coordinates":[[-80.42590973168602,37.23166511653242],[-80.42577142421565,37.23154940416626]]},"properties":{"id":"E8075","from":"N1556","to":"N1557","length":17.8,"steep":false,"has_stairs":false}},{"type":"Feature","geometry":{"type":"LineString","coordinates":[[-80.42577142421565,37.23154940416626],[-80.42547831637162,37.231302146589535]]},"properties":{"id":"E8075-1","from":"N1557","to":"N1558","length":37.8,"steep":false,"has_stairs":false}},{"type":"Feature","geometry":{"type":"LineString","coordinates":[[-80.42539557069627,37.231622636391535],[-80.42536705331761,37.23158251591408]]},"properties":{"id":"E8076","from":"N1559","to":"N1560","length":5.1,"steep":false,"has_stairs":false}},{"type":"Feature","geometry":{"type":"LineString","coordinates":[[-80.42543716191165,37.231512038632516],[-80.4254004467272,37.23156506051414],[-80.42536705331761,37.23158251591408]]},"properties":{"id":"E8077","from":"N1561","to":"N1560","length":10.3,"steep":false,"has_stairs":false}},{"type":"Feature","geometry":{"type":"LineString","coordinates":[[-80.42536705331761,37.23158251591408],[-80.42526992307049,37.231582120869724]]},"properties":{"id":"E8077-1","from":"N1560","to":"N1562","length":8.6,"steep":false,"has_stairs":false}},{"type":"Feature","geometry":{"type":"LineString","coordinates":[[-80.42590973168602,37.23166511653242],[-80.42615966168567,37.23186998102553]]},"properties":{"id":"E8078","from":"N1556","to":"N1310","length":31.8,"steep":false,"has_stairs":false}},{"type":"Feature","geometry":{"type":"LineString","coordinates":[[-80.42494773732501,37.231223856747405],[-80.42498417408655,37.23125232169356],[-80.42513142578136,37.23136585670431]]},"properties":{"id":"E8079","from":"N1563","to":"N1564","length":22.7,"steep":false,"has_stairs":false}},{"type":"Feature","geometry":{"type":"LineString","coordinates":[[-80.42556534448975,37.23123092007199],[-80.42547831637162,37.231302146589535]]},"properties":{"id":"E8080","from":"N1565","to":"N1558","length":11,"steep":false,"has_stairs":false}},{"type":"Feature","geometry":{"type":"LineString","coordinates":[[-80.42565615948592,37.231308919082146],[-80.42570806130172,37.23135373133538],[-80.42561794851287,37.23141993676409],[-80.42548185906334,37.23152314700981]]},"properties":{"id":"E8081","from":"N1566","to":"N1567","length":34.3,"steep":false,"has_stairs":false}},{"type":"Feature","geometry":{"type":"LineString","coordinates":[[-80.42552255254208,37.23126594248707],[-80.42565758068956,37.2313908196835]]},"properties":{"id":"E8082","from":"N1568","to":"N1569","length":18.3,"steep":false,"has_stairs":false}},{"type":"Feature","geometry":{"type":"LineString","coordinates":[[-80.42577142421565,37.23154940416626],[-80.42548185906334,37.23152314700981]]},"properties":{"id":"E8083","from":"N1557","to":"N1567","length":25.8,"steep":false,"has_stairs":false}},{"type":"Feature","geometry":{"type":"LineString","coordinates":[[-80.42548185906334,37.23152314700981],[-80.4254664124063,37.23158089530987],[-80.42539557069627,37.231622636391535]]},"properties":{"id":"E8084","from":"N1567","to":"N1559","length":14.4,"steep":false,"has_stairs":false}},{"type":"Feature","geometry":{"type":"LineString","coordinates":[[-80.42539557069627,37.231622636391535],[-80.42529293169902,37.23166151442387],[-80.42522450533667,37.23171505343617]]},"properties":{"id":"E8084-1","from":"N1559","to":"N1570","length":18.6,"steep":false,"has_stairs":false}},{"type":"Feature","geometry":{"type":"LineString","coordinates":[[-80.42522450533667,37.23171505343617],[-80.42519318149613,37.23181364713598],[-80.42518584666139,37.23185773486662]]},"properties":{"id":"E8084-2","from":"N1570","to":"N1571","length":16.3,"steep":false,"has_stairs":false}},{"type":"Feature","geometry":{"type":"LineString","coordinates":[[-80.42518584666139,37.23185773486662],[-80.42530369877264,37.23194816530893]]},"properties":{"id":"E8084-3","from":"N1571","to":"N977","length":14.5,"steep":false,"has_stairs":false}},{"type":"Feature","geometry":{"type":"LineString","coordinates":[[-80.42523199569234,37.231443397723886],[-80.42523313124249,37.23152551838644]]},"properties":{"id":"E8085","from":"N1572","to":"N1573","length":9.1,"steep":false,"has_stairs":false}},{"type":"Feature","geometry":{"type":"LineString","coordinates":[[-80.42523313124249,37.23152551838644],[-80.42526992307049,37.231582120869724]]},"properties":{"id":"E8085-1","from":"N1573","to":"N1562","length":7.1,"steep":false,"has_stairs":false}},{"type":"Feature","geometry":{"type":"LineString","coordinates":[[-80.42526992307049,37.231582120869724],[-80.42528167219997,37.23163464069147],[-80.42522450533667,37.23171505343617]]},"properties":{"id":"E8085-2","from":"N1562","to":"N1570","length":16.2,"steep":false,"has_stairs":false}},{"type":"Feature","geometry":{"type":"LineString","coordinates":[[-80.42449489397424,37.23224484996713],[-80.42451025380979,37.232152851839956],[-80.42455132772778,37.23210483160366],[-80.42469051236601,37.232006171249296],[-80.42482538076429,37.23190419859357],[-80.42487279658266,37.23185607573168]]},"properties":{"id":"E8087","from":"N1574","to":"N1575","length":56.5,"steep":false,"has_stairs":false}},{"type":"Feature","geometry":{"type":"LineString","coordinates":[[-80.42487279658266,37.23185607573168],[-80.42497258944658,37.231788496314394],[-80.42502785737564,37.23171656958438],[-80.42511336811195,37.23166951619449],[-80.42517407162534,37.23164485136745],[-80.4252086301854,37.231590173026845],[-80.42523313124249,37.23152551838644]]},"properties":{"id":"E8087-1","from":"N1575","to":"N1573","length":50.5,"steep":false,"has_stairs":false}},{"type":"Feature","geometry":{"type":"LineString","coordinates":[[-80.42460458927826,37.23223006692272],[-80.42472155274287,37.232200571726175],[-80.42485987859122,37.23217316244551],[-80.42493858568048,37.23215565057209]]},"properties":{"id":"E8088","from":"N1576","to":"N1577","length":30.7,"steep":false,"has_stairs":false}},{"type":"Feature","geometry":{"type":"LineString","coordinates":[[-80.42493858568048,37.23215565057209],[-80.4250086137787,37.2321380179013],[-80.42507962595776,37.23212776865991]]},"properties":{"id":"E8089","from":"N1577","to":"N978","length":12.9,"steep":false,"has_stairs":false}},{"type":"Feature","geometry":{"type":"LineString","coordinates":[[-80.42456293167042,37.2325066273485],[-80.42470677430339,37.23262497994689],[-80.42474088630357,37.232641026269064]]},"properties":{"id":"E8090","from":"N1578","to":"N1159","length":21.8,"steep":false,"has_stairs":false}},{"type":"Feature","geometry":{"type":"LineString","coordinates":[[-80.4242420866999,37.232300889416884],[-80.42435316818914,37.23235912383625],[-80.42445835059638,37.2324247565019],[-80.42456293167042,37.2325066273485]]},"properties":{"id":"E8091","from":"N1549","to":"N1578","length":36.6,"steep":false,"has_stairs":false}},{"type":"Feature","geometry":{"type":"LineString","coordinates":[[-80.42456293167042,37.2325066273485],[-80.42452399334856,37.23245208572685],[-80.42451944032341,37.23239292685488],[-80.42454391161947,37.23231787748611],[-80.42457417806682,37.23227113300115],[-80.42460458927826,37.23223006692272]]},"properties":{"id":"E8092","from":"N1578","to":"N1576","length":33.3,"steep":false,"has_stairs":false}},{"type":"Feature","geometry":{"type":"LineString","coordinates":[[-80.42460458927826,37.23223006692272],[-80.42445390412483,37.232250374304975],[-80.42431460419103,37.23227942219101],[-80.4242420866999,37.232300889416884]]},"properties":{"id":"E8093","from":"N1576","to":"N1549","length":33.1,"steep":false,"has_stairs":false}},{"type":"Feature","geometry":{"type":"LineString","coordinates":[[-80.42533743713041,37.231976082920404],[-80.42552272250988,37.231828361875024],[-80.42570376445732,37.23169327361114],[-80.42583182405839,37.2317263885624]]},"properties":{"id":"E8094","from":"N1579","to":"N980","length":57.1,"steep":false,"has_stairs":false}},{"type":"Feature","geometry":{"type":"LineString","coordinates":[[-80.42518584666139,37.23185773486662],[-80.42508027433794,37.23186452986472],[-80.42499006057467,37.231893057471176],[-80.4249368630734,37.23196325961416],[-80.42486593450391,37.232001620174394],[-80.42477360566865,37.2320301820989]]},"properties":{"id":"E8095","from":"N1571","to":"N1580","length":43.4,"steep":false,"has_stairs":false}},{"type":"Feature","geometry":{"type":"LineString","coordinates":[[-80.42477360566865,37.2320301820989],[-80.42473464676114,37.23207816793135],[-80.42470811247804,37.23211580364836]]},"properties":{"id":"E8095-1","from":"N1580","to":"N1581","length":11.2,"steep":false,"has_stairs":false}},{"type":"Feature","geometry":{"type":"LineString","coordinates":[[-80.42470811247804,37.23211580364836],[-80.42466432033837,37.23214019340372],[-80.42462963179014,37.23218979947675],[-80.42460458927826,37.23223006692272]]},"properties":{"id":"E8095-2","from":"N1581","to":"N1576","length":16,"steep":false,"has_stairs":false}},{"type":"Feature","geometry":{"type":"LineString","coordinates":[[-80.42470811247804,37.23211580364836],[-80.42474512877459,37.23215747741219],[-80.42476130128422,37.232192695361796]]},"properties":{"id":"E8096","from":"N1581","to":"N1582","length":9.8,"steep":false,"has_stairs":false}},{"type":"Feature","geometry":{"type":"LineString","coordinates":[[-80.42515124185122,37.23165412744349],[-80.42522450533667,37.23171505343617]]},"properties":{"id":"E8097","from":"N1583","to":"N1570","length":9.4,"steep":false,"has_stairs":false}},{"type":"Feature","geometry":{"type":"LineString","coordinates":[[-80.42497040156736,37.2319189996719],[-80.42487279658266,37.23185607573168]]},"properties":{"id":"E8098","from":"N1584","to":"N1575","length":11.1,"steep":false,"has_stairs":false}},{"type":"Feature","geometry":{"type":"LineString","coordinates":[[-80.42477360566865,37.2320301820989],[-80.42472142091844,37.23198280179669]]},"properties":{"id":"E8099","from":"N1580","to":"N1585","length":7,"steep":false,"has_stairs":false}},{"type":"Feature","geometry":{"type":"LineString","coordinates":[[-80.42465250229816,37.23215709403663],[-80.4245381450081,37.23212024302481]]},"properties":{"id":"E8100","from":"N1586","to":"N1587","length":10.9,"steep":false,"has_stairs":false}},{"type":"Feature","geometry":{"type":"LineString","coordinates":[[-80.42483006647518,37.23041515129792],[-80.42484611431614,37.23042746159798]]},"properties":{"id":"E8103","from":"N1263","to":"N1588","length":2,"steep":false,"has_stairs":false}},{"type":"Feature","geometry":{"type":"LineString","coordinates":[[-80.42484611431614,37.23042746159798],[-80.42477860296167,37.230475081158524],[-80.4247291286888,37.23050945967833],[-80.42458262201323,37.23062087097813]]},"properties":{"id":"E8103-1","from":"N1588","to":"N1589","length":31.7,"steep":false,"has_stairs":false}},{"type":"Feature","geometry":{"type":"LineString","coordinates":[[-80.42458262201323,37.23062087097813],[-80.42452691222152,37.2306574186109],[-80.42444862881202,37.230686714793904],[-80.42423648531935,37.23081715551057],[-80.42414268105215,37.2308517714893],[-80.42409986581366,37.23086856534942],[-80.42406155276976,37.230886478206465],[-80.42381319571784,37.231058703245154]]},"properties":{"id":"E8104","from":"N1589","to":"N1590","length":84.3,"steep":false,"has_stairs":false}},{"type":"Feature","geometry":{"type":"LineString","coordinates":[[-80.42381319571784,37.231058703245154],[-80.42411484860136,37.231318950035686]]},"properties":{"id":"E8105","from":"N1590","to":"N524","length":39.4,"steep":false,"has_stairs":false}},{"type":"Feature","geometry":{"type":"LineString","coordinates":[[-80.42407697157127,37.23183184571365],[-80.42400922160671,37.23175790839412]]},"properties":{"id":"E8107","from":"N1591","to":"N1592","length":10.2,"steep":false,"has_stairs":false}},{"type":"Feature","geometry":{"type":"LineString","coordinates":[[-80.42436968713962,37.23162678260589],[-80.42423365365698,37.231580713062556]]},"properties":{"id":"E8108","from":"N1593","to":"N1594","length":13.1,"steep":false,"has_stairs":false}},{"type":"Feature","geometry":{"type":"LineString","coordinates":[[-80.42448847754733,37.231539669575106],[-80.4244319977593,37.23142872330705]]},"properties":{"id":"E8109","from":"N1595","to":"N1596","length":13.3,"steep":false,"has_stairs":false}},{"type":"Feature","geometry":{"type":"LineString","coordinates":[[-80.42485946365326,37.231121985886865],[-80.4248316932557,37.2311632009589],[-80.42481214182057,37.23124577429909]]},"properties":{"id":"E8110","from":"N432","to":"N1597","length":14.5,"steep":false,"has_stairs":false}},{"type":"Feature","geometry":{"type":"LineString","coordinates":[[-80.42476522812272,37.231316887856046],[-80.42467292228696,37.23139936128648],[-80.42455880688222,37.231485775508084],[-80.42440322848469,37.23160499622684],[-80.42422430940097,37.23172121468835],[-80.42407697157127,37.23183184571365]]},"properties":{"id":"E8111","from":"N1598","to":"N1591","length":83.7,"steep":false,"has_stairs":false}},{"type":"Feature","geometry":{"type":"LineString","coordinates":[[-80.42407697157127,37.23183184571365],[-80.42402131369172,37.23188855840266],[-80.42395219677235,37.23191505055305],[-80.4238205058769,37.231915715985544]]},"properties":{"id":"E8111-1","from":"N1591","to":"N1599","length":26.5,"steep":false,"has_stairs":false}},{"type":"Feature","geometry":{"type":"LineString","coordinates":[[-80.42453189085006,37.231259610580715],[-80.42456847556926,37.23128437978976],[-80.42462486427036,37.23125640398063],[-80.42467987203145,37.23125719792835],[-80.42476522812272,37.231316887856046]]},"properties":{"id":"E8112","from":"N1600","to":"N1598","length":25.1,"steep":false,"has_stairs":false}},{"type":"Feature","geometry":{"type":"LineString","coordinates":[[-80.42461847223998,37.231347420441246],[-80.4244778073134,37.231394967072106]]},"properties":{"id":"E8113","from":"N1601","to":"N430","length":13.5,"steep":false,"has_stairs":false}},{"type":"Feature","geometry":{"type":"LineString","coordinates":[[-80.42528915120498,37.230849054637076],[-80.42523264507433,37.230878591906134],[-80.42517358452129,37.23091200846294]]},"properties":{"id":"E8114","from":"N1602","to":"N333","length":12.4,"steep":false,"has_stairs":false}},{"type":"Feature","geometry":{"type":"LineString","coordinates":[[-80.42608116011002,37.230290085869825],[-80.4259855595403,37.230332521525234],[-80.42590582887637,37.23038713857588]]},"properties":{"id":"E8115","from":"N1603","to":"N1604","length":19,"steep":false,"has_stairs":false}},{"type":"Feature","geometry":{"type":"LineString","coordinates":[[-80.42590582887637,37.23038713857588],[-80.42532774368728,37.23082014749357]]},"properties":{"id":"E8116","from":"N1604","to":"N1605","length":70.3,"steep":false,"has_stairs":false}},{"type":"Feature","geometry":{"type":"LineString","coordinates":[[-80.42630848677084,37.230185547383165],[-80.426233641053,37.230229854498745],[-80.42608116011002,37.230290085869825]]},"properties":{"id":"E8117","from":"N1606","to":"N1603","length":23.3,"steep":false,"has_stairs":false}},{"type":"Feature","geometry":{"type":"LineString","coordinates":[[-80.42659924026539,37.229974795491316],[-80.42639485743938,37.230089437535746],[-80.42630848677084,37.230185547383165]]},"properties":{"id":"E8119","from":"N1607","to":"N1606","length":35.3,"steep":false,"has_stairs":false}},{"type":"Feature","geometry":{"type":"LineString","coordinates":[[-80.42630490591769,37.23062528619967],[-80.42649015140047,37.23049298510762]]},"properties":{"id":"E8120","from":"N1608","to":"N1609","length":22,"steep":false,"has_stairs":false}},{"type":"Feature","geometry":{"type":"LineString","coordinates":[[-80.42730895035048,37.23125973398633],[-80.42712934898425,37.23109612458714],[-80.42716170155366,37.23107399539908],[-80.42649015140047,37.23049298510762]]},"properties":{"id":"E8121","from":"N1610","to":"N1609","length":115.7,"steep":false,"has_stairs":false}},{"type":"Feature","geometry":{"type":"LineString","coordinates":[[-80.42672094469401,37.22990652972902],[-80.42676297020616,37.22987451792674]]},"properties":{"id":"E8122","from":"N1611","to":"N923","length":5.1,"steep":false,"has_stairs":false}},{"type":"Feature","geometry":{"type":"LineString","coordinates":[[-80.42494773732501,37.231223856747405],[-80.42491869248454,37.23124427031796],[-80.42484722035033,37.23124829732011],[-80.42481214182057,37.23124577429909]]},"properties":{"id":"E8124","from":"N1563","to":"N1597","length":12.9,"steep":false,"has_stairs":false}},{"type":"Feature","geometry":{"type":"LineString","coordinates":[[-80.42504882886323,37.229973956829944],[-80.42515738198388,37.230068926473734],[-80.42522970370614,37.230136561627575]]},"properties":{"id":"E8126","from":"N1612","to":"N1613","length":24.2,"steep":false,"has_stairs":false}},{"type":"Feature","geometry":{"type":"LineString","coordinates":[[-80.42522970370614,37.230136561627575],[-80.42530833265435,37.230202722117674],[-80.4254179777969,37.230128213853284]]},"properties":{"id":"E8127","from":"N1613","to":"N294","length":22.9,"steep":false,"has_stairs":false}},{"type":"Feature","geometry":{"type":"LineString","coordinates":[[-80.42522970370614,37.230136561627575],[-80.42501999452973,37.23029343744811]]},"properties":{"id":"E8128","from":"N1613","to":"N1614","length":25.5,"steep":false,"has_stairs":false}},{"type":"Feature","geometry":{"type":"LineString","coordinates":[[-80.42501999452973,37.23029343744811],[-80.42499390605815,37.23001428716005]]},"properties":{"id":"E8129","from":"N1614","to":"N1615","length":31.1,"steep":false,"has_stairs":false}},{"type":"Feature","geometry":{"type":"LineString","coordinates":[[-80.42501999452973,37.23029343744811],[-80.42484611431614,37.23042746159798]]},"properties":{"id":"E8130","from":"N1614","to":"N1588","length":21.4,"steep":false,"has_stairs":false}},{"type":"Feature","geometry":{"type":"LineString","coordinates":[[-80.42570682578429,37.22992477222351],[-80.42580371451884,37.230010451890145],[-80.42589582588108,37.230135990194036]]},"properties":{"id":"E8132","from":"N1616","to":"N1617","length":29,"steep":false,"has_stairs":false}},{"type":"Feature","geometry":{"type":"LineString","coordinates":[[-80.42589582588108,37.230135990194036],[-80.42608116011002,37.230290085869825]]},"properties":{"id":"E8132-1","from":"N1617","to":"N1603","length":23.7,"steep":false,"has_stairs":false}},{"type":"Feature","geometry":{"type":"LineString","coordinates":[[-80.42537777552295,37.229749228135894],[-80.42550090973444,37.229659175269646]]},"properties":{"id":"E8133","from":"N1618","to":"N1619","length":14.8,"steep":false,"has_stairs":false}},{"type":"Feature","geometry":{"type":"LineString","coordinates":[[-80.42550090973444,37.229659175269646],[-80.42550594224163,37.22973547049294],[-80.42570682578429,37.22992477222351]]},"properties":{"id":"E8134","from":"N1619","to":"N1616","length":36.1,"steep":false,"has_stairs":false}},{"type":"Feature","geometry":{"type":"LineString","coordinates":[[-80.42562704043645,37.229982361510174],[-80.42552009241167,37.229891079387926]]},"properties":{"id":"E8135","from":"N1620","to":"N1621","length":13.9,"steep":false,"has_stairs":false}},{"type":"Feature","geometry":{"type":"LineString","coordinates":[[-80.42570682578429,37.22992477222351],[-80.42562704043645,37.229982361510174]]},"properties":{"id":"E8136","from":"N1616","to":"N1620","length":9.5,"steep":false,"has_stairs":false}},{"type":"Feature","geometry":{"type":"LineString","coordinates":[[-80.42552009241167,37.229891079387926],[-80.4254936014473,37.22991110446241]]},"properties":{"id":"E8137","from":"N1621","to":"N1622","length":3.2,"steep":false,"has_stairs":false}},{"type":"Feature","geometry":{"type":"LineString","coordinates":[[-80.42659924026539,37.229974795491316],[-80.42651824901206,37.22965980073617]]},"properties":{"id":"E8138","from":"N1607","to":"N949","length":35.8,"steep":false,"has_stairs":false}},{"type":"Feature","geometry":{"type":"LineString","coordinates":[[-80.42550090973444,37.229659175269646],[-80.42543529174048,37.22959986332711]]},"properties":{"id":"E8141","from":"N1619","to":"N1623","length":8.8,"steep":false,"has_stairs":false}},{"type":"Feature","geometry":{"type":"LineString","coordinates":[[-80.42543529174048,37.22959986332711],[-80.42540360651243,37.22957170857382]]},"properties":{"id":"E8142","from":"N1623","to":"N1624","length":4.2,"steep":false,"has_stairs":false}},{"type":"Feature","geometry":{"type":"LineString","coordinates":[[-80.42556828858703,37.2293843578357],[-80.42555909373179,37.22940186560942],[-80.42562294381497,37.2294566079837]]},"properties":{"id":"E8143","from":"N410","to":"N1625","length":10.4,"steep":false,"has_stairs":false}},{"type":"Feature","geometry":{"type":"LineString","coordinates":[[-80.42550090973444,37.229659175269646],[-80.42562294381497,37.2294566079837]]},"properties":{"id":"E8144","from":"N1619","to":"N1625","length":25,"steep":false,"has_stairs":false}},{"type":"Feature","geometry":{"type":"LineString","coordinates":[[-80.42562294381497,37.2294566079837],[-80.42565038174496,37.22942378545057],[-80.42591592329627,37.22920926994491],[-80.4262581358036,37.22895706116807],[-80.42650348726681,37.22878273293498]]},"properties":{"id":"E8145","from":"N1625","to":"N1626","length":108.3,"steep":false,"has_stairs":false}},{"type":"Feature","geometry":{"type":"LineString","coordinates":[[-80.42646546952405,37.22945180625311],[-80.42655121223702,37.22932950174199],[-80.42665968194599,37.22916228216498],[-80.42678446783852,37.229010705583086]]},"properties":{"id":"E8147","from":"N958","to":"N1627","length":56.7,"steep":false,"has_stairs":false}},{"type":"Feature","geometry":{"type":"LineString","coordinates":[[-80.42678446783852,37.229010705583086],[-80.42684425202732,37.229057288575454],[-80.4268902329812,37.22906054240497],[-80.42690494831135,37.22904939758565]]},"properties":{"id":"E8147-1","from":"N1627","to":"N963","length":13.3,"steep":false,"has_stairs":false}},{"type":"Feature","geometry":{"type":"LineString","coordinates":[[-80.42678446783852,37.229010705583086],[-80.42698022453492,37.228746397912694],[-80.42710166353272,37.228615294148064]]},"properties":{"id":"E8148","from":"N1627","to":"N1628","length":52.2,"steep":false,"has_stairs":false}},{"type":"Feature","geometry":{"type":"LineString","coordinates":[[-80.42575320375443,37.22976081154243],[-80.42563369342636,37.22985585633973]]},"properties":{"id":"E8149","from":"N1629","to":"N1630","length":15,"steep":false,"has_stairs":false}},{"type":"Feature","geometry":{"type":"LineString","coordinates":[[-80.42649585865374,37.22940845795203],[-80.42641684805594,37.229360562639386],[-80.42628393339128,37.22946706045217]]},"properties":{"id":"E8150","from":"N1631","to":"N1632","length":25.5,"steep":false,"has_stairs":false}},{"type":"Feature","geometry":{"type":"LineString","coordinates":[[-80.42638597323042,37.22955291696102],[-80.42628393339128,37.22946706045217]]},"properties":{"id":"E8151","from":"N948","to":"N1632","length":13.1,"steep":false,"has_stairs":false}},{"type":"Feature","geometry":{"type":"LineString","coordinates":[[-80.42628393339128,37.22946706045217],[-80.4262676447593,37.22945335458415]]},"properties":{"id":"E8152","from":"N1632","to":"N1633","length":2.1,"steep":false,"has_stairs":false}},{"type":"Feature","geometry":{"type":"LineString","coordinates":[[-80.42644896451311,37.2292566488581],[-80.42654491645676,37.22933848121879]]},"properties":{"id":"E8153","from":"N1634","to":"N1635","length":12.4,"steep":false,"has_stairs":false}},{"type":"Feature","geometry":{"type":"LineString","coordinates":[[-80.4259035817762,37.23014243940796],[-80.42594513602145,37.229955582778096]]},"properties":{"id":"E8154","from":"N1617","to":"N1636","length":21.1,"steep":false,"has_stairs":false}},{"type":"Feature","geometry":{"type":"LineString","coordinates":[[-80.42570682578429,37.22992477222351],[-80.4258139088257,37.22995878363801],[-80.42588431141343,37.22996293818978],[-80.42594513602145,37.229955582778096]]},"properties":{"id":"E8155","from":"N1616","to":"N1636","length":21.9,"steep":false,"has_stairs":false}},{"type":"Feature","geometry":{"type":"LineString","coordinates":[[-80.42617411524478,37.22986194831551],[-80.42611807491392,37.229949712046114],[-80.42607427494694,37.230182425647776],[-80.42608116011002,37.230290085869825]]},"properties":{"id":"E8156","from":"N1637","to":"N1603","length":49.1,"steep":false,"has_stairs":false}},{"type":"Feature","geometry":{"type":"LineString","coordinates":[[-80.42634317831902,37.2296145338744],[-80.42620575640444,37.229812395071335],[-80.42617411524478,37.22986194831551]]},"properties":{"id":"E8157","from":"N1638","to":"N1637","length":31.3,"steep":false,"has_stairs":false}},{"type":"Feature","geometry":{"type":"LineString","coordinates":[[-80.42638597323042,37.22955291696102],[-80.42634317831902,37.2296145338744]]},"properties":{"id":"E8158","from":"N948","to":"N1638","length":7.8,"steep":false,"has_stairs":false}},{"type":"Feature","geometry":{"type":"LineString","coordinates":[[-80.4260466816837,37.22982877849805],[-80.42610247978489,37.22987361172101]]},"properties":{"id":"E8159","from":"N1639","to":"N1640","length":7,"steep":false,"has_stairs":false}},{"type":"Feature","geometry":{"type":"LineString","coordinates":[[-80.42594513602145,37.229955582778096],[-80.4260158896748,37.2299215505255],[-80.4260744683232,37.22987817230988],[-80.42610247978489,37.22987361172101]]},"properties":{"id":"E8160","from":"N1636","to":"N1640","length":16.9,"steep":false,"has_stairs":false}},{"type":"Feature","geometry":{"type":"LineString","coordinates":[[-80.42610247978489,37.22987361172101],[-80.42617411524478,37.22986194831551]]},"properties":{"id":"E8161","from":"N1640","to":"N1637","length":6.5,"steep":false,"has_stairs":false}},{"type":"Feature","geometry":{"type":"LineString","coordinates":[[-80.42614832637567,37.22969500289501],[-80.42609332858358,37.2296816591382],[-80.4260620777442,37.22965247271215]]},"properties":{"id":"E8162","from":"N1641","to":"N1642","length":9.4,"steep":false,"has_stairs":false}},{"type":"Feature","geometry":{"type":"LineString","coordinates":[[-80.42634317831902,37.2296145338744],[-80.42631262467856,37.229595355686],[-80.42625834857914,37.229599423809745],[-80.42618502431618,37.22963667968653],[-80.42615033698837,37.229680728933864],[-80.42614832637567,37.22969500289501]]},"properties":{"id":"E8163","from":"N1638","to":"N1641","length":23.4,"steep":false,"has_stairs":false}},{"type":"Feature","geometry":{"type":"LineString","coordinates":[[-80.42614832637567,37.22969500289501],[-80.42614360013827,37.22972856443483],[-80.42615288010772,37.22978038091963],[-80.42617411524478,37.22986194831551]]},"properties":{"id":"E8164","from":"N1641","to":"N1637","length":18.8,"steep":false,"has_stairs":false}},{"type":"Feature","geometry":{"type":"LineString","coordinates":[[-80.4263682039178,37.230356002978596],[-80.42624479058668,37.23043856893936]]},"properties":{"id":"E8165","from":"N1643","to":"N1644","length":14.3,"steep":false,"has_stairs":false}},{"type":"Feature","geometry":{"type":"LineString","coordinates":[[-80.42624479058668,37.23043856893936],[-80.42608116011002,37.230290085869825]]},"properties":{"id":"E8166","from":"N1644","to":"N1603","length":22,"steep":false,"has_stairs":false}},{"type":"Feature","geometry":{"type":"LineString","coordinates":[[-80.42638640918334,37.230567077186755],[-80.42624479058668,37.23043856893936]]},"properties":{"id":"E8167","from":"N1645","to":"N1644","length":19,"steep":false,"has_stairs":false}},{"type":"Feature","geometry":{"type":"LineString","coordinates":[[-80.42523199569234,37.231443397723886],[-80.42526561781335,37.23142761861979],[-80.42523517574475,37.231279782209214]]},"properties":{"id":"E8168","from":"N1572","to":"N1646","length":20.1,"steep":false,"has_stairs":false}},{"type":"Feature","geometry":{"type":"LineString","coordinates":[[-80.42523517574475,37.231279782209214],[-80.42517358452129,37.23091200846294]]},"properties":{"id":"E8169","from":"N1646","to":"N333","length":41.3,"steep":false,"has_stairs":false}},{"type":"Feature","geometry":{"type":"LineString","coordinates":[[-80.42528915120498,37.230849054637076],[-80.42553208125587,37.231063270907796]]},"properties":{"id":"E8170","from":"N1602","to":"N1647","length":32.1,"steep":false,"has_stairs":false}},{"type":"Feature","geometry":{"type":"LineString","coordinates":[[-80.42553208125587,37.231063270907796],[-80.42528919970798,37.23126799020119]]},"properties":{"id":"E8171","from":"N1647","to":"N1648","length":31.3,"steep":false,"has_stairs":false}},{"type":"Feature","geometry":{"type":"LineString","coordinates":[[-80.4254094250857,37.23126047471848],[-80.42535620705816,37.231211511773154]]},"properties":{"id":"E8172","from":"N1649","to":"N1650","length":7.2,"steep":false,"has_stairs":false}},{"type":"Feature","geometry":{"type":"LineString","coordinates":[[-80.42535620705816,37.231211511773154],[-80.42520254643911,37.231084947187846]]},"properties":{"id":"E8173","from":"N1650","to":"N1651","length":19.6,"steep":false,"has_stairs":false}},{"type":"Feature","geometry":{"type":"LineString","coordinates":[[-80.42543716191165,37.231512038632516],[-80.42548185906334,37.23152314700981]]},"properties":{"id":"E8175","from":"N1561","to":"N1567","length":4.1,"steep":false,"has_stairs":false}},{"type":"Feature","geometry":{"type":"LineString","coordinates":[[-80.4254094250857,37.23126047471848],[-80.42542943253684,37.231248247862986],[-80.42553861623512,37.23125279574214]]},"properties":{"id":"E8177","from":"N1649","to":"N1652","length":11.9,"steep":false,"has_stairs":false}},{"type":"Feature","geometry":{"type":"LineString","coordinates":[[-80.42535092647478,37.231257647974964],[-80.4254094250857,37.23126047471848]]},"properties":{"id":"E8178","from":"N1653","to":"N1649","length":5.2,"steep":false,"has_stairs":false}},{"type":"Feature","geometry":{"type":"LineString","coordinates":[[-80.42528919970798,37.23126799020119],[-80.42533743234448,37.231256995624186],[-80.42535092647478,37.231257647974964]]},"properties":{"id":"E8179","from":"N1648","to":"N1653","length":5.6,"steep":false,"has_stairs":false}},{"type":"Feature","geometry":{"type":"LineString","coordinates":[[-80.42523517574475,37.231279782209214],[-80.42525292773898,37.23127625889096],[-80.42528919970798,37.23126799020119]]},"properties":{"id":"E8180","from":"N1646","to":"N1648","length":5,"steep":false,"has_stairs":false}},{"type":"Feature","geometry":{"type":"LineString","coordinates":[[-80.42516295988489,37.231294114165486],[-80.42523517574475,37.231279782209214]]},"properties":{"id":"E8181","from":"N1654","to":"N1646","length":6.6,"steep":false,"has_stairs":false}},{"type":"Feature","geometry":{"type":"LineString","coordinates":[[-80.4249815276261,37.231088720989234],[-80.42497112932013,37.23120741626754]]},"properties":{"id":"E8182","from":"N334","to":"N1655","length":13.2,"steep":false,"has_stairs":false}},{"type":"Feature","geometry":{"type":"LineString","coordinates":[[-80.42497112932013,37.23120741626754],[-80.42502612649858,37.23121199470657],[-80.42509873555582,37.2312349992135],[-80.4251430164842,37.2312640454975],[-80.42516295988489,37.231294114165486]]},"properties":{"id":"E8183","from":"N1655","to":"N1654","length":20.7,"steep":false,"has_stairs":false}},{"type":"Feature","geometry":{"type":"LineString","coordinates":[[-80.42516295988489,37.231294114165486],[-80.42513142578136,37.23136585670431]]},"properties":{"id":"E8184","from":"N1654","to":"N1564","length":8.5,"steep":false,"has_stairs":false}},{"type":"Feature","geometry":{"type":"LineString","coordinates":[[-80.42548185906334,37.23152314700981],[-80.42548585288299,37.2314926275657],[-80.42546412039574,37.23143935940488],[-80.42541383313232,37.231398096095575],[-80.42537242947743,37.231339040781165],[-80.42535921686354,37.23128699097022],[-80.42535092647478,37.231257647974964]]},"properties":{"id":"E8185","from":"N1567","to":"N1653","length":32.8,"steep":false,"has_stairs":false}},{"type":"Feature","geometry":{"type":"LineString","coordinates":[[-80.42547831637162,37.231302146589535],[-80.4254094250857,37.23126047471848]]},"properties":{"id":"E8186","from":"N1558","to":"N1649","length":7.7,"steep":false,"has_stairs":false}},{"type":"Feature","geometry":{"type":"LineString","coordinates":[[-80.42532894433171,37.23082117249634],[-80.42484611431614,37.23042746159798]]},"properties":{"id":"E8187","from":"N1605","to":"N1588","length":61.2,"steep":false,"has_stairs":false}},{"type":"Feature","geometry":{"type":"LineString","coordinates":[[-80.42528915120498,37.230849054637076],[-80.42485028348695,37.23071159649362],[-80.42496319568829,37.23061430418372],[-80.42493467709649,37.23058825443243],[-80.4246175934801,37.23059427720915]]},"properties":{"id":"E8188","from":"N1602","to":"N1656","length":88.4,"steep":false,"has_stairs":false}},{"type":"Feature","geometry":{"type":"LineString","coordinates":[[-80.42767077726621,37.23010535031811],[-80.42748202035379,37.230247098407695],[-80.42752520189256,37.230286574269485]]},"properties":{"id":"E8189","from":"N1657","to":"N1658","length":28.8,"steep":false,"has_stairs":false}},{"type":"Feature","geometry":{"type":"LineString","coordinates":[[-80.42767077726621,37.23010535031811],[-80.42760633158164,37.23002922141177]]},"properties":{"id":"E8190","from":"N1657","to":"N1659","length":10.2,"steep":false,"has_stairs":false}},{"type":"Feature","geometry":{"type":"LineString","coordinates":[[-80.42744413438155,37.23027436522207],[-80.42727188482286,37.23040653228173]]},"properties":{"id":"E8192","from":"N1660","to":"N1661","length":21.2,"steep":false,"has_stairs":false}},{"type":"Feature","geometry":{"type":"LineString","coordinates":[[-80.42744413438155,37.23027436522207],[-80.42743322174528,37.23026418587107]]},"properties":{"id":"E8194","from":"N1660","to":"N1662","length":1.5,"steep":false,"has_stairs":false}},{"type":"Feature","geometry":{"type":"LineString","coordinates":[[-80.4271807635088,37.23031717883812],[-80.42727188482286,37.23040653228173]]},"properties":{"id":"E8195","from":"N1663","to":"N1661","length":12.8,"steep":false,"has_stairs":false}},{"type":"Feature","geometry":{"type":"LineString","coordinates":[[-80.42721070369038,37.23029293314651],[-80.4271807635088,37.23031717883812]]},"properties":{"id":"E8196","from":"N1664","to":"N1663","length":3.8,"steep":false,"has_stairs":false}},{"type":"Feature","geometry":{"type":"LineString","coordinates":[[-80.42659924026539,37.229974795491316],[-80.42668365253988,37.23002333887367],[-80.4268530554302,37.23016474466915],[-80.426906969386,37.23016621155424],[-80.42698745739972,37.23016014612128],[-80.42707895803647,37.23021974129949],[-80.4271807635088,37.23031717883812]]},"properties":{"id":"E8197","from":"N1607","to":"N1663","length":67.4,"steep":false,"has_stairs":false}},{"type":"Feature","geometry":{"type":"LineString","coordinates":[[-80.4273124315894,37.2304462936818],[-80.42798938898072,37.229938120769184],[-80.42806218030093,37.22986061039229]]},"properties":{"id":"E8198","from":"N1665","to":"N1121","length":93.1,"steep":false,"has_stairs":false}},{"type":"Feature","geometry":{"type":"LineString","coordinates":[[-80.42806218030093,37.22986061039229],[-80.42800294547278,37.229837441546245],[-80.42760633158164,37.23002922141177]]},"properties":{"id":"E8199","from":"N1121","to":"N1659","length":46.9,"steep":false,"has_stairs":false}},{"type":"Feature","geometry":{"type":"LineString","coordinates":[[-80.42760633158164,37.23002922141177],[-80.4275164428422,37.23006598521944],[-80.42747197280788,37.23001987713066],[-80.42786434265292,37.229728387893125],[-80.42784912070184,37.22969741337634],[-80.42770227492727,37.22949031749899]]},"properties":{"id":"E8200","from":"N1659","to":"N995","length":93.1,"steep":false,"has_stairs":false}},{"type":"Feature","geometry":{"type":"LineString","coordinates":[[-80.42727188482286,37.23040653228173],[-80.4273124315894,37.2304462936818]]},"properties":{"id":"E8201","from":"N1661","to":"N1665","length":5.7,"steep":false,"has_stairs":false}},{"type":"Feature","geometry":{"type":"LineString","coordinates":[[-80.4273124315894,37.2304462936818],[-80.42732442380186,37.23045805248918]]},"properties":{"id":"E8202","from":"N1665","to":"N1666","length":1.7,"steep":false,"has_stairs":false}},{"type":"Feature","geometry":{"type":"LineString","coordinates":[[-80.42730895035048,37.23125973398633],[-80.42727509917269,37.2312855928501],[-80.42684637196754,37.23161636177621],[-80.4263746415318,37.23199195126801]]},"properties":{"id":"E8203","from":"N1610","to":"N1667","length":116.1,"steep":false,"has_stairs":false}},{"type":"Feature","geometry":{"type":"LineString","coordinates":[[-80.42698605080223,37.2317674826132],[-80.42721919149773,37.23195508814671]]},"properties":{"id":"E8204","from":"N1668","to":"N1669","length":29.3,"steep":false,"has_stairs":false}},{"type":"Feature","geometry":{"type":"LineString","coordinates":[[-80.4273181586168,37.232041033715724],[-80.42732356206612,37.232053163271075],[-80.42731135075033,37.23212164464616]]},"properties":{"id":"E8205","from":"N1670","to":"N1671","length":9.1,"steep":false,"has_stairs":false}},{"type":"Feature","geometry":{"type":"LineString","coordinates":[[-80.4273181586168,37.232041033715724],[-80.4273747164981,37.232028571194455],[-80.42743712657834,37.23201261886636],[-80.4274708421971,37.232003244817584],[-80.42749383923923,37.23200626264806],[-80.42750896137419,37.23202267953057]]},"properties":{"id":"E8206","from":"N1670","to":"N1672","length":18.5,"steep":false,"has_stairs":false}},{"type":"Feature","geometry":{"type":"LineString","coordinates":[[-80.4263746415318,37.23199195126801],[-80.42678372914641,37.2323858782796]]},"properties":{"id":"E8207","from":"N1667","to":"N1104","length":56.8,"steep":false,"has_stairs":false}},{"type":"Feature","geometry":{"type":"LineString","coordinates":[[-80.42721919149773,37.23195508814671],[-80.42727502054899,37.23191413002914]]},"properties":{"id":"E8208","from":"N1669","to":"N1673","length":6.7,"steep":false,"has_stairs":false}},{"type":"Feature","geometry":{"type":"LineString","coordinates":[[-80.42698605080223,37.2317674826132],[-80.42703601028381,37.23172933508186]]},"properties":{"id":"E8209","from":"N1668","to":"N1674","length":6.1,"steep":false,"has_stairs":false}},{"type":"Feature","geometry":{"type":"LineString","coordinates":[[-80.426821675005,37.23163602618558],[-80.42698605080223,37.2317674826132]]},"properties":{"id":"E8210","from":"N1675","to":"N1668","length":20.6,"steep":false,"has_stairs":false}},{"type":"Feature","geometry":{"type":"LineString","coordinates":[[-80.42721919149773,37.23195508814671],[-80.4273181586168,37.232041033715724]]},"properties":{"id":"E8211","from":"N1669","to":"N1670","length":13,"steep":false,"has_stairs":false}},{"type":"Feature","geometry":{"type":"LineString","coordinates":[[-80.42372803306358,37.22986889114923],[-80.42364172625193,37.22978891643508]]},"properties":{"id":"E8213","from":"N1096","to":"N1175","length":11.7,"steep":false,"has_stairs":false}},{"type":"Feature","geometry":{"type":"LineString","coordinates":[[-80.42269192678096,37.23070889631278],[-80.42262273034059,37.230766312845844],[-80.42259528336962,37.23078460253313],[-80.42254468065288,37.230812250604835]]},"properties":{"id":"E8215","from":"N1676","to":"N318","length":17.5,"steep":false,"has_stairs":false}},{"type":"Feature","geometry":{"type":"LineString","coordinates":[[-80.42799901872118,37.231540483498335],[-80.42803938466061,37.23159620390799],[-80.42806362956449,37.23164807325821],[-80.42804835689792,37.23168158181147],[-80.42800238114948,37.2317094838357],[-80.4279457034122,37.231717197063],[-80.42789361350296,37.23170515134011],[-80.42784403527382,37.23169170634409],[-80.42781364415103,37.23169831154993],[-80.42779459536158,37.23171694929729],[-80.42779000749528,37.23173670821646],[-80.4278019044158,37.2317704526017],[-80.42781960267381,37.2317986720216],[-80.42782872908835,37.23182363719821],[-80.42783054707596,37.231861626281855]]},"properties":{"id":"E8216","from":"N1677","to":"N1678","length":59.1,"steep":false,"has_stairs":false}},{"type":"Feature","geometry":{"type":"LineString","coordinates":[[-80.42830246940261,37.23163291593641],[-80.4282335292368,37.23158225799795],[-80.42815790080019,37.23152940378634],[-80.42809918575271,37.23151551509353],[-80.4280307035303,37.23153466376124],[-80.42799901872118,37.231540483498335]]},"properties":{"id":"E8217","from":"N1679","to":"N1677","length":31.9,"steep":false,"has_stairs":false}},{"type":"Feature","geometry":{"type":"LineString","coordinates":[[-80.42799901872118,37.231540483498335],[-80.42791018873214,37.23154193427788],[-80.42784458590756,37.231547120919494],[-80.42776108485859,37.23160142765953],[-80.42774244722462,37.23157896924354]]},"properties":{"id":"E8218","from":"N1677","to":"N1680","length":26.2,"steep":false,"has_stairs":false}},{"type":"Feature","geometry":{"type":"LineString","coordinates":[[-80.42769308731795,37.23093327676619],[-80.42775561699506,37.23088881475003]]},"properties":{"id":"E8219","from":"N1681","to":"N1682","length":7.4,"steep":false,"has_stairs":false}},{"type":"Feature","geometry":{"type":"LineString","coordinates":[[-80.42064798782752,37.22428958912245],[-80.4205907656685,37.22433803576502],[-80.42056183917461,37.224389618996554],[-80.4205489798436,37.22442445185277],[-80.42054192247906,37.224478725576674]]},"properties":{"id":"E8220","from":"N814","to":"N1683","length":23.8,"steep":false,"has_stairs":false}},{"type":"Feature","geometry":{"type":"LineString","coordinates":[[-80.42050989623593,37.2244759029119],[-80.42051878194249,37.22452108377226],[-80.42052326934943,37.224575458063036],[-80.42051038769797,37.22464835238469]]},"properties":{"id":"E8221","from":"N246","to":"N1130","length":19.3,"steep":false,"has_stairs":false}},{"type":"Feature","geometry":{"type":"LineString","coordinates":[[-80.42054192247906,37.224478725576674],[-80.42069862908959,37.22449321264887]]},"properties":{"id":"E8222","from":"N1683","to":"N1684","length":14,"steep":false,"has_stairs":false}},{"type":"Feature","geometry":{"type":"LineString","coordinates":[[-80.42069862908959,37.22449321264887],[-80.42051038769797,37.22464835238469]]},"properties":{"id":"E8223","from":"N1684","to":"N1130","length":24,"steep":false,"has_stairs":false}},{"type":"Feature","geometry":{"type":"LineString","coordinates":[[-80.42050989623593,37.2244759029119],[-80.42052745575597,37.22447820298365],[-80.42054192247906,37.224478725576674]]},"properties":{"id":"E8224","from":"N246","to":"N1683","length":2.9,"steep":false,"has_stairs":false}},{"type":"Feature","geometry":{"type":"LineString","coordinates":[[-80.4213439294705,37.22406289805962],[-80.42114834119664,37.22415693980902],[-80.42103523581464,37.22424946309133],[-80.42078276390484,37.224428891767104],[-80.42069862908959,37.22449321264887]]},"properties":{"id":"E8225","from":"N1249","to":"N1684","length":74.9,"steep":false,"has_stairs":false}},{"type":"Feature","geometry":{"type":"LineString","coordinates":[[-80.42710991076247,37.22885195785715],[-80.42706982503047,37.22877737324351],[-80.42703894472221,37.228682176532004]]},"properties":{"id":"E8226","from":"N879","to":"N1685","length":20,"steep":false,"has_stairs":false}},{"type":"Feature","geometry":{"type":"LineString","coordinates":[[-80.4249815276261,37.231088720989234],[-80.42489129982721,37.23109810104344],[-80.42485946365326,37.231121985886865]]},"properties":{"id":"E8228","from":"N334","to":"N432","length":11.9,"steep":false,"has_stairs":false}},{"type":"Feature","geometry":{"type":"LineString","coordinates":[[-80.42532774368728,37.23082014749357],[-80.42528915120498,37.230849054637076]]},"properties":{"id":"E8230","from":"N1605","to":"N1602","length":4.7,"steep":false,"has_stairs":false}},{"type":"Feature","geometry":{"type":"LineString","coordinates":[[-80.42497112932013,37.23120741626754],[-80.42494773732501,37.231223856747405]]},"properties":{"id":"E8231","from":"N1655","to":"N1563","length":2.8,"steep":false,"has_stairs":false}},{"type":"Feature","geometry":{"type":"LineString","coordinates":[[-80.42476522812272,37.231316887856046],[-80.42461847223998,37.231347420441246]]},"properties":{"id":"E8232","from":"N1598","to":"N1601","length":13.4,"steep":false,"has_stairs":false}},{"type":"Feature","geometry":{"type":"LineString","coordinates":[[-80.42481214182057,37.23124577429909],[-80.42476522812272,37.231316887856046]]},"properties":{"id":"E8233","from":"N1597","to":"N1598","length":8.9,"steep":false,"has_stairs":false}},{"type":"Feature","geometry":{"type":"LineString","coordinates":[[-80.42513142578136,37.23136585670431],[-80.42523199569234,37.231443397723886]]},"properties":{"id":"E8234","from":"N1564","to":"N1572","length":12.4,"steep":false,"has_stairs":false}},{"type":"Feature","geometry":{"type":"LineString","coordinates":[[-80.4263682039178,37.230356002978596],[-80.42640063916012,37.23039880999733],[-80.42649015140047,37.23049298510762]]},"properties":{"id":"E8235","from":"N1643","to":"N1609","length":18.7,"steep":false,"has_stairs":false}},{"type":"Feature","geometry":{"type":"LineString","coordinates":[[-80.42630848677084,37.230185547383165],[-80.4262955872142,37.230260165001305],[-80.4263682039178,37.230356002978596]]},"properties":{"id":"E8236","from":"N1606","to":"N1643","length":20.8,"steep":false,"has_stairs":false}},{"type":"Feature","geometry":{"type":"LineString","coordinates":[[-80.42672094469401,37.22990652972902],[-80.42659924026539,37.229974795491316]]},"properties":{"id":"E8237","from":"N1611","to":"N1607","length":13.2,"steep":false,"has_stairs":false}},{"type":"Feature","geometry":{"type":"LineString","coordinates":[[-80.42496858374687,37.229589144691744],[-80.42492940656952,37.2295566127891],[-80.42489180548108,37.229583978680495],[-80.42480873807682,37.22958518808906],[-80.4245403839822,37.22974902906355]]},"properties":{"id":"E8238","from":"N1686","to":"N526","length":46.8,"steep":false,"has_stairs":false}},{"type":"Feature","geometry":{"type":"LineString","coordinates":[[-80.42496858374687,37.229589144691744],[-80.42497765353761,37.229582062327914]]},"properties":{"id":"E8239","from":"N1686","to":"N1687","length":1.1,"steep":false,"has_stairs":false}},{"type":"Feature","geometry":{"type":"LineString","coordinates":[[-80.42732442380186,37.23045805248918],[-80.42738970929796,37.23052146967334],[-80.42742290504229,37.23052499965608],[-80.42761285406725,37.23068344383246],[-80.42765780980126,37.23074855017478],[-80.42768449682048,37.230862825942445],[-80.42769308731795,37.23093327676619]]},"properties":{"id":"E8240","from":"N1666","to":"N1681","length":65.5,"steep":false,"has_stairs":false}},{"type":"Feature","geometry":{"type":"LineString","coordinates":[[-80.42769308731795,37.23093327676619],[-80.42765644608697,37.23099428533664],[-80.42730895035048,37.23125973398633]]},"properties":{"id":"E8240-1","from":"N1681","to":"N1610","length":50.2,"steep":false,"has_stairs":false}},{"type":"Feature","geometry":{"type":"LineString","coordinates":[[-80.42626951766252,37.23189751978236],[-80.4263746415318,37.23199195126801]]},"properties":{"id":"E8241","from":"N1311","to":"N1667","length":14,"steep":false,"has_stairs":false}},{"type":"Feature","geometry":{"type":"LineString","coordinates":[[-80.42444762937832,37.22921701055786],[-80.42417083441165,37.22942266447359]]},"properties":{"id":"E8242","from":"N966","to":"N525","length":33.5,"steep":false,"has_stairs":false}},{"type":"Feature","geometry":{"type":"LineString","coordinates":[[-80.42447445492718,37.23005774552742],[-80.42438475795419,37.22997782210511],[-80.42461081483788,37.22981879449764]]},"properties":{"id":"E8243","from":"N149","to":"N527","length":38.6,"steep":false,"has_stairs":false}},{"type":"Feature","geometry":{"type":"LineString","coordinates":[[-80.42461081483788,37.22981879449764],[-80.42462314970868,37.229831414116624]]},"properties":{"id":"E8244","from":"N527","to":"N1688","length":1.8,"steep":false,"has_stairs":false}},{"type":"Feature","geometry":{"type":"LineString","coordinates":[[-80.42111455541878,37.23090004811324],[-80.42108825733546,37.23087979530626],[-80.42104967618383,37.23086607838865],[-80.42089941240953,37.230816064605506]]},"properties":{"id":"E8245","from":"N1689","to":"N1690","length":21.4,"steep":false,"has_stairs":false}},{"type":"Feature","geometry":{"type":"LineString","coordinates":[[-80.42088174218752,37.23082900431985],[-80.42089941240953,37.230816064605506]]},"properties":{"id":"E8246","from":"N1691","to":"N1690","length":2.1,"steep":false,"has_stairs":false}},{"type":"Feature","geometry":{"type":"LineString","coordinates":[[-80.42089941240953,37.230816064605506],[-80.4209624408891,37.230772804948266]]},"properties":{"id":"E8246-1","from":"N1690","to":"N1692","length":7.4,"steep":false,"has_stairs":false}},{"type":"Feature","geometry":{"type":"LineString","coordinates":[[-80.42094261278832,37.23088616622829],[-80.42102172197113,37.230967373090486]]},"properties":{"id":"E8247","from":"N499","to":"N29","length":11.4,"steep":false,"has_stairs":false}},{"type":"Feature","geometry":{"type":"LineString","coordinates":[[-80.4209905033374,37.231369584597054],[-80.42095030644091,37.231332207382046],[-80.42085573271748,37.231234098938835]]},"properties":{"id":"E8248","from":"N1693","to":"N1694","length":19.2,"steep":false,"has_stairs":false}},{"type":"Feature","geometry":{"type":"LineString","coordinates":[[-80.42162322331039,37.23124164600501],[-80.4216039676048,37.23126150823654],[-80.42133598761748,37.23144771799591]]},"properties":{"id":"E8249","from":"N543","to":"N1695","length":34.3,"steep":false,"has_stairs":false}},{"type":"Feature","geometry":{"type":"LineString","coordinates":[[-80.42133598761748,37.23144771799591],[-80.42124225226493,37.23150960867084],[-80.42121131201662,37.23148146412028]]},"properties":{"id":"E8250","from":"N1695","to":"N1696","length":14.9,"steep":false,"has_stairs":false}},{"type":"Feature","geometry":{"type":"LineString","coordinates":[[-80.42133598761748,37.23144771799591],[-80.42135750282901,37.23146843524708],[-80.42115214066422,37.231610292697965]]},"properties":{"id":"E8251","from":"N1695","to":"N1697","length":27.1,"steep":false,"has_stairs":false}},{"type":"Feature","geometry":{"type":"LineString","coordinates":[[-80.41957348560727,37.23226496202187],[-80.41971600259622,37.232347437825034],[-80.41979606306289,37.23238786692405],[-80.41984343986609,37.23240378904774],[-80.4198635104128,37.232409909514104],[-80.41988430655228,37.23241270371097],[-80.4199052808262,37.2324120980811],[-80.41992588108678,37.232408108567704],[-80.41994556503222,37.232400840194714],[-80.42017686243047,37.23224095745831],[-80.42013682525007,37.23220060044265],[-80.42028649054942,37.232101098941875],[-80.4202899595676,37.23202377574447],[-80.42027814890122,37.23196312062716],[-80.4202494711308,37.23190418823984],[-80.4201789666008,37.231836891864496]]},"properties":{"id":"E8252","from":"N829","to":"N1698","length":120.3,"steep":false,"has_stairs":false}},{"type":"Feature","geometry":{"type":"LineString","coordinates":[[-80.42018881382445,37.23216603700142],[-80.42013648782675,37.23211609467636]]},"properties":{"id":"E8253","from":"N1699","to":"N1700","length":7.2,"steep":false,"has_stairs":false}},{"type":"Feature","geometry":{"type":"LineString","coordinates":[[-80.42038602497418,37.231977785289274],[-80.42028913811355,37.23204208239501]]},"properties":{"id":"E8254","from":"N1701","to":"N1702","length":11.2,"steep":false,"has_stairs":false}},{"type":"Feature","geometry":{"type":"LineString","coordinates":[[-80.42048691710623,37.23208627049988],[-80.42094138640495,37.231778054701145],[-80.42101326341121,37.23171661732304],[-80.42115214066422,37.231610292697965]]},"properties":{"id":"E8255","from":"N1703","to":"N1697","length":79.2,"steep":false,"has_stairs":false}},{"type":"Feature","geometry":{"type":"LineString","coordinates":[[-80.42077406525203,37.23143730022822],[-80.42053062414259,37.231415128444986]]},"properties":{"id":"E8256","from":"N1328","to":"N1704","length":21.7,"steep":false,"has_stairs":false}},{"type":"Feature","geometry":{"type":"LineString","coordinates":[[-80.42059842465375,37.23142130320475],[-80.42062029680979,37.23135825427445],[-80.42047493630503,37.231222113114086]]},"properties":{"id":"E8257","from":"N1705","to":"N492","length":27.1,"steep":false,"has_stairs":false}},{"type":"Feature","geometry":{"type":"LineString","coordinates":[[-80.42256394984993,37.230538321390775],[-80.4224558554751,37.23043683108548]]},"properties":{"id":"E8258","from":"N1706","to":"N1707","length":14.8,"steep":false,"has_stairs":false}},{"type":"Feature","geometry":{"type":"LineString","coordinates":[[-80.42233015321179,37.230108584830234],[-80.42229777332902,37.23015879974493],[-80.42224797949291,37.23024116481161],[-80.4224558554751,37.23043683108548]]},"properties":{"id":"E8259","from":"N1708","to":"N1707","length":44.9,"steep":false,"has_stairs":false}},{"type":"Feature","geometry":{"type":"LineString","coordinates":[[-80.42197445409927,37.23002836932619],[-80.42198752086267,37.23004048880285]]},"properties":{"id":"E8260","from":"N1709","to":"N1710","length":1.8,"steep":false,"has_stairs":false}},{"type":"Feature","geometry":{"type":"LineString","coordinates":[[-80.42187037798666,37.22998277000624],[-80.42190727494824,37.23002065758645],[-80.421806765299,37.2300881649756],[-80.4218214941024,37.23010141645892],[-80.42192691289492,37.23003184541076],[-80.42194472949255,37.2300494115091],[-80.42197445409927,37.23002836932619]]},"properties":{"id":"E8261","from":"N1711","to":"N1709","length":37.1,"steep":false,"has_stairs":false}},{"type":"Feature","geometry":{"type":"LineString","coordinates":[[-80.42253983471461,37.229590233909526],[-80.4225536926793,37.22962509508237],[-80.42260234574152,37.2296717830623]]},"properties":{"id":"E8262","from":"N57","to":"N1712","length":10.8,"steep":false,"has_stairs":false}},{"type":"Feature","geometry":{"type":"LineString","coordinates":[[-80.42260234574152,37.2296717830623],[-80.42276975609339,37.22983242793128]]},"properties":{"id":"E8263","from":"N1712","to":"N1713","length":23.2,"steep":false,"has_stairs":false}},{"type":"Feature","geometry":{"type":"LineString","coordinates":[[-80.42309591441618,37.23016605333834],[-80.422860182448,37.22991920032097]]},"properties":{"id":"E8264","from":"N1714","to":"N1715","length":34.5,"steep":false,"has_stairs":false}},{"type":"Feature","geometry":{"type":"LineString","coordinates":[[-80.42260234574152,37.2296717830623],[-80.42247314352112,37.22987837087665]]},"properties":{"id":"E8265","from":"N1712","to":"N1716","length":25.7,"steep":false,"has_stairs":false}},{"type":"Feature","geometry":{"type":"LineString","coordinates":[[-80.42268426668682,37.229506541789306],[-80.42260234574152,37.2296717830623]]},"properties":{"id":"E8266","from":"N1717","to":"N1712","length":19.8,"steep":false,"has_stairs":false}},{"type":"Feature","geometry":{"type":"LineString","coordinates":[[-80.42247314352112,37.22987837087665],[-80.42240966168877,37.22998528271483],[-80.42233015321179,37.230108584830234]]},"properties":{"id":"E8267","from":"N1716","to":"N1708","length":28.6,"steep":false,"has_stairs":false}},{"type":"Feature","geometry":{"type":"LineString","coordinates":[[-80.42233015321179,37.230108584830234],[-80.42252460542008,37.22998080965182]]},"properties":{"id":"E8268","from":"N1708","to":"N1718","length":22.3,"steep":false,"has_stairs":false}},{"type":"Feature","geometry":{"type":"LineString","coordinates":[[-80.42252460542008,37.22998080965182],[-80.4225431150346,37.23000097448518],[-80.42247186045569,37.23004863565038],[-80.42248383270586,37.23006203288953],[-80.42258824748696,37.22999214411709]]},"properties":{"id":"E8269","from":"N1718","to":"N1719","length":24.9,"steep":false,"has_stairs":false}},{"type":"Feature","geometry":{"type":"LineString","coordinates":[[-80.42252460542008,37.22998080965182],[-80.4226717769496,37.22988410260964],[-80.42279129710766,37.229853098538705]]},"properties":{"id":"E8270","from":"N1718","to":"N1720","length":28,"steep":false,"has_stairs":false}},{"type":"Feature","geometry":{"type":"LineString","coordinates":[[-80.42272275938046,37.2298472281787],[-80.42276975609339,37.22983242793128]]},"properties":{"id":"E8271","from":"N1721","to":"N1713","length":4.5,"steep":false,"has_stairs":false}},{"type":"Feature","geometry":{"type":"LineString","coordinates":[[-80.42247314352112,37.22987837087665],[-80.4225632732805,37.22986921596207],[-80.42265521495672,37.22986110308987],[-80.42272275938046,37.2298472281787]]},"properties":{"id":"E8272","from":"N1716","to":"N1721","length":22.4,"steep":false,"has_stairs":false}},{"type":"Feature","geometry":{"type":"LineString","coordinates":[[-80.42247314352112,37.22987837087665],[-80.42242347619184,37.22986368582619],[-80.42234690585477,37.22983561953008],[-80.42226820760135,37.22981459259283],[-80.4221960992283,37.229807839136285],[-80.42214455091293,37.22980068235597]]},"properties":{"id":"E8273","from":"N1716","to":"N1722","length":30.6,"steep":false,"has_stairs":false}},{"type":"Feature","geometry":{"type":"LineString","coordinates":[[-80.42279129710766,37.229853098538705],[-80.422860182448,37.22991920032097]]},"properties":{"id":"E8274","from":"N1720","to":"N1715","length":9.6,"steep":false,"has_stairs":false}},{"type":"Feature","geometry":{"type":"LineString","coordinates":[[-80.42276975609339,37.22983242793128],[-80.42279129710766,37.229853098538705]]},"properties":{"id":"E8275","from":"N1713","to":"N1720","length":3,"steep":false,"has_stairs":false}},{"type":"Feature","geometry":{"type":"LineString","coordinates":[[-80.41735281790297,37.2309689523732],[-80.41742906856302,37.23105376896664],[-80.4174492125622,37.23108635650924],[-80.41747608693242,37.231109719179294],[-80.41750708370493,37.23113345110017],[-80.41761165016528,37.231185440858646],[-80.41766514564574,37.2312124313028],[-80.41769343236213,37.231234148677345],[-80.41771935817036,37.23126750747771],[-80.41775086097813,37.23131119356577],[-80.41777299685904,37.2313373036428],[-80.41779153034278,37.23134917433504],[-80.41782688357637,37.23136353779498],[-80.4178592128119,37.23137098798626],[-80.417920912729,37.23137542928833],[-80.41796830173489,37.23137816712632],[-80.4179935321945,37.23139843886394]]},"properties":{"id":"E8276","from":"N1723","to":"N1188","length":77.9,"steep":false,"has_stairs":false}},{"type":"Feature","geometry":{"type":"LineString","coordinates":[[-80.41861579084551,37.21573927097699],[-80.41877217399193,37.21571156936206]]},"properties":{"id":"E8277","from":"N1724","to":"N1725","length":14.2,"steep":false,"has_stairs":false}},{"type":"Feature","geometry":{"type":"LineString","coordinates":[[-80.41877217399193,37.21571156936206],[-80.41887659154283,37.21567466945323],[-80.41892003264861,37.21566656633172],[-80.41934167023867,37.21557386306145]]},"properties":{"id":"E8278","from":"N1725","to":"N1726","length":52.8,"steep":false,"has_stairs":false}},{"type":"Feature","geometry":{"type":"LineString","coordinates":[[-80.41934167023867,37.21557386306145],[-80.41967800780849,37.216559022635224],[-80.41968725329757,37.21657488405399],[-80.41969904941001,37.216588952295005],[-80.41971305593717,37.216600821619785],[-80.41972886892044,37.21661014970821],[-80.41974603230169,37.21661666753131],[-80.41976405107629,37.216620187110244],[-80.41978240556944,37.21662060693774],[-80.41980056642396,37.21661791490567],[-80.41981800986738,37.21661218865423],[-80.42000100522723,37.21657284600725],[-80.42023464345122,37.216497505691216],[-80.42174674557795,37.21618435130202],[-80.42210998596505,37.216140282166585],[-80.42223896818606,37.21611195057407],[-80.42225603965386,37.21610925812177],[-80.42227243244957,37.21610378449769],[-80.42228769677604,37.21609567989102],[-80.42230141379984,37.21608516668171],[-80.42231320714352,37.21607253333865],[-80.42232275321295,37.21605812650449],[-80.42232979007629,37.21604234148418],[-80.42233412465109,37.216025611398315],[-80.42233563800221,37.216008395298864],[-80.42233428860526,37.21599116557339],[-80.42232296639742,37.2159317317486],[-80.42230502611687,37.21587395010572],[-80.42228069579795,37.21581855509239],[-80.42218946729949,37.21563165394545],[-80.42192174796679,37.214801505529685],[-80.42153812725994,37.21463033454537],[-80.42095301737046,37.2147524152642],[-80.42066461162227,37.214760924252325],[-80.42055991281661,37.2147727605359],[-80.42045617902625,37.214791233171134],[-80.42035383046245,37.214816267327926],[-80.42025328172515,37.21484776159635],[-80.42015494012341,37.21488558839747],[-80.4199964996697,37.214939674339064],[-80.41977201758007,37.21500437260871],[-80.4195295921538,37.21503883946005],[-80.41936765110626,37.215049104360915],[-80.41934632086726,37.21504592421002],[-80.41932475921773,37.21504635748194],[-80.41930357395363,37.2150503919633],[-80.41928336226107,37.2150579139271],[-80.41926469388244,37.215068711338574],[-80.41924809505602,37.21508247983219],[-80.41923403368196,37.21509883129131],[-80.41922290613287,37.215117304788706],[-80.41921502608044,37.21513737957959],[-80.4192106156535,37.21515848978066],[-80.41922261893882,37.2152178161579]]},"properties":{"id":"E8278-1","from":"N1726","to":"N1727","length":772,"steep":false,"has_stairs":false}},{"type":"Feature","geometry":{"type":"LineString","coordinates":[[-80.41922261893882,37.2152178161579],[-80.41934167023867,37.21557386306145]]},"properties":{"id":"E8279","from":"N1727","to":"N1726","length":41,"steep":false,"has_stairs":false}},{"type":"Feature","geometry":{"type":"LineString","coordinates":[[-80.42474367491484,37.21863684248534],[-80.42473562794903,37.21872014408611],[-80.42472758153409,37.218740969657055],[-80.42471618282312,37.21875805639563]]},"properties":{"id":"E8280","from":"N1728","to":"N1729","length":13.9,"steep":false,"has_stairs":false}},{"type":"Feature","geometry":{"type":"LineString","coordinates":[[-80.42471618282312,37.21875805639563],[-80.42470277119884,37.2187676682729],[-80.42469137246933,37.21877140611044],[-80.4246732669257,37.218774076240244],[-80.42465650315675,37.21877407651837],[-80.42462431674485,37.21876766870873],[-80.42459280123654,37.21875004700606],[-80.42456866050433,37.218731357792706],[-80.42454385047927,37.21870679411193],[-80.4245398268638,37.218684900868574],[-80.42454720287981,37.21866460988783],[-80.42459078884403,37.21858611395877]]},"properties":{"id":"E8280-1","from":"N1729","to":"N1506","length":33,"steep":false,"has_stairs":false}},{"type":"Feature","geometry":{"type":"LineString","coordinates":[[-80.42476439416471,37.21919701143751],[-80.42477411704117,37.21921249644295],[-80.42477881056497,37.219230117489026],[-80.42477679914067,37.21924453566439],[-80.42476674049198,37.21927550644301],[-80.42475936465993,37.219296865452925],[-80.4247586944788,37.21931875862468],[-80.424766070754,37.21934599136313],[-80.4247794811126,37.21936788383824],[-80.42480026876252,37.21938977767635],[-80.42482709066502,37.21940739836155],[-80.4248612891943,37.21942769001177]]},"properties":{"id":"E8282","from":"N1730","to":"N1505","length":29.7,"steep":false,"has_stairs":false}},{"type":"Feature","geometry":{"type":"LineString","coordinates":[[-80.42481336526818,37.219186902568296],[-80.4248636391899,37.219206009141885],[-80.42488086066342,37.219215739399395],[-80.4248993349366,37.219222807517376],[-80.4249186532694,37.21922705711495],[-80.42493838824707,37.21922839417052],[-80.42495810323672,37.21922678910197],[-80.42497736204763,37.21922227742114],[-80.4250002043194,37.21921496117278],[-80.4250239510016,37.21921158597577],[-80.42504792721735,37.21921224775267],[-80.42507145156648,37.219216927695875],[-80.42511322239208,37.21921888541289],[-80.42515490715176,37.21921556647658],[-80.42521666057112,37.21920502001973],[-80.42523216467049,37.21920205640503],[-80.42524692217034,37.21919645494921],[-80.42526048792837,37.219188384613496],[-80.4252724527497,37.21917808882989],[-80.4252824557298,37.21916587815841],[-80.42529019514076,37.219152120919325],[-80.42529543753251,37.219137232083305],[-80.42529802477458,37.219121660754276],[-80.42528893608754,37.21908948307728],[-80.42527495029427,37.21905911196082],[-80.42525640822198,37.21903128753478],[-80.42523376173231,37.21900668786741],[-80.42520756270962,37.2189859124411],[-80.42517844961182,37.218969467543246],[-80.42511935148028,37.21894381931888],[-80.42511565964652,37.218939004340776],[-80.42511284647026,37.21893362849759],[-80.42511099498648,37.21892785046518],[-80.42511015984446,37.21892184079061],[-80.42511036569462,37.21891577685819],[-80.42511160646097,37.21890983765374],[-80.42511384552051,37.21890419848155],[-80.42511701678413,37.21889902579001],[-80.42516417183492,37.21883053244952],[-80.42516893011427,37.21882122846808],[-80.42517215313876,37.21881128777363],[-80.42517375938014,37.218800961821785],[-80.42517370820762,37.218790511813445],[-80.42517200091561,37.2187802020876],[-80.42516868069107,37.218770293434716],[-80.42516383152099,37.218761036499885],[-80.42515757606792,37.218752665442615],[-80.42515007256715,37.21874539201363],[-80.42511107120563,37.21871264284434],[-80.42510354853086,37.2187057888144],[-80.42509705818078,37.21869795021006],[-80.42509172768844,37.21868928105707],[-80.42508766179608,37.21867995170116],[-80.42508494039704,37.218670145460834],[-80.4250776124199,37.21861665848367],[-80.42507334292715,37.2186037186651],[-80.42506712818412,37.21859159247683],[-80.42505911700904,37.21858057029254],[-80.42504950123748,37.21857091604942],[-80.42503851112869,37.21856286092797],[-80.42502640985178,37.218556597816104],[-80.42501348718393,37.21855227669028],[-80.42500005257129,37.21855000102418]]},"properties":{"id":"E8284","from":"N1731","to":"N1732","length":127.7,"steep":false,"has_stairs":false}},{"type":"Feature","geometry":{"type":"LineString","coordinates":[[-80.42463008937756,37.21915559480981],[-80.42465879990012,37.21915576005531],[-80.42468718069514,37.21916010193116],[-80.42471462742675,37.21916852798219],[-80.42474055564885,37.219180858785506],[-80.42476441325026,37.21919683177104]]},"properties":{"id":"E8285","from":"N1733","to":"N1730","length":13.1,"steep":false,"has_stairs":false}},{"type":"Feature","geometry":{"type":"LineString","coordinates":[[-80.42479540758441,37.21882618842485],[-80.42475568442407,37.21880791109198],[-80.42474096449315,37.21879193616222],[-80.42471701324666,37.21875681260254]]},"properties":{"id":"E8286","from":"N1734","to":"N1729","length":10.7,"steep":false,"has_stairs":false}},{"type":"Feature","geometry":{"type":"LineString","coordinates":[[-80.4267840987672,37.218979377182684],[-80.42673809020502,37.21890291893935]]},"properties":{"id":"E8287","from":"N1735","to":"N1736","length":9.4,"steep":false,"has_stairs":false}},{"type":"Feature","geometry":{"type":"LineString","coordinates":[[-80.42636815618708,37.21855338406445],[-80.4263461096376,37.21863969475651],[-80.42634657498007,37.21865793003238],[-80.42634379441863,37.21867096172922],[-80.42633889926655,37.21868335503913],[-80.42633202403644,37.21869476940969],[-80.42632335765087,37.218704891188466],[-80.42631313825115,37.21871344224182],[-80.42630164665339,37.218720187597654],[-80.42626360567097,37.218736797215364],[-80.42625485051757,37.218741909810056],[-80.42624703531759,37.218748368446484],[-80.42624036499708,37.218756003769656],[-80.42623501446175,37.21876461557011],[-80.42623112401054,37.21877397803372],[-80.42622879565681,37.21878384566283],[-80.42622809045344,37.21879395971363],[-80.42622902689192,37.21880405498076],[-80.42623158041744,37.21881386675139],[-80.4262375926648,37.21882969924944],[-80.42624594904184,37.21884442969666],[-80.42625645406801,37.21885771350402],[-80.42626886199945,37.21886923992368],[-80.42628288257768,37.218878739318335],[-80.4263196859821,37.21889562417692],[-80.42635877832166,37.21890617775517],[-80.42639907893879,37.21891010831297],[-80.42644472432475,37.21890917324707],[-80.4264901921666,37.21890504396538],[-80.42652447069177,37.21889997209186],[-80.42655830407892,37.218892485897726],[-80.42663505931931,37.21887155978757],[-80.42665099058127,37.21886845832446],[-80.42666721377245,37.218867976402684],[-80.42668330104274,37.21887012673183],[-80.42669882812662,37.21887485260182],[-80.42671338553221,37.21888202937848],[-80.42672658934075,37.21889146779047],[-80.42673809133152,37.21890291892095]]},"properties":{"id":"E8288","from":"N1737","to":"N1736","length":85.3,"steep":false,"has_stairs":false}},{"type":"Feature","geometry":{"type":"LineString","coordinates":[[-80.4254222273685,37.21874270374307],[-80.4254508808447,37.21874823073581],[-80.42546770284491,37.218750687409965],[-80.42548470325268,37.21875072019385],[-80.42550153460273,37.21874832841741],[-80.4255178528851,37.21874356096532],[-80.42574396116247,37.21865700530572],[-80.42583705409464,37.21862873603454],[-80.4259316761348,37.218606106071356],[-80.42602748600017,37.21858919703792],[-80.42612413812378,37.21857806992172],[-80.42630725939688,37.218567927864605],[-80.4263210309296,37.2185687339689],[-80.4263347508811,37.21856729596727],[-80.42634805599045,37.21856365193344],[-80.42636059398048,37.21855789834989],[-80.42637203288488,37.21855018755332]]},"properties":{"id":"E8294","from":"N1738","to":"N1737","length":88.4,"steep":false,"has_stairs":false}},{"type":"Feature","geometry":{"type":"LineString","coordinates":[[-80.42637203288488,37.21855018755332],[-80.42638206983766,37.218540723701224],[-80.42639043909206,37.218529757366454],[-80.42639691905673,37.218517578902855],[-80.42645962305164,37.21835737983492],[-80.42675339293177,37.217757122862906]]},"properties":{"id":"E8294-1","from":"N1737","to":"N193","length":94.6,"steep":false,"has_stairs":false}},{"type":"Feature","geometry":{"type":"LineString","coordinates":[[-80.42519379670837,37.21837923114518],[-80.42498458521487,37.21846573729895],[-80.42498994974622,37.21849243593046]]},"properties":{"id":"E8295","from":"N1739","to":"N1740","length":23.9,"steep":false,"has_stairs":false}},{"type":"Feature","geometry":{"type":"LineString","coordinates":[[-80.42585261023731,37.219340891632235],[-80.42587639221988,37.219353545718924],[-80.42590186642157,37.21936230777652],[-80.42592840059345,37.21936696033789],[-80.42595533617902,37.21936738793024],[-80.42598200465898,37.219363579941096],[-80.42599759671022,37.21935735991668],[-80.42631589886066,37.219230379513334]]},"properties":{"id":"E8296","from":"N1741","to":"N1742","length":45.2,"steep":false,"has_stairs":false}},{"type":"Feature","geometry":{"type":"LineString","coordinates":[[-80.41925615807824,37.21457942528281],[-80.4192845137401,37.214580633332076],[-80.41929980942245,37.21459588483858],[-80.41929743598367,37.21461976955986],[-80.41928274517976,37.21462835433965]]},"properties":{"id":"E8297","from":"N1743","to":"N1744","length":9,"steep":false,"has_stairs":false}},{"type":"Feature","geometry":{"type":"LineString","coordinates":[[-80.41928274517976,37.21462835433965],[-80.41928688534513,37.21464492738347]]},"properties":{"id":"E8297-1","from":"N1744","to":"N1745","length":1.9,"steep":false,"has_stairs":false}},{"type":"Feature","geometry":{"type":"LineString","coordinates":[[-80.41923909382044,37.21461189477763],[-80.41925285074447,37.21462526420025],[-80.41928274517976,37.21462835433965]]},"properties":{"id":"E8298","from":"N1746","to":"N1744","length":4.6,"steep":false,"has_stairs":false}},{"type":"Feature","geometry":{"type":"LineString","coordinates":[[-80.41869204250189,37.215108028981085],[-80.41861990987329,37.21489037847715]]},"properties":{"id":"E8299","from":"N1747","to":"N1748","length":25,"steep":false,"has_stairs":false}},{"type":"Feature","geometry":{"type":"LineString","coordinates":[[-80.41861990987329,37.21489037847715],[-80.41868916242736,37.21487601731848]]},"properties":{"id":"E8300","from":"N1748","to":"N1749","length":6.3,"steep":false,"has_stairs":false}},{"type":"Feature","geometry":{"type":"LineString","coordinates":[[-80.41866089955612,37.21488187817343],[-80.41861523192821,37.21474737600627],[-80.41923909382044,37.21461189477763]]},"properties":{"id":"E8301","from":"N1750","to":"N1746","length":72.8,"steep":false,"has_stairs":false}},{"type":"Feature","geometry":{"type":"LineString","coordinates":[[-80.41923909382044,37.21461189477763],[-80.41924006902073,37.2145916099847],[-80.41925615807824,37.21457942528281]]},"properties":{"id":"E8301-1","from":"N1746","to":"N1743","length":4.2,"steep":false,"has_stairs":false}},{"type":"Feature","geometry":{"type":"LineString","coordinates":[[-80.41925615807824,37.21457942528281],[-80.41908224840412,37.21407193831997]]},"properties":{"id":"E8301-2","from":"N1743","to":"N1751","length":58.5,"steep":false,"has_stairs":false}},{"type":"Feature","geometry":{"type":"LineString","coordinates":[[-80.42122430136936,37.219790331964106],[-80.42120914783085,37.22022591942974],[-80.42122535830963,37.220761345968185]]},"properties":{"id":"E8303","from":"N1752","to":"N1753","length":108,"steep":false,"has_stairs":false}},{"type":"Feature","geometry":{"type":"LineString","coordinates":[[-80.42001403179296,37.217055725779026],[-80.42002810177371,37.217053377974246],[-80.42013487186736,37.217030895271414],[-80.42027994433775,37.21700206524642],[-80.42067499934768,37.21691909015572],[-80.42082446959446,37.216887325414255],[-80.42087341184035,37.21687722944589],[-80.4209141051903,37.21685939771681],[-80.4209459122321,37.21684385655939],[-80.42097928974576,37.2168197051185],[-80.4210194735101,37.216781850648125],[-80.42106434772957,37.216752504530675],[-80.42110839915705,37.2167260333596],[-80.42115984138297,37.21670874129685],[-80.4212069400062,37.21669652834286],[-80.42126401949012,37.21668987603822],[-80.42130971144819,37.216692709416336],[-80.42135283048088,37.21669987747022],[-80.42140583937685,37.21670902955561],[-80.421448083315,37.21671692653821],[-80.4214749070151,37.216716489840344],[-80.42150439577819,37.21671529412923],[-80.42153381173102,37.21671123802464],[-80.42159346413557,37.21670025176419],[-80.42183820706431,37.216651197218525]]},"properties":{"id":"E8304","from":"N1754","to":"N1755","length":172,"steep":false,"has_stairs":false}},{"type":"Feature","geometry":{"type":"LineString","coordinates":[[-80.42023480478818,37.23159665307358],[-80.42026299595446,37.231577720047724]]},"properties":{"id":"E8678","from":"N1756","to":"N489","length":3.3,"steep":false,"has_stairs":false}},{"type":"Feature","geometry":{"type":"LineString","coordinates":[[-80.4170474542877,37.22821902230816],[-80.41718891040031,37.22813674260979]]},"properties":{"id":"E8679","from":"N47","to":"N1757","length":15.5,"steep":false,"has_stairs":false}},{"type":"Feature","geometry":{"type":"LineString","coordinates":[[-80.41654552804071,37.227997604058075],[-80.41666491764117,37.22813174624831],[-80.41668686122242,37.22815526215145]]},"properties":{"id":"E8680","from":"N1758","to":"N46","length":21.5,"steep":false,"has_stairs":false}},{"type":"Feature","geometry":{"type":"LineString","coordinates":[[-80.416941829276,37.2268324118641],[-80.41692430574764,37.22683372029577],[-80.41684013570372,37.22687602691436],[-80.41681856686134,37.226889134789914]]},"properties":{"id":"E8681","from":"N121","to":"N721","length":12.8,"steep":false,"has_stairs":false}},{"type":"Feature","geometry":{"type":"LineString","coordinates":[[-80.41749540961833,37.227668351069426],[-80.41750407471561,37.2276957651545],[-80.41753094782013,37.227738512560975],[-80.41761191218613,37.22783090792451]]},"properties":{"id":"E8682","from":"N1759","to":"N51","length":21,"steep":false,"has_stairs":false}},{"type":"Feature","geometry":{"type":"LineString","coordinates":[[-80.41762680482053,37.227631100886526],[-80.41749540961833,37.227668351069426]]},"properties":{"id":"E8683","from":"N722","to":"N1759","length":12.3,"steep":false,"has_stairs":false}},{"type":"Feature","geometry":{"type":"LineString","coordinates":[[-80.41749540961833,37.227668351069426],[-80.41727067343575,37.227718403954874],[-80.4167548074495,37.228150660996995]]},"properties":{"id":"E8683-1","from":"N1759","to":"N1760","length":87,"steep":false,"has_stairs":false}},{"type":"Feature","geometry":{"type":"LineString","coordinates":[[-80.417399914335,37.22749145508853],[-80.41723186384641,37.22762775624644],[-80.41682316960379,37.22797687735444],[-80.41668686122242,37.22815526215145]]},"properties":{"id":"E8684","from":"N1414","to":"N46","length":97.5,"steep":false,"has_stairs":false}},{"type":"Feature","geometry":{"type":"LineString","coordinates":[[-80.41867465316517,37.22909621393331],[-80.41864427237303,37.22906517013464],[-80.4185351699219,37.22894399163745]]},"properties":{"id":"E8685","from":"N1761","to":"N1762","length":21,"steep":false,"has_stairs":false}},{"type":"Feature","geometry":{"type":"LineString","coordinates":[[-80.4185351699219,37.22894399163745],[-80.41863732353899,37.22886621366876],[-80.41864746644133,37.22882138225161],[-80.41864276481662,37.22876891312018]]},"properties":{"id":"E8685-1","from":"N1762","to":"N1763","length":23.4,"steep":false,"has_stairs":false}},{"type":"Feature","geometry":{"type":"LineString","coordinates":[[-80.41903880283054,37.22950255368536],[-80.41867465316517,37.22909621393331]]},"properties":{"id":"E8686","from":"N943","to":"N1761","length":55.5,"steep":false,"has_stairs":false}},{"type":"Feature","geometry":{"type":"LineString","coordinates":[[-80.41864276481662,37.22876891312018],[-80.41864171665434,37.22875720990601],[-80.41863881793705,37.22872485148285],[-80.41862720161119,37.228633325993215],[-80.41862255506663,37.228571760242595]]},"properties":{"id":"E8687","from":"N1763","to":"N38","length":22,"steep":false,"has_stairs":false}},{"type":"Feature","geometry":{"type":"LineString","coordinates":[[-80.41867465316517,37.22909621393331],[-80.41864631348021,37.22911881631841]]},"properties":{"id":"E8688","from":"N1761","to":"N1764","length":3.6,"steep":false,"has_stairs":false}},{"type":"Feature","geometry":{"type":"LineString","coordinates":[[-80.41864631348021,37.22911881631841],[-80.41862162374935,37.22910338752759],[-80.41859466322863,37.229102782946946],[-80.41856536336421,37.22911226655924],[-80.41854419565168,37.22912773318091]]},"properties":{"id":"E8688-1","from":"N1764","to":"N1765","length":10.5,"steep":false,"has_stairs":false}},{"type":"Feature","geometry":{"type":"LineString","coordinates":[[-80.4185351699219,37.22894399163745],[-80.4184445658447,37.22898913481566],[-80.41840900377547,37.2289937883571]]},"properties":{"id":"E8689","from":"N1762","to":"N950","length":12.7,"steep":false,"has_stairs":false}},{"type":"Feature","geometry":{"type":"LineString","coordinates":[[-80.41831012548305,37.22888159329553],[-80.41799667446737,37.229072690277064],[-80.41803199564592,37.229111824069875]]},"properties":{"id":"E8690","from":"N1766","to":"N1767","length":40.3,"steep":false,"has_stairs":false}},{"type":"Feature","geometry":{"type":"LineString","coordinates":[[-80.41864631348021,37.22911881631841],[-80.41866402798058,37.229143800292576],[-80.41865064252517,37.22917671360637],[-80.418628082081,37.22919840368911]]},"properties":{"id":"E8691","from":"N1764","to":"N1768","length":10.2,"steep":false,"has_stairs":false}},{"type":"Feature","geometry":{"type":"LineString","coordinates":[[-80.42411992221223,37.219502657160504],[-80.42410831189817,37.219485454384476],[-80.42408640513098,37.21945789338112],[-80.42402425489139,37.21938611895653]]},"properties":{"id":"E8692","from":"N1769","to":"N1504","length":15.5,"steep":false,"has_stairs":false}},{"type":"Feature","geometry":{"type":"LineString","coordinates":[[-80.42416328138661,37.219481812044066],[-80.42411992221223,37.219502657160504]]},"properties":{"id":"E8693","from":"N1770","to":"N1769","length":4.5,"steep":false,"has_stairs":false}},{"type":"Feature","geometry":{"type":"LineString","coordinates":[[-80.42422667197384,37.21928807176091],[-80.4242837414989,37.21936434069416]]},"properties":{"id":"E8694","from":"N1771","to":"N1772","length":9.9,"steep":false,"has_stairs":false}},{"type":"Feature","geometry":{"type":"LineString","coordinates":[[-80.42214455091293,37.22980068235597],[-80.42195883853553,37.22975685401917]]},"properties":{"id":"E8698","from":"N1722","to":"N1773","length":17.1,"steep":false,"has_stairs":false}},{"type":"Feature","geometry":{"type":"LineString","coordinates":[[-80.42249755078552,37.229590922564846],[-80.42244352913553,37.22956772644243],[-80.42202384636845,37.22956900868436]]},"properties":{"id":"E8699","from":"N58","to":"N1774","length":42.6,"steep":false,"has_stairs":false}},{"type":"Feature","geometry":{"type":"LineString","coordinates":[[-80.42202384636845,37.22956900868436],[-80.4219922044658,37.22956910568766]]},"properties":{"id":"E8699-1","from":"N1774","to":"N1775","length":2.8,"steep":false,"has_stairs":false}},{"type":"Feature","geometry":{"type":"LineString","coordinates":[[-80.42202384636845,37.22956900868436],[-80.42195883853553,37.22975685401917]]},"properties":{"id":"E8700","from":"N1774","to":"N1773","length":21.7,"steep":false,"has_stairs":false}},{"type":"Feature","geometry":{"type":"LineString","coordinates":[[-80.42195883853553,37.22975685401917],[-80.42188375870094,37.229973799816634]]},"properties":{"id":"E8700-1","from":"N1773","to":"N59","length":25,"steep":false,"has_stairs":false}},{"type":"Feature","geometry":{"type":"LineString","coordinates":[[-80.42239973937123,37.22943326635101],[-80.42236318405904,37.22941069423594],[-80.42231852011427,37.2293663467183],[-80.4219922044658,37.22956910568766]]},"properties":{"id":"E8701","from":"N66","to":"N1775","length":47.1,"steep":false,"has_stairs":false}},{"type":"Feature","geometry":{"type":"LineString","coordinates":[[-80.42156206442228,37.22938520722947],[-80.42154318931016,37.22944111901129],[-80.42152330570231,37.22949571511235],[-80.42150862963075,37.229555897301],[-80.42150798499566,37.22961018022634],[-80.42151521551085,37.22965542489739],[-80.42153905864313,37.22970380148211],[-80.42156585187088,37.2297375815634],[-80.4215962309442,37.229759379320065],[-80.42164061494958,37.22979650248862],[-80.4219922044658,37.22956910568766]]},"properties":{"id":"E8702","from":"N90","to":"N1775","length":90.3,"steep":false,"has_stairs":false}},{"type":"Feature","geometry":{"type":"LineString","coordinates":[[-80.42440588654802,37.22892367321781],[-80.42444716314127,37.2289887902427],[-80.42450868335392,37.22901775938506],[-80.42465404266635,37.229076952377454],[-80.42475443423751,37.229120677887735],[-80.42478251832418,37.22914938182628],[-80.4248298420252,37.2292367582126],[-80.42490108738913,37.22936830115764]]},"properties":{"id":"E9099","from":"N84","to":"N1172","length":69.6,"steep":false,"has_stairs":false}},{"type":"Feature","geometry":{"type":"LineString","coordinates":[[-80.42363547924109,37.228222727289456],[-80.42370003149891,37.2282524892268],[-80.42373514071336,37.228278649064045],[-80.42377072460567,37.22832343154481],[-80.4238457554992,37.22844533458418],[-80.42388018333666,37.22848446591285],[-80.4239723385539,37.22855966026154]]},"properties":{"id":"E9100","from":"N461","to":"N1221","length":48.8,"steep":false,"has_stairs":false}},{"type":"Feature","geometry":{"type":"LineString","coordinates":[[-80.42444762937832,37.22921701055786],[-80.4241991806457,37.228993232090545]]},"properties":{"id":"E9101","from":"N966","to":"N1776","length":33.2,"steep":false,"has_stairs":false}},{"type":"Feature","geometry":{"type":"LineString","coordinates":[[-80.4239723385539,37.22855966026154],[-80.42394339927678,37.2285786136175],[-80.42404184116683,37.228744381577634]]},"properties":{"id":"E9498","from":"N1221","to":"N1777","length":23.7,"steep":false,"has_stairs":false}},{"type":"Feature","geometry":{"type":"LineString","coordinates":[[-80.42404184116683,37.228744381577634],[-80.42412000297267,37.22886027234199]]},"properties":{"id":"E9498-1","from":"N1777","to":"N1778","length":14.6,"steep":false,"has_stairs":false}},{"type":"Feature","geometry":{"type":"LineString","coordinates":[[-80.42412000297267,37.22886027234199],[-80.4241991806457,37.228993232090545]]},"properties":{"id":"E9498-2","from":"N1778","to":"N1776","length":16.4,"steep":false,"has_stairs":false}},{"type":"Feature","geometry":{"type":"LineString","coordinates":[[-80.42412000297267,37.22886027234199],[-80.42404216924484,37.22891222638658]]},"properties":{"id":"E9499","from":"N1778","to":"N1779","length":9,"steep":false,"has_stairs":false}},{"type":"Feature","geometry":{"type":"LineString","coordinates":[[-80.42385917724691,37.22863667239916],[-80.42404184116683,37.228744381577634]]},"properties":{"id":"E9500","from":"N136","to":"N1777","length":20.1,"steep":false,"has_stairs":false}},{"type":"Feature","geometry":{"type":"LineString","coordinates":[[-80.42202392667357,37.233119831105206],[-80.42201782570511,37.23313591825432],[-80.42165402828563,37.233039580649354],[-80.42164954141329,37.233054695159005],[-80.42188975740626,37.2331172702629],[-80.42188239688208,37.23313435760256],[-80.42160111914018,37.233057907827714],[-80.42158613442649,37.233064731094544],[-80.42158328781021,37.2330718849293]]},"properties":{"id":"E9501","from":"N1780","to":"N1781","length":90.6,"steep":false,"has_stairs":false}},{"type":"Feature","geometry":{"type":"LineString","coordinates":[[-80.42115255317852,37.233503428355114],[-80.42119686370067,37.23351518095669]]},"properties":{"id":"E9502","from":"N1782","to":"N1783","length":4.1,"steep":false,"has_stairs":false}},{"type":"Feature","geometry":{"type":"LineString","coordinates":[[-80.42128930188576,37.23353941080378],[-80.42134221728233,37.23355208591492]]},"properties":{"id":"E9503","from":"N1784","to":"N1785","length":4.9,"steep":false,"has_stairs":false}},{"type":"Feature","geometry":{"type":"LineString","coordinates":[[-80.43752182728934,37.22430396572481],[-80.4374772659224,37.22425906333708],[-80.43730131531342,37.224172490718594],[-80.43716145330525,37.22410742777399],[-80.43708297105394,37.224075036576394]]},"properties":{"id":"E9504","from":"N1152","to":"N1786","length":46.8,"steep":false,"has_stairs":false}},{"type":"Feature","geometry":{"type":"LineString","coordinates":[[-80.43761652386252,37.22372883279465],[-80.43740221027927,37.22379615444679],[-80.43730585814838,37.2238366768208]]},"properties":{"id":"E9505","from":"N1231","to":"N1787","length":30,"steep":false,"has_stairs":false}},{"type":"Feature","geometry":{"type":"LineString","coordinates":[[-80.43843596971335,37.22434140883577],[-80.43834169121055,37.2244101956342]]},"properties":{"id":"E9508","from":"N1788","to":"N1789","length":11.3,"steep":false,"has_stairs":false}}]}